"TrialID","Tag.ID","Unbaited_visits_dur","Unbaited_visits_n","Baited_visits_dur","Baited_visits_n","Search_finds_visits_dur","Search_finds_visits_n","SF_visits_dur","SF_visits_n","Revisit_prod_dur","Revisits_prod_n","Join_visits_dur","Join_visits_n","Join_visits_NL_dur","Join_visits_NL_n","Join_FS_visits_dur","Join_FS_visits_n","Join_FL_visits_dur","Join_FL_visits_n","Join_BS_visits_dur","Join_BS_visits_n","Join_BL_visits_dur","Join_BL_visits_n","Join_latent_visits_dur","Join_latent_visits_n","Baited_visits_n2","Baited_visits_duration2","Join_visits_n2","Join_visits_duration2","Join_revisits_n2","Join_revisits_duration2","SF_visits_n2","SF_visits_duration2","Prim_prd_visits_n","Prim_prd_visits_duration","Secondary_visits_n","Secondary_visits_duration","Dir_scr_visits_n","Dir_scr_visits_duration","Vac_scr_visits_n","Vac_scr_visits_duration","Prim_prd_revisits_n","Prim_prd_revisits_duration","Dir_scr_revisits_n","Dir_scr_revisits_duration","Vac_scr_revisits_n","Vac_scr_revisits_duration","Time_spent_baited_wells","Total_feeds_RFID","Producing_feeds_RFID","Scrounging_feeds_RFID","SF_feeds_RFID","Producing_feeds_RFID2","Scrounging_feeds_RFID2","SF_feeds_RFID2","Activity_visits","Activity_distance","Board_time","Exploration1","Exploration2","Latency","Arrival_order","Trial_indiv_index","Avg_dist_1.2","Avg_dist_1.3","Avg_dist_2.3"
"G1_1","000724EF35",7.85900000000038,3,18.2749999999978,2,18.2749999999978,2,0,0,0,0,0,0,0,0,0,0,0,0,0,0,0,0,0,0,2,18.2749999999978,0,0,0,0,0,0,1,12.3410000000003,1,5.93399999999747,0,0,0,0,0,0,0,0,0,0,18.7169999999969,4,3,0,0,3,0,0,10,180.490580140587,60.6910000000025,5,3,440.450000000001,1,"1",9.43302920369814,NA,NA
"G1_1","000726E250",0,0,0,0,0,0,0,0,0,0,27.875,1,27.875,1,0,0,0,0,27.875,1,0,0,0,0,0,0,1,27.875,0,0,0,0,0,0,0,0,0,0,0,0,0,0,0,0,0,0,0,NA,0,5,0,0,5,0,3,37,51.0260000000017,2,2,452.901999999998,2,"2",9.43302920369814,NA,NA
"G1_2","000724B642",6.10599999999613,2,0,0,0,0,0,0,12.0509999999995,1,0,0,15.8709999999992,1,0,0,0,0,0,0,0,0,0,0,0,0,0,0,0,0,3,210.484000000004,0,0,0,0,0,0,0,0,0,0,0,0,0,0,230.867000000002,49,2,0,0,0,0,45,19,384.671085310086,336.959999999995,6,6,79.9890000000014,5,"1",27.2953683549281,51.7286980569326,74.316014632669
"G1_2","000724D4F3",2.33700000000317,1,0,0,0,0,0,0,0,0,0,0,75.3590000000004,1,75.3590000000004,1,0,0,0,0,0,0,37.5040000000008,1,0,0,0,0,0,0,0,0,0,0,0,0,0,0,0,0,0,0,0,0,0,0,138.370999999999,29,0,0,0,0,0,0,13,245.144404135598,284.073,3,3,63.3950000000004,3,"2",27.2953683549281,59.7253493904123,63.0097455458942
"G1_2","000724DF2A",5.69499999999971,3,0,0,0,0,0,0,0,0,0,0,0,0,0,0,0,0,0,0,0,0,0,0,0,0,0,0,0,0,5,324.292000000005,0,0,0,0,0,0,0,0,0,0,0,0,0,0,373.295000000002,80,0,0,0,0,0,69,45,991.511590193726,499.466000000004,14,13,68.0479999999989,4,"3",29.5276198639295,51.7286980569326,63.0097455458942
"G1_2","000724EF35",7.44799999999668,4,102.203999999998,3,0,0,102.203999999998,3,0,0,99.4940000000024,3,99.4940000000024,3,0,0,9.4330000000009,4,7.45200000000114,1,0,0,0,0,3,102.203999999998,3,99.4940000000024,1,90.9699999999975,3,102.203999999998,0,0,3,102.203999999998,0,0,1,90.9699999999975,0,0,0,0,3,97.8230000000003,209.700999999997,45,21,21,21,21,40,21,31,912.748169867405,246.615999999998,9,4,62.4110000000001,2,NA,NA,NA,NA
"G1_2","000724FD1B",5.21500000000015,2,236.941000000006,7,55.1929999999993,2,181.748000000007,5,334.157999999999,2,5.20400000000154,1,5.20400000000154,1,5.20400000000154,1,1.21199999999953,1,0,0,0,0,0,0,7,236.941000000006,1,5.20400000000154,0,0,5,181.748000000007,2,55.1929999999993,5,181.748000000007,0,0,0,0,8,521.110000000008,0,0,0,0,580.251000000007,124,122,1,39,50,1,39,42,887.319331443239,673.178,8,7,56.3339999999989,1,NA,NA,NA,NA
"G1_2","000726E250",2.23600000000079,1,150.161000000004,2,10.0040000000008,1,140.157000000003,1,0,0,3.23800000000119,1,3.23800000000119,1,0,0,0.993000000002212,1,0,0,0,0,0,0,2,150.161000000004,1,3.23800000000119,0,0,1,140.157000000003,2,150.161000000004,0,0,0,0,0,0,1,11.4479999999967,0,0,0,0,168.957000000006,36,32,0,30,32,0,30,14,707.370758354312,183.497000000007,5,3,180.454000000002,6,NA,NA,NA,NA
"G10_1","000724C16B",3.07399999999325,2,57.6519999999946,2,23.3559999999998,1,34.2959999999948,1,0,0,106.139999999999,2,81.4619999999995,1,81.4619999999995,1,0,0,0,0,0,0,24.6779999999999,1,2,57.6519999999946,2,106.139999999999,0,0,1,34.2959999999948,1,23.3559999999998,1,34.2959999999948,0,0,1,34.2959999999948,0,0,0,0,1,81.4619999999995,165.223999999995,35,12,22,7,12,22,7,9,175.436756145576,172.623999999989,4,3,49.364999999998,3,"1",40.5839195952759,64.0205952319832,41.3018652799098
"G10_1","000724C37F",5.28900000000431,3,170.485000000001,6,0,0,170.485000000001,6,7.56199999999808,1,38.3640000000014,2,0,0,0,0,0,0,0,0,0,0,38.3640000000014,2,6,170.485000000001,2,38.3640000000014,1,24.0950000000012,6,170.485000000001,1,50.2229999999981,5,120.262000000002,0,0,2,54.7019999999975,1,29.7419999999984,0,0,5,81.7440000000061,220.498999999996,47,38,8,36,36,13,36,21,533.539388125927,229.934000000008,5,3,60.3839999999982,6,"2",40.5839195952759,67.6197866354561,50.3213155412819
"G10_1","000724D725",32.6179999999877,9,179.360000000001,6,5.2609999999986,1,174.099000000002,5,41.8370000000068,2,9.77999999999884,1,9.77999999999884,1,9.77999999999884,1,0,0,0,0,0,0,0,0,6,179.360000000001,1,9.77999999999884,0,0,5,174.099000000002,0,0,6,179.360000000001,0,0,1,13.265999999996,0,0,0,0,6,202.670000000013,240.076000000008,51,47,2,37,38,2,37,49,1394.77349663861,319.108,17,3,56.4069999999992,5,"3",38.0202712827091,64.0205952319832,50.3213155412819
"G10_1","000724E4F4",7.68499999999767,2,163.505000000005,4,21.7000000000044,2,141.805,2,0,0,0,0,0,0,0,0,0.972000000001572,1,0,0,0,0,0,0,4,163.505000000005,0,0,0,0,2,141.805,2,87.4409999999989,2,76.0640000000058,0,0,0,0,1,66.9290000000037,0,0,0,0,173.483999999997,37,35,0,30,35,0,30,14,340.530791116312,185.16599999999,6,3,45.614999999998,1,NA,NA,NA,NA
"G10_1","000724FA70",9.47400000000926,6,112.555999999997,3,9.51900000000023,1,103.036999999997,2,0,0,24.6259999999966,2,24.6259999999966,2,19.5749999999971,1,0,0,0,0,0,0,0,0,3,112.555999999997,2,24.6259999999966,0,0,2,103.036999999997,1,71.2999999999956,2,41.2560000000012,1,5.05099999999948,0,0,1,31.737000000001,0,0,0,0,139.312000000005,29,24,5,22,24,5,22,53,1640.95925293699,226.210000000014,13,7,49.6359999999986,4,NA,NA,NA,NA
"G10_1","000724FE72",11.2539999999935,5,7.5460000000021,1,7.5460000000021,1,0,0,0,0,122.839999999982,5,89.5719999999928,3,38.3289999999979,1,0.992000000005646,1,0,0,0,0,33.2679999999891,2,1,7.5460000000021,5,122.839999999982,0,0,0,0,0,0,1,7.5460000000021,1,38.3289999999979,0,0,0,0,1,26.0079999999944,0,0,107.41899999998,23,1,26,0,1,26,0,91,2765.39814905157,307.820999999996,16,5,48.9040000000023,2,NA,NA,NA,NA
"G10_2","000724C16B",0,0,0,0,0,0,0,0,0,0,0,0,0,0,0,0,0,0,0,0,0,0,0,0,0,0,0,0,0,0,0,0,0,0,0,0,0,0,0,0,0,0,0,0,0,0,0,NA,0,0,0,0,0,0,1,0,0.440999999998894,0,0,NA,NA,"1",NA,NA,NA
"G10_2","000724D725",6.27499999999418,3,0,0,0,0,0,0,0,0,0,0,0,0,0,0,0,0,0,0,0,0,0,0,0,0,0,0,0,0,0,0,0,0,0,0,0,0,0,0,0,0,0,0,0,0,6.4829999999929,1,0,0,0,0,0,0,6,106.218378072788,13.2889999999898,4,0,226.391000000003,1,"2",NA,NA,NA
"G10_2","000724FA70",6.35399999999936,2,7.76599999999598,1,7.76599999999598,1,0,0,0,0,0,0,0,0,0,0,0,0,0,0,0,0,0,0,1,7.76599999999598,0,0,0,0,0,0,0,0,1,7.76599999999598,0,0,0,0,0,0,0,0,0,0,13.2869999999966,2,1,0,0,1,0,0,15,549.286051509907,40.7330000000002,5,3,656.417000000001,2,"3",NA,NA,NA
"G10_2","000724FE72",0,0,0,0,0,0,0,0,0,0,0,0,0,0,0,0,0,0,0,0,0,0,0,0,0,0,0,0,0,0,0,0,0,0,0,0,0,0,0,0,0,0,0,0,0,0,4.1990000000078,0,0,0,0,0,0,0,5,55.7041515508494,4.1990000000078,0,0,NA,NA,NA,NA,NA,NA
"G100_1","000724BF5B",1.30299999999988,1,0,0,0,0,0,0,0,0,8.76400000000285,1,8.76400000000285,1,0,0,0,0,0,0,0,0,0,0,0,0,1,8.76400000000285,0,0,0,0,0,0,0,0,0,0,0,0,0,0,0,0,0,0,13.3909999999887,2,0,1,0,0,1,0,10,347.234411887234,36.737999999983,5,3,488.211000000003,2,"1",34.3863073644071,NA,NA
"G100_1","000724C43A",0,0,0,0,0,0,0,0,0,0,0,0,0,0,0,0,0,0,0,0,0,0,0,0,0,0,0,0,0,0,0,0,0,0,0,0,0,0,0,0,0,0,0,0,0,0,4.99699999999575,1,0,0,0,0,0,0,6,154.557705481035,6.44799999999668,1,0,NA,NA,"2",34.3863073644071,NA,NA
"G100_1","000724F43A",0,0,0,0,0,0,0,0,0,0,0,0,0,0,0,0,0.860999999989872,2,0,0,0,0,0,0,0,0,0,0,0,0,0,0,0,0,0,0,0,0,0,0,0,0,0,0,0,0,2.44299999998475,0,0,0,0,0,0,0,7,92.840252584749,5.63699999998789,0,0,NA,NA,"3",NA,NA,NA
"G100_1","000724F703",0,0,0,0,0,0,0,0,0,0,0,0,0,0,0,0,0,0,0,0,0,0,0,0,0,0,0,0,0,0,0,0,0,0,0,0,0,0,0,0,0,0,0,0,0,0,2.46399999999994,0,0,0,0,0,0,0,2,32.2,8.60199999999895,2,1,491.569000000003,3,NA,NA,NA,NA
"G100_1","000724FC74",6.81199999999808,4,109.137999999999,1,0,0,109.137999999999,1,0,0,3.97499999999854,1,3.97499999999854,1,0,0,0,0,0,0,0,0,0,0,1,109.137999999999,1,3.97499999999854,0,0,1,109.137999999999,1,109.137999999999,0,0,0,0,0,0,0,0,0,0,0,0,134.777999999991,28,23,0,23,23,0,23,39,1059.60874886623,169.162999999979,9,1,372.796000000002,1,NA,NA,NA,NA
"G100_2","000724BF5B",10.0979999999981,4,164.900000000001,5,16.4230000000025,2,148.476999999999,3,39.5780000000013,2,182.482999999978,10,81.208999999988,6,20.3129999999946,1,7.28299999999581,2,14.7569999999978,1,3.64800000000105,1,77.7109999999957,3,5,164.900000000001,10,182.482999999978,0,0,3,148.476999999999,1,119.023000000001,4,45.8770000000004,0,0,1,5.12799999999697,3,59.3959999999934,0,0,0,0,226.448999999979,48,43,39,31,35,39,31,84,2000.07567925183,658.288999999939,18,14,34.6979999999967,2,"1",37.9920030901799,33.9032405604381,32.3392013273895
"G100_2","000724C2D6",8.63699999999517,3,59.3999999999942,4,0,0,59.3999999999942,4,14.1130000000048,1,88.1429999999964,13,72.2349999999933,11,19.823000000004,2,17.1630000000005,8,15.7569999999978,2,0,0,4.87900000000081,1,4,59.3999999999942,13,88.1429999999964,0,0,4,59.3999999999942,0,0,4,59.3999999999942,2,13.6310000000012,1,41.0349999999962,0,0,4,40.8990000000049,0,0,228.483999999997,49,15,18,12,12,18,12,138,2825.29916784986,436.559000000001,17,13,61.1419999999998,5,"2",37.9920030901799,36.7802255704795,31.4348337298115
"G100_2","000724C43A",16.7850000000035,7,27.336000000003,3,11.0290000000023,2,16.3070000000007,1,6.34000000000378,1,483.227999999988,12,373.95199999999,10,186.802999999993,1,13.0939999999973,6,153.339999999997,2,1.01200000000244,1,109.275999999998,2,3,27.336000000003,12,483.227999999988,2,11.0290000000023,1,16.3070000000007,0,0,3,27.336000000003,1,186.802999999993,1,16.3070000000007,0,0,0,0,1,85.7739999999976,318.013999999996,68,7,103,3,5,106,3,71,1827.39832551229,656.941000000021,14,7,36.7130000000034,3,"3",35.2997690604844,33.9032405604381,31.4348337298115
"G100_2","000724F43A",14.859000000004,5,100.111999999994,7,27.2119999999923,3,72.9000000000015,4,19.9020000000019,1,39.8539999999994,6,20.929999999993,4,0,0,18.9279999999926,6,9.44499999999971,1,0,0,18.9240000000063,2,7,100.111999999994,6,39.8539999999994,2,21.2809999999954,4,72.9000000000015,3,66.4119999999966,4,33.6999999999971,0,0,1,15.3870000000024,2,16.5409999999974,0,0,0,0,145.25499999999,31,25,8,15,21,13,15,86,2188.9345490757,416.14600000003,25,19,65.2490000000034,6,NA,NA,NA,NA
"G100_2","000724F703",10.0299999999988,3,210.174000000006,8,8.83700000000681,1,201.337,7,82.1230000000069,3,322.027000000009,9,322.027000000009,9,0,0,16.4959999999919,7,120.132000000012,3,2.27399999999761,1,0,0,8,210.174000000006,9,322.027000000009,2,15.2960000000094,7,201.337,1,11.2580000000016,7,198.916000000005,1,5.7190000000046,2,20.5570000000007,3,144.594000000012,2,36.2810000000027,1,9.37599999999657,622.013000000006,133,62,69,43,45,72,43,79,1626.26318067331,734.458000000021,20,13,33.7969999999987,1,NA,NA,NA,NA
"G100_2","000724FC74",10.8900000000067,4,118.477000000014,7,7.89600000000064,1,110.581000000013,6,0,0,169.467999999993,6,120.051999999996,4,7.75,1,4.1680000000124,4,57.6949999999997,2,0,0,49.4159999999974,2,7,118.477000000014,6,169.467999999993,2,48.3210000000036,6,110.581000000013,2,48.3210000000036,5,70.15600000001,1,7.75,1,39.5020000000004,3,23.4350000000049,1,5.05900000000111,2,37.5250000000015,319.589999999989,68,25,36,23,25,46,23,73,1944.0519148984,410.724999999991,16,9,40.1779999999999,4,NA,NA,NA,NA
"G101_1","000724BF5E",15.0329999999994,6,0,0,0,0,0,0,69.6389999999956,3,0,0,135.772999999997,5,42.2910000000011,1,2.36699999999837,2,26.9459999999999,1,0.350999999998749,1,0,0,0,0,0,0,0,0,4,31.5459999999985,0,0,0,0,0,0,0,0,0,0,0,0,0,0,51.5539999999928,11,14,0,0,0,0,6,56,1211.13105003407,321.337999999971,12,4,239.741000000002,6,"1",39.9911362455951,28.1644073139761,35.8197093678169
"G101_1","000724CD88",17.828000000005,5,267.760999999999,11,22.8099999999977,3,244.951000000001,8,0,0,37.398000000001,1,37.398000000001,1,0,0,4.02000000000044,3,0,0,0,0,0,0,11,267.760999999999,1,37.398000000001,0,0,8,244.951000000001,1,108.260999999999,10,159.5,0,0,1,41.1929999999993,1,9.64799999999741,0,0,6,124.986000000004,346.951000000005,74,57,8,52,57,8,52,49,1101.52155366415,407.685000000012,10,7,182.067999999999,4,"2",39.9911362455951,27.2393837590051,33.8429412271252
"G101_1","000724D4F1",6.91999999999825,2,10.0699999999997,1,0,0,10.0699999999997,1,0,0,7.02400000000125,1,7.02400000000125,1,0,0,0,0,0,0,0,0,0,0,1,10.0699999999997,1,7.02400000000125,0,0,1,10.0699999999997,1,10.0699999999997,0,0,0,0,0,0,1,7.02400000000125,0,0,0,0,17.5550000000003,3,2,1,2,2,1,2,26,477.443287377885,153.52099999999,7,5,231.504000000001,5,"3",43.6942767890911,28.1644073139761,33.8429412271252
"G101_1","000724D959",17.3419999999933,6,0,0,0,0,0,0,0,0,0,0,55.4650000000001,5,0,0,5.9910000000018,2,49.4739999999983,3,0,0,9.91700000000128,1,0,0,0,0,0,0,5,141.684999999994,0,0,0,0,0,0,0,0,0,0,0,0,0,0,266.827000000005,57,0,0,0,0,0,30,68,1439.5179446207,529.325999999997,14,8,105.934000000001,3,NA,NA,NA,NA
"G101_1","000724F85F",1.84400000000096,1,0,0,0,0,0,0,28.4229999999989,1,0,0,207.366000000002,6,129.665000000001,4,2.76699999999983,1,0,0,0,0,4.26900000000023,1,0,0,0,0,0,0,4,137.006999999998,0,0,0,0,0,0,0,0,0,0,0,0,0,0,149.766000000003,32,6,0,0,0,0,29,35,826.807480251901,447.975000000013,11,9,98.75,1,NA,NA,NA,NA
"G101_1","000724FA76",11.622000000003,4,13.1319999999978,2,0,0,13.1319999999978,2,182.718999999997,2,300.043000000001,8,275.758000000002,7,0,0,4.09800000000178,2,0,0,0,0,24.2849999999999,1,2,13.1319999999978,8,300.043000000001,1,7.69800000000032,1,5.43399999999747,0,0,2,13.1319999999978,0,0,1,7.69800000000032,0,0,0,0,1,5.43399999999747,252.955999999995,54,42,64,2,2,66,1,32,680.311026220985,360.278000000002,9,4,101.173999999999,2,NA,NA,NA,NA
"G101_2","000724BF5E",15.1399999999958,6,0,0,0,0,0,0,0,0,0,0,4.57900000000154,1,0,0,0,0,0,0,0,0,11.635000000002,1,0,0,0,0,0,0,0,0,0,0,0,0,0,0,0,0,0,0,0,0,0,0,25.2120000000032,5,0,0,0,0,0,0,32,732.230161968281,63.323000000004,9,2,112.483,5,"1",24.8081844604138,32.2501340557024,30.7770653731686
"G101_2","000724CD88",14.1169999999984,6,0,0,0,0,0,0,0,0,0,0,0,0,0,0,0,0,0,0,0,0,0,0,0,0,0,0,0,0,0,0,0,0,0,0,0,0,0,0,0,0,0,0,0,0,7.11499999999796,1,0,0,0,0,0,0,17,521.776697056476,41.6589999999997,5,2,62.25,2,"2",24.8081844604138,23.4102459356993,33.0144251612601
"G101_2","000724D4F1",11.3800000000047,4,0,0,0,0,0,0,0,0,0,0,0,0,0,0,0,0,0,0,0,0,0,0,0,0,0,0,0,0,0,0,0,0,0,0,0,0,0,0,0,0,0,0,0,0,13.0869999999995,2,0,0,0,0,0,0,22,525.871043701061,43.0690000000068,7,1,109.196,4,"3",27.8265568315685,32.2501340557024,33.0144251612601
"G101_2","000724D959",6.28300000000309,3,0,0,0,0,0,0,0,0,0,0,0,0,0,0,0,0,0,0,0,0,0,0,0,0,0,0,0,0,0,0,0,0,0,0,0,0,0,0,0,0,0,0,0,0,31.9069999999992,6,0,0,0,0,0,0,15,463.700249687249,51.7479999999996,6,3,60.9370000000017,1,NA,NA,NA,NA
"G101_2","000724F85F",1.6140000000014,1,0,0,0,0,0,0,0,0,0,0,0,0,0,0,0,0,0,0,1.06200000000172,1,3.11599999999817,1,0,0,0,0,0,0,0,0,0,0,0,0,0,0,0,0,0,0,0,0,0,0,23.8400000000038,5,0,0,0,0,0,0,19,454.382209743043,36.7560000000085,5,2,124.427,6,NA,NA,NA,NA
"G101_2","000724FA76",7.53199999999561,5,5.9419999999991,1,5.9419999999991,1,0,0,0,0,11.4819999999963,3,7.48399999999674,2,5.22999999999956,1,0,0,0,0,0,0,3.99799999999959,1,1,5.9419999999991,3,11.4819999999963,1,5.9419999999991,0,0,0,0,1,5.9419999999991,0,0,0,0,0,0,0,0,0,0,15.0380000000005,3,1,2,0,1,3,0,29,801.479065040999,50.0749999999935,8,2,65.1830000000009,3,NA,NA,NA,NA
"G102_1","000724BF5E",20.6110000000008,6,15.0999999999985,2,9.55999999999767,1,5.54000000000087,1,0,0,84.7329999999965,6,59.6449999999968,4,0,0,2.76600000000326,3,0,0,0,0,25.0879999999997,2,2,15.0999999999985,6,84.7329999999965,0,0,1,5.54000000000087,0,0,2,15.0999999999985,0,0,0,0,0,0,0,0,0,0,53.4249999999774,11,3,18,1,3,18,1,98,2360.85476254985,306.846999999998,16,8,47.8420000000006,4,"1",27.9899965491632,37.3182399118849,44.8074222765941
"G102_1","000724CD88",22.5119999999952,8,31.6089999999931,4,11.5949999999975,2,20.0139999999956,2,0,0,80.4860000000044,3,80.4860000000044,3,57.4670000000006,1,0.53099999999904,1,0,0,0,0,0,0,4,31.6089999999931,3,80.4860000000044,0,0,2,20.0139999999956,0,0,4,31.6089999999931,2,69.3520000000026,0,0,0,0,3,31.1479999999974,0,0,129.590999999986,27,6,17,4,6,17,4,51,1519.38319710777,187.812999999998,15,5,49.6660000000011,6,"2",27.9899965491632,39.4122519905941,44.7653447499028
"G102_1","000724D4F1",14.609000000004,4,58.1860000000052,4,13.3189999999995,1,44.8670000000056,3,0,0,1.60299999999916,1,1.60299999999916,1,0,0,3.30500000000029,2,0,0,0,0,0,0,4,58.1860000000052,1,1.60299999999916,0,0,3,44.8670000000056,2,32.0530000000035,2,26.1330000000016,0,0,1,5.05000000000291,1,21.0829999999987,0,0,0,0,66.2420000000056,14,12,0,9,12,0,9,34,971.704126438838,123.130000000016,12,4,49.5360000000001,5,"3",25.6316544727648,37.3182399118849,44.7653447499028
"G102_1","000724D959",10.7760000000017,5,22.2269999999953,4,22.2269999999953,4,0,0,21.8919999999998,2,23.0580000000009,3,15.4500000000007,2,0,0,3.11699999999837,4,8.17699999999968,1,0,0,7.60800000000017,1,4,22.2269999999953,3,23.0580000000009,0,0,0,0,0,0,4,22.2269999999953,0,0,0,0,0,0,0,0,0,0,66.6199999999917,14,9,4,0,4,4,0,120,2772.01985859408,437.553000000033,19,11,45.726999999999,2,NA,NA,NA,NA
"G102_1","000724F85F",9.94300000000294,5,15.5509999999995,2,5.81999999999971,1,9.73099999999977,1,7.40999999999622,1,209.416999999998,8,177.590999999997,6,53.5599999999977,2,0,0,32.6179999999986,1,0.611000000000786,1,31.8260000000009,2,2,15.5509999999995,8,209.416999999998,0,0,1,9.73099999999977,0,0,2,15.5509999999995,0,0,0,0,0,0,0,0,0,0,28.1399999999994,6,4,45,2,3,45,2,49,1136.26049935944,416.205999999991,9,5,44.5649999999987,1,NA,NA,NA,NA
"G102_1","000724FA76",12.2850000000035,5,130.272000000004,6,12.198000000004,2,118.074000000001,4,0,0,76.0169999999998,4,32.8539999999994,2,0,0,5.1929999999993,4,6.12199999999939,1,2.11300000000119,1,3.89700000000084,1,6,130.272000000004,4,76.0169999999998,0,0,4,118.074000000001,1,17.4830000000002,5,112.789000000004,1,39.2659999999996,1,34.8439999999973,4,98.6010000000024,0,0,1,5.72400000000198,232.985000000001,50,28,16,25,28,16,25,66,1435.68333061549,309.046999999999,17,7,46.9290000000001,3,NA,NA,NA,NA
"G102_2","000724BF5E",0,0,0,0,0,0,0,0,0,0,0,0,0,0,0,0,0,0,0,0,0,0,0,0,0,0,0,0,0,0,0,0,0,0,0,0,0,0,0,0,0,0,0,0,0,0,0,NA,0,0,0,0,0,0,1,0,0.681000000004133,0,0,NA,NA,"1",NA,NA,NA
"G102_2","000724CD88",8.14600000000428,2,0,0,0,0,0,0,0,0,0,0,0,0,0,0,0,0,0,0,0,0,0,0,0,0,0,0,0,0,0,0,0,0,0,0,0,0,0,0,0,0,0,0,0,0,8.6289999999899,1,0,0,0,0,0,0,9,338.285548877795,23.8099999999904,5,1,212.907999999999,1,"2",NA,NA,NA
"G102_2","000724D4F1",0,0,0,0,0,0,0,0,0,0,0,0,0,0,0,0,0,0,0,0,0,0,0,0,0,0,0,0,0,0,0,0,0,0,0,0,0,0,0,0,0,0,0,0,0,0,1.00200000000041,0,0,0,0,0,0,0,2,18.5680505169498,1.43299999999726,0,0,NA,NA,"3",NA,NA,NA
"G102_2","000724D959",8.10899999999674,4,0,0,0,0,0,0,0,0,0,0,0,0,0,0,0,0,0,0,0,0,0,0,0,0,0,0,0,0,0,0,0,0,0,0,0,0,0,0,0,0,0,0,0,0,1.99299999999494,0,0,0,0,0,0,0,7,253.212061881206,15.6659999999902,2,1,646.497000000003,2,NA,NA,NA,NA
"G102_2","000724F85F",0,0,0,0,0,0,0,0,0,0,0,0,0,0,0,0,0,0,0,0,0,0,0,0,0,0,0,0,0,0,0,0,0,0,0,0,0,0,0,0,0,0,0,0,0,0,1.17299999999886,0,0,0,0,0,0,0,1,0,1.17299999999886,0,0,NA,NA,NA,NA,NA,NA
"G102_2","000724FA76",2.97799999999916,1,0,0,0,0,0,0,0,0,0,0,0,0,0,0,0,0,0,0,0,0,0,0,0,0,0,0,0,0,0,0,0,0,0,0,0,0,0,0,0,0,0,0,0,0,0,NA,0,0,0,0,0,0,1,0,2.97799999999916,1,0,NA,NA,NA,NA,NA,NA
"G103_1","000724BF5E",8.54599999999482,3,0,0,0,0,0,0,13.9799999999959,1,0,0,64.5299999999916,3,0,0,2.48599999999715,2,33.0760000000009,1,0,0,58.601999999999,1,0,0,0,0,0,0,0,0,0,0,0,0,0,0,0,0,0,0,0,0,0,0,24.7809999999881,5,3,0,0,0,0,0,64,1791.1869946433,300.910999999978,11,4,46.4119999999966,3,"1",24.6263264507301,23.4585404446801,20.808423265092
"G103_1","000724CD88",13.778999999995,6,41.875,3,11.8249999999971,1,30.0500000000029,2,10.7520000000004,1,77.6370000000024,6,74.8990000000049,5,6.69499999999971,1,0.461999999999534,1,10.7520000000004,1,0.802999999999884,1,2.73799999999756,1,3,41.875,6,77.6370000000024,0,0,2,30.0500000000029,2,34.4919999999984,1,7.38300000000163,0,0,0,0,4,100.465999999993,0,0,0,0,195.655000000013,42,11,16,6,9,16,6,48,1236.19845548078,229.597000000045,14,3,42.7850000000035,2,"2",24.6263264507301,21.7105038647376,40.1240369060395
"G103_1","000724D4F1",3.5769999999975,2,24.4529999999941,3,14.2439999999988,2,10.2089999999953,1,0,0,40.2430000000022,4,33.2190000000046,3,0,0,3.05799999999726,3,22.8150000000023,2,0,0,7.02399999999761,1,3,24.4529999999941,4,40.2430000000022,0,0,1,10.2089999999953,1,10.2089999999953,2,14.2439999999988,0,0,1,9.14400000000023,0,0,0,0,4,45.6499999999942,97.3089999999866,20,5,8,2,5,8,2,32,945.926741777494,107.040999999976,5,4,46.7719999999972,4,"3",18.4080317807742,23.4585404446801,40.1240369060395
"G103_1","000724D959",2.83599999999569,1,0,0,0,0,0,0,172.599999999999,5,0,0,42.7320000000036,2,19.859000000004,1,3.10600000000704,3,0,0,0,0,112.650999999991,4,0,0,0,0,0,0,1,7.18699999999808,0,0,0,0,0,0,0,0,0,0,0,0,0,0,60.5520000000106,13,37,0,0,0,0,1,67,1429.25405346574,460.618999999977,11,9,51.3419999999969,6,NA,NA,NA,NA
"G103_1","000724F85F",10.2909999999974,3,0,0,0,0,0,0,0,0,0,0,79.3650000000052,4,11.2050000000017,1,1.25400000000081,2,0,0,0,0,9.10099999999511,1,0,0,0,0,0,0,3,36.7960000000021,0,0,0,0,0,0,0,0,0,0,0,0,0,0,48.3069999999861,10,0,0,0,0,0,7,50,992.984153465286,375.374999999985,10,5,47.0930000000008,5,NA,NA,NA,NA
"G103_1","000724FA76",7.64700000000448,4,104.153999999988,12,13.3789999999935,2,90.7749999999942,10,32.9539999999979,1,55.6180000000022,6,28.5270000000019,4,0,0,20.0249999999942,10,0,0,0,0,27.0910000000003,2,12,104.153999999988,6,55.6180000000022,1,8.29899999999907,10,90.7749999999942,1,15.8569999999963,11,88.2969999999914,0,0,2,16.836000000003,5,80.4229999999952,0,0,6,53.7949999999983,272.533000000003,58,29,11,19,22,13,19,100,2582.56157037748,322.450000000012,12,9,41.1820000000007,1,NA,NA,NA,NA
"G103_2","000724BF5E",2.25600000000122,1,0,0,0,0,0,0,0,0,0,0,0,0,0,0,0,0,0,0,0,0,0,0,0,0,0,0,0,0,0,0,0,0,0,0,0,0,0,0,0,0,0,0,0,0,0,NA,0,0,0,0,0,0,2,32.0822770388886,5.80299999999988,2,0,NA,NA,"1",32.2,18.5,37.1361010338996
"G103_2","000724CD88",8.31600000000617,4,0,0,0,0,0,0,0,0,0,0,0,0,0,0,0,0,0,0,0,0,0,0,0,0,0,0,0,0,0,0,0,0,0,0,0,0,0,0,0,0,0,0,0,0,0,NA,0,0,0,0,0,0,16,453.405570491707,23.5610000000233,4,0,NA,NA,"2",32.2,18.5,34.6680505169498
"G103_2","000724D4F1",1.62199999999575,1,0,0,0,0,0,0,0,0,0,0,0,0,0,0,0,0,0,0,0,0,0,0,0,0,0,0,0,0,0,0,0,0,0,0,0,0,0,0,0,0,0,0,0,0,0,NA,0,0,0,0,0,0,4,37,3.56699999999546,0,0,NA,NA,"3",32.2,18.5,34.6680505169498
"G103_2","000724D959",3.97200000000157,2,0,0,0,0,0,0,0,0,0,0,0,0,0,0,0,0,0,0,0,0,0,0,0,0,0,0,0,0,0,0,0,0,0,0,0,0,0,0,0,0,0,0,0,0,5.94599999999627,1,0,0,0,0,0,0,5,122.425755997985,9.91799999999785,2,0,NA,NA,NA,NA,NA,NA
"G103_2","000724F85F",3.42800000000716,1,0,0,0,0,0,0,0,0,0,0,0,0,0,0,0,0,0,0,0,0,0,0,0,0,0,0,0,0,0,0,0,0,0,0,0,0,0,0,0,0,0,0,0,0,0.44999999999709,0,0,0,0,0,0,0,3,129.5,4.41000000000349,1,0,NA,NA,NA,NA,NA,NA
"G103_2","000724FA76",9.33899999999994,3,0,0,0,0,0,0,0,0,0,0,0,0,0,0,0,0,0,0,0,0,0,0,0,0,0,0,0,0,0,0,0,0,0,0,0,0,0,0,0,0,0,0,0,0,3.04799999999523,0,0,0,0,0,0,0,5,171.26181542286,17.7769999999946,4,1,47.7509999999966,1,NA,NA,NA,NA
"G104_1","000724BF5E",8.95899999999529,4,0,0,0,0,0,0,28.7400000000052,3,0,0,38.8870000000024,7,8.09799999999814,1,19.9380000000019,9,18,2,3.75800000000163,1,46.4310000000041,4,0,0,0,0,0,0,4,34.2929999999978,0,0,0,0,0,0,0,0,0,0,0,0,0,0,142.113000000019,30,6,0,0,0,0,7,78,2059.49104234511,351.24500000001,13,8,33.5550000000003,4,"1",27.7987281502266,44.825695002732,43.7990219897744
"G104_1","000724CD88",0,0,19.9669999999969,2,11.0879999999961,1,8.87900000000081,1,95.4510000000009,2,64.612000000001,3,64.612000000001,3,50.0450000000055,2,0.892999999996391,2,0,0,0,0,0,0,2,19.9669999999969,3,64.612000000001,0,0,1,8.87900000000081,1,11.0879999999961,1,8.87900000000081,0,0,0,0,0,0,0,0,0,0,259.61399999998,55,24,13,1,4,13,1,31,962.008065020354,269.539999999986,5,3,32.7220000000016,3,"2",27.7987281502266,40.2050426576207,51.8760898357979
"G104_1","000724D4F1",7.13800000000629,3,22.2419999999984,1,22.2419999999984,1,0,0,0,0,55.1800000000076,2,0,0,0,0,5.13299999999435,2,0,0,0,0,55.1800000000076,2,1,22.2419999999984,2,55.1800000000076,1,22.2419999999984,0,0,1,22.2419999999984,0,0,0,0,0,0,0,0,0,0,0,0,86.8250000000044,18,4,11,0,4,16,0,21,515.462766474163,114.618000000002,9,5,38.9089999999997,6,"3",19.7435141099337,44.825695002732,51.8760898357979
"G104_1","000724D959",12.6840000000157,4,0,0,0,0,0,0,30.9049999999988,2,0,0,136.099000000002,4,10.5049999999974,1,4.44800000001123,5,11.5270000000019,1,0,0,35.2299999999959,4,0,0,0,0,0,0,3,33.6080000000002,0,0,0,0,0,0,0,0,0,0,0,0,0,0,111.762000000002,24,6,0,0,0,0,7,73,1647.07467858177,552.518000000004,14,7,33.8249999999971,5,NA,NA,NA,NA
"G104_1","000724F85F",7.4800000000032,3,0,0,0,0,0,0,0,0,0,0,136.553000000007,5,100.165000000001,1,6.3179999999993,4,0,0,0,0,46.8039999999964,2,0,0,0,0,0,0,1,8.70000000000437,0,0,0,0,0,0,0,0,0,0,0,0,0,0,105.532000000014,22,0,0,0,0,0,1,41,1099.68716377813,455.987000000016,9,5,31.637999999999,1,NA,NA,NA,NA
"G104_1","000724FA76",17.211000000003,8,215.580999999991,11,5.78399999999965,1,209.796999999991,10,100.036999999997,2,36.8400000000038,3,36.8400000000038,3,0,0,1.48300000000745,3,0,0,0,0,0,0,11,215.580999999991,3,36.8400000000038,0,0,10,209.796999999991,1,32.7069999999949,10,182.873999999996,1,12.3399999999965,1,58.0769999999975,0,0,6,192.75,1,5.05199999999604,404.402999999998,86,67,7,45,46,7,45,81,2154.26559958361,489.535000000011,16,9,32.1900000000023,2,NA,NA,NA,NA
"G104_2","000724BF5E",0,0,0,0,0,0,0,0,0,0,0,0,0,0,0,0,0,0,0,0,0,0,0,0,0,0,0,0,0,0,0,0,0,0,0,0,0,0,0,0,0,0,0,0,0,0,3.5,0,0,0,0,0,0,0,1,0,3.5,1,0,NA,NA,"1",NA,NA,NA
"G104_2","000724CD88",0,0,0,0,0,0,0,0,0,0,0,0,0,0,0,0,0,0,0,0,0,0,0,0,0,0,0,0,0,0,0,0,0,0,0,0,0,0,0,0,0,0,0,0,0,0,0.953000000001339,0,0,0,0,0,0,0,3,74.2722020677992,1.38300000000163,0,0,NA,NA,"2",NA,NA,NA
"G104_2","000724D4F1",0,0,0,0,0,0,0,0,0,0,0,0,0,0,0,0,0,0,0,0,0,0,0,0,0,0,0,0,0,0,0,0,0,0,0,0,0,0,0,0,0,0,0,0,0,0,0,NA,0,0,0,0,0,0,2,18.5680505169498,0.7129999999961,0,0,NA,NA,"3",NA,NA,NA
"G104_2","000724D959",1.30600000000413,1,0,0,0,0,0,0,0,0,0,0,0,0,0,0,0,0,0,0,0,0,0,0,0,0,0,0,0,0,0,0,0,0,0,0,0,0,0,0,0,0,0,0,0,0,0,NA,0,0,0,0,0,0,1,0,1.30600000000413,0,0,NA,NA,NA,NA,NA,NA
"G104_2","000724FA76",0,0,0,0,0,0,0,0,0,0,0,0,0,0,0,0,0,0,0,0,0,0,0,0,0,0,0,0,0,0,0,0,0,0,0,0,0,0,0,0,0,0,0,0,0,0,2.18499999999767,0,0,0,0,0,0,0,2,64.4,2.18499999999767,0,0,NA,NA,NA,NA,NA,NA
"G105_1","000724BF5E",9.67199999999866,4,33.1279999999897,4,24.3979999999938,3,8.72999999999593,1,31.7730000000083,3,92.4550000000017,5,85.0590000000084,4,57.323000000004,2,3.90899999999237,3,9.91300000000047,1,0,0,7.39599999999336,1,4,33.1279999999897,5,92.4550000000017,1,8.72999999999593,1,8.72999999999593,0,0,4,33.1279999999897,0,0,0,0,0,0,0,0,0,0,85.1499999999796,18,13,19,1,7,21,1,60,1612.80022374325,249.200999999972,16,9,38.375,4,"1",34.1176571511386,29.337726026556,28.6580669279615
"G105_1","000724CD88",6.25600000000122,2,97.9270000000033,2,0,0,97.9270000000033,2,6.91600000000471,1,198.724000000002,5,198.724000000002,5,123.405000000006,2,0,0,0,0,0,0,0,0,2,97.9270000000033,5,198.724000000002,1,17.4680000000008,2,97.9270000000033,1,80.4590000000026,1,17.4680000000008,1,28.3039999999964,0,0,1,17.4680000000008,0,0,0,0,312.860000000022,67,22,42,21,21,46,21,29,692.029674358599,338.858000000044,10,4,40.4289999999964,5,"2",34.1176571511386,26.4636539179889,35.0245406524759
"G105_1","000724D4F1",6.32599999999366,3,53.9129999999932,2,0,0,53.9129999999932,2,7.09599999999773,1,56.4000000000015,6,51.7479999999996,5,0,0,11.0649999999951,4,14.6660000000047,2,0,0,4.65200000000186,1,2,53.9129999999932,6,56.4000000000015,0,0,2,53.9129999999932,1,33.4989999999962,1,20.413999999997,0,0,0,0,3,57.1739999999918,0,0,0,0,130.690999999992,28,13,12,11,11,12,11,41,968.281989586543,159.674999999981,6,3,28.3689999999988,2,"3",36.2532368602385,29.337726026556,35.0245406524759
"G105_1","000724D959",10.1839999999938,5,99.8609999999899,7,31.3799999999974,3,68.4809999999925,4,6.28399999999965,1,122.568999999989,6,107.941999999988,5,0,0,17.1840000000084,8,38.3609999999971,1,0,0,14.6270000000004,1,7,99.8609999999899,6,122.568999999989,0,0,4,68.4809999999925,2,57.5659999999916,5,42.2949999999983,1,20.288999999997,0,0,6,86.5529999999926,0,0,0,0,234.231999999975,50,22,26,14,21,26,14,78,1724.97351874672,412.250999999982,14,10,30.023000000001,3,NA,NA,NA,NA
"G105_1","000724F85F",15.5169999999998,5,32.5710000000108,4,14.070000000007,1,18.5010000000038,3,22.9599999999991,1,169.564999999988,9,142.723999999987,8,87.4799999999959,3,5.38199999999779,2,30.6209999999992,2,0,0,26.8410000000003,1,4,32.5710000000108,9,169.564999999988,0,0,3,18.5010000000038,1,14.070000000007,3,18.5010000000038,1,7.00399999999354,0,0,0,0,2,13.3009999999995,0,0,133.829000000005,28,11,36,3,7,36,3,48,1105.59662973062,357.960999999988,12,7,26.6940000000031,1,NA,NA,NA,NA
"G105_1","000724FA76",10.987000000001,3,434.031000000003,6,18.419000000009,2,415.611999999994,4,0,0,49.4140000000116,5,49.4140000000116,5,0,0,11.9979999999923,5,26.544000000009,2,0,0,0,0,6,434.031000000003,5,49.4140000000116,0,0,4,415.611999999994,1,29.4239999999991,5,404.607000000004,1,17.1850000000049,1,9.51500000000669,3,38.8950000000041,3,386.187999999995,0,0,516.304000000026,110,93,10,89,93,10,89,45,1260.6385799351,559.619000000028,12,6,41.5729999999967,6,NA,NA,NA,NA
"G105_2","000724D959",0,0,0,0,0,0,0,0,0,0,0,0,0,0,0,0,0,0,0,0,0,0,0,0,0,0,0,0,0,0,0,0,0,0,0,0,0,0,0,0,0,0,0,0,0,0,2.17500000000291,0,0,0,0,0,0,0,1,0,2.17500000000291,1,0,NA,NA,"1",NA,NA,NA
"G105_2","000724FA76",0,0,0,0,0,0,0,0,0,0,0,0,0,0,0,0,0,0,0,0,0,0,0,0,0,0,0,0,0,0,0,0,0,0,0,0,0,0,0,0,0,0,0,0,0,0,0.781000000002678,0,0,0,0,0,0,0,2,18.5,0.781000000002678,0,0,NA,NA,"2",NA,NA,NA
"G106_1","000724BF5E",12.5110000000059,6,0,0,0,0,0,0,34.6940000000031,2,0,0,74.9550000000236,7,5.47100000000501,1,9.35399999999936,10,15.8890000000101,2,2.69400000000314,1,3.09700000000157,1,0,0,0,0,0,0,2,59.3660000000018,0,0,0,0,0,0,0,0,0,0,0,0,0,0,105.925000000003,22,7,0,0,0,0,12,85,2036.257146856,342.064000000028,16,9,54.0440000000017,5,"1",31.7910434206572,27.6303185760233,33.2226194068774
"G106_1","000724CD88",3.87600000000384,1,57.586000000003,2,50.1500000000015,1,7.43600000000151,1,0,0,137.587000000007,5,137.587000000007,5,0,0,4.77399999999761,2,63.9950000000026,2,0,0,0,0,2,57.586000000003,5,137.587000000007,0,0,1,7.43600000000151,1,50.1500000000015,1,7.43600000000151,1,11.5760000000009,0,0,0,0,0,0,0,0,207.326999999997,44,12,29,1,12,29,1,28,862.528575910684,233.386000000006,9,7,55.9159999999974,6,"2",31.7910434206572,27.1193874946311,35.4558664711782
"G106_1","000724D4F1",8.27100000000064,4,97.5750000000044,5,61.3349999999991,3,36.2400000000052,2,0,0,23.7519999999931,4,16.051999999996,2,0,0,9.93299999998999,4,0,0,0,0,5.0570000000007,1,5,97.5750000000044,4,23.7519999999931,0,0,2,36.2400000000052,4,81.1889999999985,1,16.3860000000059,1,11.4449999999997,0,0,1,16.3860000000059,1,5.0570000000007,0,0,138.724999999991,29,20,5,7,20,5,7,34,796.812245305403,172.239000000001,10,6,48.9660000000003,4,"3",32.8074043864364,27.6303185760233,35.4558664711782
"G106_1","000724D959",15.0020000000004,6,0,0,0,0,0,0,105.054999999993,2,0,0,126.43299999999,4,0,0,1.23199999999633,2,20.752999999997,2,0,0,155.973999999995,2,0,0,0,0,0,0,1,5.33699999999953,0,0,0,0,0,0,0,0,0,0,0,0,0,0,192.028999999966,41,22,0,0,0,0,1,52,1250.48381108953,581.021999999961,14,6,47.1129999999976,2,NA,NA,NA,NA
"G106_1","000724F85F",0,0,0,0,0,0,0,0,68.9619999999995,2,0,0,182.216000000008,7,68.3820000000051,2,4.92599999999948,1,32.0670000000027,1,0,0,98.1849999999977,4,0,0,0,0,0,0,7,164.978999999985,0,0,0,0,0,0,0,0,0,0,0,0,0,0,375.900000000001,80,14,0,0,0,0,35,49,1033.24058472806,533.795000000013,9,8,47.4939999999988,3,NA,NA,NA,NA
"G106_1","000724FA76",27.0350000000108,8,192.505000000019,16,27.7610000000059,3,164.744000000013,13,40.7740000000049,3,109.455000000002,10,74.6250000000073,6,0,0,2.76599999999598,3,29.5360000000073,2,0,0,34.8299999999945,4,16,192.505000000019,10,109.455000000002,1,15.9700000000012,13,164.744000000013,1,13.1560000000027,15,179.349000000017,1,6.02100000000064,3,36.4360000000015,0,0,4,65.8760000000111,9,105.706000000013,392.991999999998,84,50,23,35,41,26,35,100,2349.79131928758,499.208999999995,17,9,43.7169999999969,1,NA,NA,NA,NA
"G106_2","000724D959",1.74200000000565,1,0,0,0,0,0,0,0,0,0,0,0,0,0,0,0,0,0,0,0,0,0,0,0,0,0,0,0,0,0,0,0,0,0,0,0,0,0,0,0,0,0,0,0,0,0,NA,0,0,0,0,0,0,2,18.5680505169498,2.60200000000623,0,0,NA,NA,"1",NA,NA,NA
"G107_1","000724BF5E",17.7209999999977,5,0,0,0,0,0,0,12.7069999999949,2,0,0,64.8139999999985,5,50.5919999999969,1,14.8229999999967,6,0,0,0,0,36.0020000000004,1,0,0,0,0,0,0,5,95.5110000000132,0,0,0,0,0,0,0,0,0,0,0,0,0,0,197.492999999988,42,2,0,0,0,0,20,56,1545.00572287111,333.208999999959,18,10,99.2770000000019,6,"1",75.2003049993281,40.835502360996,27.4623554030884
"G107_1","000724CD88",0,0,69.5290000000023,2,0,0,69.5290000000023,2,80.3000000000029,1,123.089,4,119.764000000003,3,0,0,0,0,87.3340000000026,2,0,0,3.32499999999709,1,2,69.5290000000023,4,123.089,0,0,2,69.5290000000023,1,64.0910000000003,1,5.43800000000192,0,0,0,0,4,125.202000000005,0,0,0,0,205.037000000011,44,32,26,14,14,26,14,23,587.841671525607,233.917000000009,6,2,73,3,"2",75.2003049993281,40.6948309755388,36.5182114695612
"G107_1","000724D4F1",12.512999999999,5,40.4069999999992,3,16.3090000000011,1,24.0979999999981,2,18.8020000000033,1,27.1970000000074,2,27.1970000000074,2,0,0,0.781999999999243,1,0,0,0,0,0,0,3,40.4069999999992,2,27.1970000000074,0,0,2,24.0979999999981,1,16.3090000000011,2,24.0979999999981,1,8.39500000000407,1,13.5350000000035,1,10.5629999999946,0,0,2,27.7379999999976,83.1240000000107,17,12,5,5,8,5,5,33,872.288654423935,107.149000000005,7,3,73.0899999999965,4,"3",55.9274124163504,40.835502360996,36.5182114695612
"G107_1","000724D959",17.7320000000109,7,0,0,0,0,0,0,307.611999999979,9,0,0,125.343999999997,5,9.11699999999837,1,1.80299999999988,1,113.221999999994,3,0,0,0,0,0,0,0,0,0,0,2,14.4780000000028,0,0,0,0,0,0,0,0,0,0,0,0,0,0,154.037000000004,33,66,0,0,0,0,3,48,1108.27804689767,439.557000000001,13,6,66.9859999999971,1,NA,NA,NA,NA
"G107_1","000724F85F",2.27500000000146,1,0,0,0,0,0,0,5.05799999999726,1,0,0,23.823000000004,3,6.76400000000285,1,3.22600000000239,3,0,0,0,0,15.6070000000036,1,0,0,0,0,0,0,8,95.6560000000027,0,0,0,0,0,0,0,0,0,0,0,0,0,0,175.61500000002,37,1,0,0,0,0,20,55,916.388431422057,380.236000000034,7,6,72.9300000000003,2,NA,NA,NA,NA
"G107_1","000724FA76",12.0610000000088,5,108.321999999993,11,16.3499999999985,2,91.9719999999943,9,24.2450000000026,1,124.411999999997,7,60.5379999999932,4,6.43299999999726,1,1.44400000000314,2,9.89600000000064,1,0.593000000000757,1,63.8740000000034,3,11,108.321999999993,7,124.411999999997,0,0,9,91.9719999999943,1,10.3580000000002,10,97.9639999999927,0,0,2,24.3639999999941,2,18.9739999999947,0,0,8,114.908000000003,293.366999999991,63,28,26,19,23,26,19,94,2334.53974846318,447.485000000037,18,13,88.9080000000031,5,NA,NA,NA,NA
"G107_2","000724BF5E",0,0,0,0,0,0,0,0,0,0,0,0,0,0,0,0,0,0,0,0,0,0,0,0,0,0,0,0,0,0,0,0,0,0,0,0,0,0,0,0,0,0,0,0,0,0,0.940999999998894,0,0,0,0,0,0,0,1,0,0.940999999998894,0,0,NA,NA,"1",NA,NA,NA
"G107_2","000724D959",3.96700000000419,1,0,0,0,0,0,0,0,0,0,0,0,0,0,0,0,0,0,0,0,0,0,0,0,0,0,0,0,0,0,0,0,0,0,0,0,0,0,0,0,0,0,0,0,0,0,NA,0,0,0,0,0,0,2,18.5680505169498,4.39900000000489,1,0,NA,NA,"2",NA,NA,18.5680505169498
"G107_2","000724FA76",0,0,0,0,0,0,0,0,0,0,0,0,0,0,0,0,0,0,0,0,0,0,0,0,0,0,0,0,0,0,0,0,0,0,0,0,0,0,0,0,0,0,0,0,0,0,4.38800000000629,0,0,0,0,0,0,0,5,166.549696287252,13.4180000000051,2,1,52.5040000000008,1,"3",NA,NA,18.5680505169498
"G108_1","000724BF5E",7.38799999999173,4,0,0,0,0,0,0,0,0,0,0,15.9520000000048,2,13.3689999999988,1,3.54599999999482,5,0,0,0,0,3.61499999999796,1,0,0,0,0,0,0,3,76.1180000000022,0,0,0,0,0,0,0,0,0,0,0,0,0,0,131.272000000019,28,0,0,0,0,0,16,66,1952.29025212115,199.092000000004,14,5,46.1200000000026,4,"1",54.0176736833156,44.1199479491144,28.2184520429179
"G108_1","000724CD88",2.01299999999901,1,59.2879999999932,3,19.2999999999956,1,39.9879999999976,2,0,0,190.758999999998,5,82.1049999999959,4,26.4250000000029,2,0.709999999999127,1,0,0,0,0,108.654000000002,1,3,59.2879999999932,5,190.758999999998,1,34.9380000000019,2,39.9879999999976,1,19.2999999999956,2,39.9879999999976,2,116.819000000003,0,0,1,5.04999999999563,4,157.504000000001,0,0,306.674999999996,65,12,41,8,12,48,8,25,599.325522807749,328.788000000015,6,3,49.1560000000027,5,"2",54.0176736833156,46.3710429479266,31.6563523651733
"G108_1","000724D4F1",8.56300000000192,3,23.0879999999961,2,14.7129999999961,1,8.375,1,0,0,48.3840000000055,4,16.9429999999993,3,0,0,2.68500000000495,3,0,0,0,0,31.4410000000062,1,2,23.0879999999961,4,48.3840000000055,0,0,1,8.375,1,14.7129999999961,1,8.375,1,31.4410000000062,0,0,2,14.7580000000016,1,8.375,0,0,89.0169999999998,19,4,10,1,4,10,1,58,1642.87338573826,161.508000000002,8,4,41.851999999999,1,"3",44.3089608584031,44.1199479491144,31.6563523651733
"G108_1","000724D959",5.55199999999604,4,0,0,0,0,0,0,55.4709999999977,2,0,0,124.082000000002,2,0,0,3.55500000000029,2,0,0,0,0,5.63000000000466,1,0,0,0,0,0,0,5,126.016999999993,0,0,0,0,0,0,0,0,0,0,0,0,0,0,295.369000000006,63,11,0,0,0,0,27,38,1043.5561394252,373.678999999996,10,9,44.2869999999966,3,NA,NA,NA,NA
"G108_1","000724F85F",7.14000000001397,3,0,0,0,0,0,0,35.9230000000025,1,0,0,78.3040000000037,6,52.1630000000077,2,0,0,0,0,0,0,27.768999999993,3,0,0,0,0,0,0,2,23.0510000000068,0,0,0,0,0,0,0,0,0,0,0,0,0,0,155.593000000052,33,7,0,0,0,0,4,78,1452.07030178984,359.290000000088,11,6,44.0069999999978,2,NA,NA,NA,NA
"G108_1","000724FA76",25.9049999999916,10,87.4569999999949,10,0,0,87.4569999999949,10,0,0,35.625,6,26.5350000000035,4,0,0,7.99300000000221,2,0,0,0,0,9.08999999999651,2,10,87.4569999999949,6,35.625,0,0,10,87.4569999999949,1,13.8430000000008,9,73.6139999999941,1,5.67199999999866,1,5.93899999999849,3,28.6010000000024,5,45.176999999996,1,5.05799999999726,173.146999999975,37,18,7,18,18,7,18,120,3168.69731574287,347.806999999986,18,7,83.1039999999994,6,NA,NA,NA,NA
"G108_2","000724BF5E",6.27699999999459,2,0,0,0,0,0,0,0,0,0,0,0,0,0,0,0,0,0,0,0,0,0,0,0,0,0,0,0,0,0,0,0,0,0,0,0,0,0,0,0,0,0,0,0,0,3.65700000000652,0,0,0,0,0,0,0,4,82.7326045947271,9.93400000000111,1,0,NA,NA,"1",NA,NA,NA
"G108_2","000724D959",0,0,0,0,0,0,0,0,0,0,0,0,0,0,0,0,0,0,0,0,0,0,0,0,0,0,0,0,0,0,0,0,0,0,0,0,0,0,0,0,0,0,0,0,0,0,2.09999999999854,0,0,0,0,0,0,0,2,92.5,2.09999999999854,0,0,NA,NA,"2",NA,NA,NA
"G109_1","000724BF5E",18.8450000000012,10,0,0,0,0,0,0,0,0,0,0,0,0,0,0,0.951999999997497,2,0,0,1.76299999999901,1,0,0,0,0,0,0,0,0,0,0,0,0,0,0,0,0,0,0,0,0,0,0,0,0,35.7219999999725,7,0,0,0,0,0,0,54,1880.34034624682,69.2199999999793,8,0,42.8810000000012,4,"1",42.9601268577324,49.4121983918518,24.1104372998755
"G109_1","000724CD88",2.8240000000078,2,0,0,0,0,0,0,0,0,140.811999999998,2,110.853999999999,1,110.853999999999,1,0,0,0,0,0,0,29.9579999999987,1,0,0,2,140.811999999998,0,0,0,0,0,0,0,0,0,0,0,0,0,0,0,0,0,0,152.672999999995,32,0,30,0,0,30,0,18,401.301310223354,165.764000000025,5,1,44.8130000000019,5,"2",42.9601268577324,43.4317990188137,50.7624207612978
"G109_1","000724D4F1",7.76299999999901,4,101.623,7,7.7039999999979,1,93.9190000000017,6,0,0,37.8790000000154,3,15.3830000000089,2,0,0,3.96700000000419,3,0,0,0,0,22.4960000000065,1,7,101.623,3,37.8790000000154,0,0,6,93.9190000000017,2,58.2490000000034,5,43.3739999999962,0,0,1,9.56399999999849,6,67.9930000000095,0,0,0,0,180.000000000029,38,21,8,20,21,8,20,85,2281.78220717654,233.887000000002,11,4,37.7030000000013,1,"3",48.6608311261547,49.4121983918518,50.7624207612978
"G109_1","000724D959",17.3190000000031,6,10.6879999999946,2,10.6879999999946,2,0,0,43.1459999999934,2,151.592999999993,4,151.592999999993,4,40.6289999999935,2,2.54400000000169,1,85.0109999999986,1,0,0,0,0,2,10.6879999999946,4,151.592999999993,0,0,0,0,0,0,2,10.6879999999946,2,31.038999999997,0,0,0,0,4,143.822999999989,0,0,204.138999999996,43,11,32,0,2,32,0,53,1593.87722273986,300.506999999998,17,9,40.6860000000015,2,NA,NA,NA,NA
"G109_1","000724F85F",7.21200000000681,4,77.1269999999931,4,0,0,77.1269999999931,4,13.7030000000013,1,35.4260000000068,7,32.5410000000047,6,15.5469999999987,2,0,0,0,0,0,0,2.88500000000204,1,4,77.1269999999931,7,35.4260000000068,0,0,4,77.1269999999931,1,47.4219999999987,3,29.7049999999945,1,7.53500000000349,0,0,3,36.6559999999954,1,7.77199999999721,0,0,175.668000000005,37,19,7,16,16,7,16,55,1240.2147161258,190.653000000013,8,4,41.4669999999969,3,NA,NA,NA,NA
"G109_1","000724FA76",15.0240000000049,6,35.8239999999932,4,5.03899999999703,1,30.7849999999962,3,0,0,40.8609999999899,4,31.4289999999892,3,0,0,4.58699999999953,1,22.1749999999956,1,0,0,9.4320000000007,1,4,35.8239999999932,4,40.8609999999899,1,13.8639999999941,3,30.7849999999962,0,0,4,35.8239999999932,0,0,2,22.400999999998,0,0,0,0,2,30.5589999999938,126.624999999978,27,7,8,6,7,11,6,82,2376.49172765698,191.940999999963,17,5,76.8640000000014,6,NA,NA,NA,NA
"G109_2","000724BF5E",10.5690000000031,6,29.8870000000024,3,6.7300000000032,1,23.1569999999992,2,0,0,41.4539999999906,6,14.9029999999984,3,5.98999999999796,1,2.84500000000116,3,0,0,0,0,26.5509999999922,3,3,29.8870000000024,6,41.4539999999906,1,17.2989999999991,2,23.1569999999992,0,0,3,29.8870000000024,2,25.0689999999959,0,0,0,0,2,23.1569999999992,0,0,90.6280000000115,19,6,8,4,6,12,4,63,1998.83561612924,135.728999999999,10,4,73.5760000000009,3,"1",36.8593340037788,NA,NA
"G109_2","000724CD88",3.69600000000355,2,76.9110000000073,4,5.96199999999953,1,70.9490000000078,3,16.5089999999982,1,113.514999999999,2,113.514999999999,2,113.514999999999,2,0,0,0,0,0,0,0,0,4,76.9110000000073,2,113.514999999999,0,0,3,70.9490000000078,0,0,4,76.9110000000073,2,113.514999999999,0,0,0,0,4,87.458000000006,0,0,219.203000000009,47,20,24,15,16,24,15,17,337.14736044512,222.899000000012,4,3,252.898000000001,4,"2",36.8593340037788,NA,NA
"G109_2","000724D4F1",1.5850000000064,1,0,0,0,0,0,0,0,0,0,0,0,0,0,0,0,0,0,0,0,0,0,0,0,0,0,0,0,0,0,0,0,0,0,0,0,0,0,0,0,0,0,0,0,0,0.44999999999709,0,0,0,0,0,0,0,2,32.0822770388886,2.03500000000349,0,0,NA,NA,"3",NA,NA,NA
"G109_2","000724D959",3.75699999999051,2,106.732000000004,7,0,0,106.732000000004,7,30.6600000000035,2,56.5900000000038,8,48.2260000000024,7,11.6359999999986,1,14.3539999999921,7,6.40899999999965,1,0,0,8.3640000000014,1,7,106.732000000004,8,56.5900000000038,2,10.4770000000062,6,101.603999999999,2,65.9089999999997,5,40.823000000004,1,13.3170000000027,0,0,8,80.9070000000065,1,11.6359999999986,0,0,243.293999999994,52,29,12,22,22,14,21,54,1060.52379254738,248.281999999992,6,4,398.404000000002,5,NA,NA,NA,NA
"G109_2","000724F85F",2.4539999999979,1,142.044000000009,4,0,0,142.044000000009,4,0,0,146.350000000013,6,125.778000000013,5,62.7970000000059,2,0,0,0,0,4.32700000000477,1,20.5720000000001,1,4,142.044000000009,6,146.350000000013,0,0,4,142.044000000009,2,106.207000000009,2,35.8369999999995,1,41.0580000000045,0,0,3,57.5760000000009,1,52.9069999999992,0,0,296.468000000015,63,30,31,30,30,31,30,20,668.805050793996,305.110000000015,7,5,69.8410000000003,2,NA,NA,NA,NA
"G109_2","000724FA76",4.74499999999534,2,56.7350000000079,6,6.54300000000512,1,50.1920000000027,5,60.6319999999905,4,87.5009999999893,5,41.7879999999932,2,5.64999999999418,1,1.41300000000047,1,36.137999999999,1,0,0,45.7129999999961,3,6,56.7350000000079,5,87.5009999999893,1,5.07200000000012,4,45.1200000000026,0,0,6,56.7350000000079,0,0,3,23.9410000000062,0,0,0,0,6,108.101999999992,190.365000000005,40,25,18,10,12,19,9,56,1194.42409649674,241.624999999971,11,6,66.237000000001,1,NA,NA,NA,NA
"G11_1","000724B642",3.40699999999924,2,17.2189999999973,1,0,0,17.2189999999973,1,0,0,87.8079999999973,1,87.8079999999973,1,87.8079999999973,1,0,0,0,0,0,0,0,0,1,17.2189999999973,1,87.8079999999973,0,0,1,17.2189999999973,0,0,1,17.2189999999973,1,87.8079999999973,1,17.2189999999973,0,0,0,0,0,0,107.002,22,3,18,3,3,18,3,6,236.313026546177,111.382000000005,3,2,784.309999999998,6,"1",56.8336458850455,46.7786994671281,64.0315902855714
"G11_1","000724D4F3",3.84700000000157,2,210.209999999999,2,0,0,210.209999999999,2,0,0,0,0,0,0,0,0,0,0,0,0,0,0,0,0,2,210.209999999999,0,0,0,0,2,210.209999999999,2,210.209999999999,0,0,0,0,0,0,0,0,0,0,0,0,216.627999999997,46,45,0,45,45,0,45,10,292.8767386655,221.745999999992,5,2,222.603999999999,1,"2",56.8336458850455,49.1777642842779,37.6669565693424
"G11_1","000724DF2A",13.9840000000113,6,168.140000000007,4,7.61500000000524,1,160.525000000001,3,0,0,18.0570000000007,1,18.0570000000007,1,0,0,0,0,18.0570000000007,1,0,0,0,0,4,168.140000000007,1,18.0570000000007,0,0,3,160.525000000001,3,160.525000000001,1,7.61500000000524,1,18.0570000000007,0,0,0,0,0,0,0,0,188.813000000002,40,36,3,34,36,3,34,15,422.934059099684,225.507000000012,10,6,258.197999999997,2,"3",65.9752103645918,46.7786994671281,37.6669565693424
"G11_1","000724EF35",17.346000000005,6,0,0,0,0,0,0,24.8979999999938,2,137.058000000005,3,110.756000000001,2,0,0,13.4980000000069,6,0,0,0,0,26.3020000000033,1,0,0,3,137.058000000005,0,0,0,0,0,0,0,0,2,132.065999999999,0,0,0,0,1,10.5629999999946,0,0,165.334000000017,35,5,29,0,0,29,0,42,647.430832725336,220.965000000026,9,3,275.334000000003,3,NA,NA,NA,NA
"G11_1","000724FD1B",6.04000000000815,4,52.6549999999988,2,0,0,52.6549999999988,2,0,0,0,0,0,0,0,0,0,0,0,0,0.269999999996799,1,0,0,2,52.6549999999988,0,0,0,0,2,52.6549999999988,0,0,2,52.6549999999988,0,0,2,52.6549999999988,0,0,0,0,0,0,59.8000000000029,12,11,0,11,11,0,11,19,425.108958213376,79.648000000001,6,3,779.127999999997,5,NA,NA,NA,NA
"G11_1","000726E250",0,0,0,0,0,0,0,0,0,0,273.797999999995,2,273.797999999995,2,273.797999999995,2,0,0,0,0,0,0,0,0,0,0,2,273.797999999995,0,0,0,0,0,0,0,0,2,273.797999999995,0,0,0,0,0,0,0,0,276.512999999992,59,0,58,0,0,58,0,4,129.6361010339,276.512999999992,3,2,348.192999999999,4,NA,NA,NA,NA
"G11_2","000724B642",0,0,7.87299999999959,1,0,0,7.87299999999959,1,73.0689999999959,2,22.6880000000092,4,22.6880000000092,4,8.29200000000128,1,0.961999999999534,1,0,0,0,0,0,0,1,7.87299999999959,4,22.6880000000092,0,0,1,7.87299999999959,0,0,1,7.87299999999959,1,7.08000000000175,0,0,0,0,3,80.9419999999955,0,0,104.964000000014,22,17,4,1,1,4,1,50,998.706069586271,247.171000000082,4,3,59.9349999999977,5,"1",37.9787973333852,45.0635716232178,13.6422592573182
"G11_2","000724D4F3",0,0,30.4700000000012,2,14.1270000000004,1,16.3430000000008,1,52.2089999999953,1,0,0,0,0,0,0,0,0,0,0,0,0,0,0,2,30.4700000000012,0,0,0,0,1,16.3430000000008,1,14.1270000000004,1,16.3430000000008,0,0,0,0,2,68.551999999996,0,0,0,0,88.3929999999891,18,17,0,3,6,0,3,13,319.212454652548,99.9759999999951,3,2,46.2010000000009,2,"2",37.9787973333852,38.3303480642102,16.8989341171285
"G11_2","000724DF2A",2.83399999999529,1,35.9869999999937,3,35.9869999999937,3,0,0,0,0,8.09300000000076,1,8.09300000000076,1,0,0,4.38700000000244,2,8.09300000000076,1,0,0,0,0,3,35.9869999999937,1,8.09300000000076,0,0,0,0,2,27.8819999999978,1,8.10499999999593,1,8.09300000000076,0,0,1,8.10499999999593,1,7.73300000000017,0,0,88.4349999999758,19,7,1,0,7,1,0,33,1036.41761103032,118.857999999971,9,5,53.864999999998,4,"3",47.9381589042878,45.0635716232178,16.8989341171285
"G11_2","000724EF35",4.13300000000163,1,25.002999999997,3,0,0,25.002999999997,3,0,0,73.6970000000147,5,23.1480000000083,3,5.32100000000355,1,13.9959999999992,7,6.1339999999982,1,0,0,42.5330000000031,1,3,25.002999999997,5,73.6970000000147,0,0,3,25.002999999997,1,13.6199999999953,2,11.3830000000016,1,6.1339999999982,0,0,1,6.22200000000157,0,0,0,0,119.471999999994,25,5,15,5,5,15,5,44,1227.6121630479,147.392999999996,5,4,50.7609999999986,3,NA,NA,NA,NA
"G11_2","000724FD1B",11.4769999999917,4,44.1869999999981,4,14.7959999999948,2,29.3910000000033,2,149.567000000003,2,23.0210000000006,3,0,0,0,0,0,0,0,0,0,0,23.0210000000006,3,4,44.1869999999981,3,23.0210000000006,0,0,2,29.3910000000033,0,0,4,44.1869999999981,1,13.9559999999983,1,23.0210000000006,0,0,3,18.3530000000028,3,173.811000000002,275.716999999968,59,41,4,6,9,4,6,44,879.926328245954,327.36899999997,11,5,44.7660000000033,1,NA,NA,NA,NA
"G11_2","000726E250",4.56700000000274,2,9.40600000000268,1,9.40600000000268,1,0,0,141.273999999998,2,122.731000000007,4,120.656000000003,3,0,0,0,0,10.1979999999967,1,0,0,2.07500000000437,1,1,9.40600000000268,4,122.731000000007,0,0,0,0,0,0,1,9.40600000000268,0,0,0,0,0,0,0,0,0,0,190.448000000011,40,32,26,0,2,26,0,17,476.091764580719,202.830000000024,8,4,67.0509999999995,6,NA,NA,NA,NA
"G110_1","000724BF5E",13.1179999999804,6,5.89100000000326,1,0,0,5.89100000000326,1,18.4089999999997,1,5.7390000000014,1,0,0,0,0,1.56399999999849,2,0,0,0,0,5.7390000000014,1,1,5.89100000000326,1,5.7390000000014,0,0,1,5.89100000000326,0,0,1,5.89100000000326,0,0,1,5.89100000000326,0,0,0,0,0,0,36.8270000000048,7,5,1,1,1,1,1,62,1770.09978917046,153.902000000002,11,5,47.3510000000024,4,"1",37.4972238072888,34.5423951232082,NA
"G110_1","000724CD88",7.49000000000524,4,0,0,0,0,0,0,0,0,0,0,0,0,0,0,0,0,0,0,0,0,0,0,0,0,0,0,0,0,0,0,0,0,0,0,0,0,0,0,0,0,0,0,0,0,0.531000000002678,0,0,0,0,0,0,0,14,438.878155350964,21.3350000000137,3,1,585.112999999998,6,"2",37.4972238072888,NA,42.263296275265
"G110_1","000724D4F1",2.40399999999499,2,241.042999999998,6,0,0,241.042999999998,6,8.3289999999979,1,66.9860000000044,3,2.74500000000262,1,0,0,0.451000000000931,1,0,0,0,0,64.2410000000018,2,6,241.042999999998,3,66.9860000000044,0,0,6,241.042999999998,3,139.332999999999,3,101.709999999999,0,0,0,0,6,174.279999999999,0,0,0,0,349.571000000025,75,53,14,51,51,14,51,47,976.16232056235,373.827000000034,6,4,43.7660000000033,1,"3",NA,34.5423951232082,42.263296275265
"G110_1","000724D959",4.00600000000122,2,27.7459999999992,3,5.22800000000279,1,22.5179999999964,2,0,0,0,0,0,0,0,0,0,0,0,0,0,0,0,0,3,27.7459999999992,0,0,0,0,2,22.5179999999964,1,14.4559999999983,2,13.2900000000009,0,0,0,0,0,0,0,0,0,0,31.6320000000051,6,5,0,4,5,0,4,8,178.812413043524,36.721000000005,5,3,47.010000000002,3,NA,NA,NA,NA
"G110_1","000724F85F",14.0050000000119,6,37.4739999999947,3,7.40200000000186,1,30.0719999999928,2,30.773000000001,1,36.9259999999995,3,36.9259999999995,3,33.3790000000008,2,0,0,0,0,0,0,0,0,3,37.4739999999947,3,36.9259999999995,0,0,2,30.0719999999928,0,0,3,37.4739999999947,1,10.3430000000008,0,0,0,0,2,48.0709999999963,0,0,86.7649999999921,18,14,7,6,8,7,6,44,1074.44206807497,363.385999999984,11,8,46.2790000000023,2,NA,NA,NA,NA
"G110_1","000724FA76",17.6090000000186,6,202.392999999996,10,7.14299999999639,1,195.25,9,14.8139999999985,1,71.0520000000033,2,71.0520000000033,2,0,0,8.03499999999622,5,44.137999999999,1,0,0,0,0,10,202.392999999996,2,71.0520000000033,0,0,9,195.25,1,24.7149999999965,9,177.678,1,44.137999999999,1,31.7309999999998,3,51.9370000000054,5,113.781000000003,0,0,357.964000000007,76,46,15,41,43,15,41,101,2677.12689248723,468.158000000003,14,9,105.976000000002,5,NA,NA,NA,NA
"G110_2","000724BF5E",11.3390000000072,5,196.916999999994,5,6.16999999999825,1,190.746999999996,4,35.5710000000036,2,38.6889999999985,5,12.5710000000036,3,0,0,3.06500000000233,1,0,0,0.171000000002095,1,26.1179999999949,2,5,196.916999999994,5,38.6889999999985,1,6.79100000000471,3,183.955999999991,3,183.955999999991,2,12.961000000003,0,0,0,0,3,38.4470000000074,0,0,0,0,248.855999999992,53,49,8,41,42,9,39,48,1359.45103799862,309.450000000004,10,6,79.0140000000029,5,"1",27.2332683983237,28.6371707307148,32.0822770388886
"G110_2","000724CD88",9.09499999999389,3,25.3749999999927,3,9.58699999999953,1,15.7879999999932,2,27.8820000000051,1,8.86899999999878,1,8.86899999999878,1,8.86899999999878,1,1.57100000000355,2,0,0,0.610000000000582,1,0,0,3,25.3749999999927,1,8.86899999999878,0,0,2,15.7879999999932,0,0,3,25.3749999999927,0,0,2,15.7879999999932,0,0,0,0,3,46.3380000000034,78.8520000000062,16,11,1,3,5,1,3,48,1013.3664721132,205.296000000031,11,6,91.2850000000035,6,"2",27.2332683983237,55.5,32.0822770388886
"G110_2","000724D4F1",3.40600000000268,2,0,0,0,0,0,0,0,0,0,0,0,0,0,0,1.083000000006,1,0,0,0,0,0,0,0,0,0,0,0,0,0,0,0,0,0,0,0,0,0,0,0,0,0,0,0,0,7.1310000000085,1,0,0,0,0,0,0,8,178.744362526574,17.7210000000123,2,2,69.7710000000006,4,"3",32.0822770388886,28.6371707307148,32.0822770388886
"G110_2","000724D959",15.737000000001,7,153.343000000001,4,0,0,153.343000000001,4,113.632999999994,2,17.3020000000106,2,14.5850000000064,1,0,0,0.952000000004773,2,0,0,0,0,2.71700000000419,1,4,153.343000000001,2,17.3020000000106,0,0,4,153.343000000001,0,0,4,153.343000000001,1,14.5850000000064,1,90.5889999999999,0,0,5,176.386999999995,0,0,311.436000000009,66,57,3,32,32,3,32,70,1373.54777667598,441.164000000033,12,7,63.5999999999985,2,NA,NA,NA,NA
"G110_2","000724F85F",4.16799999999785,1,21.1059999999998,2,10.2969999999987,1,10.8090000000011,1,19.6880000000019,2,22.4259999999995,3,12.2810000000027,1,0,0,0,0,0,0,0,0,10.1449999999968,2,2,21.1059999999998,3,22.4259999999995,0,0,1,10.8090000000011,1,10.2969999999987,1,10.8090000000011,0,0,1,10.8090000000011,1,8.06300000000192,0,0,1,12.2810000000027,101.849000000009,21,8,4,2,4,4,2,23,586.807567640283,139.242999999995,6,5,67.5060000000012,3,NA,NA,NA,NA
"G110_2","000724FA76",6.53100000000268,4,0,0,0,0,0,0,0,0,5.5199999999968,2,2.53499999999622,1,0,0,0,0,0,0,0,0,2.98500000000058,1,0,0,2,5.5199999999968,0,0,0,0,0,0,0,0,0,0,0,0,0,0,0,0,0,0,10.2290000000066,2,0,1,0,0,1,0,17,468.66489963616,20.304000000011,1,0,57.3190000000031,1,NA,NA,NA,NA
"G111_1","000724BF5E",0,0,0,0,0,0,0,0,0,0,0,0,0,0,0,0,0,0,0,0,0,0,0,0,0,0,0,0,0,0,0,0,0,0,0,0,0,0,0,0,0,0,0,0,0,0,3.40899999999965,0,0,0,0,0,0,0,2,32.2,4.19000000000233,1,0,NA,NA,"1",NA,NA,NA
"G111_1","000724CD88",4.42099999999846,2,0,0,0,0,0,0,0,0,0,0,0,0,0,0,0,0,0,0,0,0,0,0,0,0,0,0,0,0,0,0,0,0,0,0,0,0,0,0,0,0,0,0,0,0,1.48700000000099,0,0,0,0,0,0,0,5,74.2041515508494,7.23199999999633,2,0,-48.8400000000001,1,"2",NA,NA,26.6493662233332
"G111_1","000724DE7B",6.52100000000428,3,0,0,0,0,0,0,0,0,0,0,0,0,0,0,0,0,0,0,0,0,0,0,0,0,0,0,0,0,0,0,0,0,0,0,0,0,0,0,0,0,0,0,0,0,0.872999999999593,0,0,0,0,0,0,0,6,123.244362526574,8.89700000000448,1,0,NA,NA,"3",NA,NA,26.6493662233332
"G111_2","000724BF5E",5.77699999999822,3,0,0,0,0,0,0,38.0439999999981,2,0,0,27.5629999999983,2,0,0,0,0,11.3529999999992,1,0,0,75.4559999999983,2,0,0,0,0,0,0,5,118.145999999997,0,0,0,0,0,0,0,0,0,0,0,0,0,0,295.191999999992,63,8,0,0,0,0,25,36,692.184153465286,326.608999999989,9,5,160.856,3,"1",71.9279216338481,62.8905328950958,28.0428442209004
"G111_2","000724CC0F",0,0,0,0,0,0,0,0,0,0,0,0,0,0,0,0,0,0,0,0,0,0,53.8450000000012,1,0,0,0,0,0,0,6,85.7910000000084,0,0,0,0,0,0,0,0,0,0,0,0,0,0,115.147000000012,24,0,0,0,0,0,18,27,463.248555686448,330.42200000001,4,4,283.857,6,"2",71.9279216338481,73.86851995262,23.7051877568548
"G111_2","000724CD88",5.23500000000058,3,70.8120000000054,5,43.3780000000042,4,27.4340000000011,1,48.2210000000014,1,0,0,0,0,0,0,0,0,0,0,0,0,0,0,5,70.8120000000054,0,0,0,0,1,27.4340000000011,1,25.3870000000024,4,45.4250000000029,0,0,0,0,2,75.6550000000025,0,0,0,0,122.919000000005,26,25,0,5,15,0,5,14,283.939982519924,151.033000000003,6,5,113.152999999998,2,"3",87.3743023761883,62.8905328950958,23.7051877568548
"G111_2","000724CD8F",10.1970000000038,3,0,0,0,0,0,0,0,0,0,0,9.17499999999927,1,0,0,2.07399999999689,1,9.17499999999927,1,0,0,0,0,0,0,0,0,0,0,3,44.4259999999995,0,0,0,0,0,0,0,0,0,0,0,0,0,0,112.765999999989,24,0,0,0,0,0,9,44,934.090118494551,222.357999999989,11,8,274.688999999998,4,NA,NA,NA,NA
"G111_2","000724DE7B",18.6309999999939,8,160.308000000005,7,42.4930000000022,3,117.815000000002,4,33.8880000000026,2,21.4020000000019,2,21.4020000000019,2,12.8709999999992,1,0,0,0,0,0,0,0,0,7,160.308000000005,2,21.4020000000019,1,12.260000000002,4,117.815000000002,2,70.1829999999973,5,90.1250000000073,0,0,0,0,7,130.679000000007,0,0,0,0,215.082000000006,46,41,4,25,34,7,25,31,698.721716815282,244.413999999993,8,3,102.823,1,NA,NA,NA,NA
"G111_2","000724F7AE",5.95700000000215,2,119.006999999994,5,20.6470000000008,2,98.3599999999933,3,135.502999999997,3,213.713000000007,4,213.713000000007,4,56.5780000000013,1,10.2439999999988,5,115.975000000002,1,0,0,0,0,5,119.006999999994,4,213.713000000007,0,0,3,98.3599999999933,2,50.0119999999988,3,68.9949999999953,2,153.034000000003,0,0,0,0,5,243.844999999994,0,0,466.190999999995,100,54,45,21,25,45,21,45,829.215489445684,586.085999999992,11,10,277.797999999999,5,NA,NA,NA,NA
"G112_1","000724BF5E",5.27799999999843,2,0,0,0,0,0,0,0,0,0,0,0,0,0,0,0,0,0,0,0,0,0,0,0,0,0,0,0,0,0,0,0,0,0,0,0,0,0,0,0,0,0,0,0,0,13.6999999999898,2,0,0,0,0,0,0,9,311.904765053502,29.7879999999859,6,1,484.671000000002,3,"1",66.7216044471354,32.0822770388886,NA
"G112_1","000724CD88",11.8329999999951,6,26.354000000003,2,26.354000000003,2,0,0,0,0,0,0,0,0,0,0,0,0,0,0,0,0,0,0,2,26.354000000003,0,0,0,0,0,0,1,11.6490000000013,1,14.7050000000017,0,0,0,0,1,14.7050000000017,0,0,0,0,30.268,6,5,0,0,5,0,0,16,390.835441045912,54.0929999999971,6,2,12.5720000000001,1,"2",66.7216044471354,NA,NA
"G112_1","000724CD8F",0,0,0,0,0,0,0,0,0,0,0,0,0,0,0,0,0,0,0,0,0,0,0,0,0,0,0,0,0,0,0,0,0,0,0,0,0,0,0,0,0,0,0,0,0,0,0.89100000000326,0,0,0,0,0,0,0,1,0,0.89100000000326,0,0,NA,NA,"3",NA,32.0822770388886,NA
"G112_1","000724DE7B",3.6630000000041,3,180.684000000001,3,0,0,180.684000000001,3,0,0,0,0,0,0,0,0,0,0,0,0,0,0,0,0,3,180.684000000001,0,0,0,0,3,180.684000000001,0,0,3,180.684000000001,0,0,1,12.3709999999992,0,0,0,0,2,168.313000000002,191.998999999996,41,38,0,38,38,0,38,41,1023.13438901269,231.385000000002,7,2,17.3139999999985,2,NA,NA,NA,NA
"G112_1","000724F7AE",0,0,0,0,0,0,0,0,0,0,0,0,0,0,0,0,0,0,0,0,0,0,0,0,0,0,0,0,0,0,0,0,0,0,0,0,0,0,0,0,0,0,0,0,0,0,6.84199999999691,1,0,0,0,0,0,0,4,55.7041515508494,6.84199999999691,2,0,612.597000000002,4,NA,NA,NA,NA
"G112_2","000724BF5E",7.64999999999782,3,43.5429999999942,3,5.67799999999988,1,37.8649999999943,2,0,0,52.0600000000086,4,52.0600000000086,4,0,0,3.23400000000038,3,0,0,0.541000000004715,1,0,0,3,43.5429999999942,4,52.0600000000086,0,0,2,37.8649999999943,0,0,3,43.5429999999942,2,20.4550000000054,1,31.5539999999964,0,0,0,0,2,34.280999999999,116.227000000003,24,9,11,8,9,11,8,35,964.198761823924,147.911999999989,11,5,170.759999999998,5,"1",42.358803699973,57.6990230898821,24.0112857100738
"G112_2","000724CC0F",6.36900000000605,3,223.67500000001,15,30.0310000000027,3,193.644000000008,12,17.1780000000035,2,35.0159999999923,4,23.1409999999923,2,14.494999999999,1,7.94200000000274,3,8.64599999999336,1,0,0,11.875,2,15,223.67500000001,4,35.0159999999923,0,0,12,193.644000000008,2,39.9249999999993,13,183.750000000011,0,0,0,0,14,205.603000000003,0,0,0,0,338.083000000006,72,51,7,41,48,7,41,96,2119.05130688715,445.353999999999,8,6,121.751,3,"2",42.358803699973,65.6298724765224,28.4968171064198
"G112_2","000724CD88",17.4389999999985,5,137.732999999993,7,24.9379999999946,3,112.794999999998,4,29.7880000000005,1,3.3739999999998,1,3.3739999999998,1,0,0,0,0,0,0,1.05200000000332,1,0,0,7,137.732999999993,1,3.3739999999998,1,15.0950000000012,4,112.794999999998,0,0,7,137.732999999993,0,0,2,58.9530000000013,0,0,0,0,5,103.057999999994,196.872999999985,42,36,0,24,29,3,24,33,918.966669690172,221.552999999993,11,3,73.1440000000002,1,"3",54.8191453175118,57.6990230898821,28.4968171064198
"G112_2","000724CD8F",20.9360000000052,8,82.7630000000026,8,20.5339999999997,2,62.229000000003,6,16.0980000000054,1,82.4619999999995,7,56.3590000000004,5,10.2040000000015,1,10.1349999999948,5,0,0,0,0,26.1029999999992,2,8,82.7630000000026,7,82.4619999999995,1,6.58000000000175,6,62.229000000003,2,29.5140000000029,6,53.2489999999998,0,0,3,20.5080000000053,4,59.836000000003,0,0,5,65.135999999995,208.866000000009,44,21,17,13,17,19,13,83,2039.26783746737,317.360000000033,16,9,180.741999999998,6,NA,NA,NA,NA
"G112_2","000724DE7B",22.3290000000015,8,71.6539999999986,4,11.8080000000009,2,59.8459999999977,2,37.4599999999991,1,63.3089999999975,2,63.3089999999975,2,50.2909999999974,1,0,0,13.018,1,0,0,0,0,4,71.6539999999986,2,63.3089999999975,0,0,2,59.8459999999977,0,0,4,71.6539999999986,2,63.3089999999975,0,0,0,0,5,111.275999999994,0,0,209.985999999997,45,23,13,12,15,13,12,67,1787.57241584399,292.375999999997,12,4,76.4209999999985,2,NA,NA,NA,NA
"G112_2","000724F7AE",5.25800000000163,3,227.568999999996,7,0,0,227.568999999996,7,63.6890000000058,3,110.549999999999,5,99.6549999999988,4,0,0,0.900999999998021,1,22.9419999999991,1,1.58300000000236,1,10.8950000000004,1,7,227.568999999996,5,110.549999999999,1,22.5469999999987,7,227.568999999996,1,24.4370000000017,6,203.131999999994,2,54.1889999999985,1,5.03699999999662,9,312.303000000004,1,22.5240000000013,0,0,487.44000000001,104,62,23,48,48,28,48,60,1259.4830783166,639.153000000024,13,10,133.413,4,NA,NA,NA,NA
"G113_1","000724BF5E",10.9830000000075,5,10.0750000000044,1,0,0,10.0750000000044,1,22.6970000000001,2,85.8940000000075,2,0,0,0,0,0.510999999998603,1,0,0,0,0,85.8940000000075,2,1,10.0750000000044,2,85.8940000000075,0,0,1,10.0750000000044,1,10.0750000000044,0,0,0,0,0,0,0,0,0,0,0,0,23.3030000000072,5,7,18,2,2,18,2,31,738.552969577631,198.485000000015,7,3,208.642999999996,3,"1",25.7506632666688,61.2884051941872,112.710292342802
"G113_1","000724CD88",9.72699999999168,4,50.9219999999914,2,9.65799999999581,1,41.2639999999956,1,0,0,48.0169999999998,2,48.0169999999998,2,0,0,0,0,0,0,0,0,0,0,2,50.9219999999914,2,48.0169999999998,0,0,1,41.2639999999956,1,41.2639999999956,1,9.65799999999581,0,0,0,0,0,0,0,0,0,0,65.2699999999968,14,10,10,8,10,10,8,23,604.019856420835,182.543999999965,9,3,189.874000000003,2,"2",25.7506632666688,61.2884051941872,112.710292342802
"G113_1","000724CD8F",1.99300000000221,1,0,0,0,0,0,0,0,0,0,0,0,0,0,0,0,0,0,0,0,0,0,0,0,0,0,0,0,0,0,0,0,0,0,0,0,0,0,0,0,0,0,0,0,0,0,NA,0,0,0,0,0,0,1,0,1.99300000000221,0,0,NA,NA,"3",57.8468824529552,61.2884051941872,112.710292342802
"G113_1","000724DE7B",6.87900000000809,5,11.4909999999945,1,11.4909999999945,1,0,0,0,0,0,0,0,0,0,0,0,0,0,0,0,0,0,0,1,11.4909999999945,0,0,0,0,0,0,1,11.4909999999945,0,0,0,0,0,0,0,0,0,0,0,0,31.0169999999634,6,2,0,0,2,0,0,38,1004.1971036484,114.684999999969,6,3,-8.82600000000093,1,NA,NA,NA,NA
"G113_1","000724F7AE",2.8640000000014,1,0,0,0,0,0,0,0,0,0,0,0,0,0,0,0,0,0,0,0,0,0,0,0,0,0,0,0,0,0,0,0,0,0,0,0,0,0,0,0,0,0,0,0,0,1.15299999999843,0,0,0,0,0,0,0,4,55.5,8.41599999999744,2,0,781.675999999999,4,NA,NA,NA,NA
"G113_2","000724BF5E",13.1229999999996,5,79.1849999999977,4,9.16500000000087,1,70.0199999999968,3,6.38900000000285,1,28.3009999999995,3,24.7149999999965,2,24.7149999999965,2,3.47499999999854,2,0,0,0,0,3.58600000000297,1,4,79.1849999999977,3,28.3009999999995,0,0,3,70.0199999999968,0,0,4,79.1849999999977,2,24.7149999999965,1,23.9349999999977,0,0,2,46.0849999999991,0,0,128.405999999988,27,18,6,15,17,6,15,46,1263.70183110467,190.200999999979,12,6,78.8580000000002,3,"1",46.7463530450821,23.8796383176525,22.3832712912381
"G113_2","000724CC0F",12.6229999999923,4,170.825000000019,12,0,0,170.825000000019,12,6.96199999999953,1,58.4340000000084,6,12.7000000000044,2,0,0,13.0679999999847,8,8.55400000000373,1,0,0,45.734000000004,4,12,170.825000000019,6,58.4340000000084,1,11.6510000000053,12,170.825000000019,2,49.9000000000015,10,120.925000000017,0,0,1,14.7000000000044,9,122.520000000019,0,0,4,32.4050000000061,293.369000000028,63,38,12,36,36,15,36,104,2589.49556773081,426.466000000037,13,5,121.292000000001,5,"2",46.7463530450821,30.5070742381202,26.7363723528863
"G113_2","000724CD88",4.46699999999691,1,24.7129999999961,3,6.15999999999622,1,18.5529999999999,2,25.0699999999997,2,22.387999999999,2,14.8960000000006,1,0,0,0,0,0,0,0,0,7.49199999999837,1,3,24.7129999999961,2,22.387999999999,0,0,2,18.5529999999999,0,0,3,24.7129999999961,0,0,2,18.5529999999999,0,0,0,0,3,28.5479999999952,55.0340000000069,11,10,4,3,5,4,3,26,755.629672079132,100.122999999985,6,4,55.1949999999997,1,"3",26.8091719719768,23.8796383176525,26.7363723528863
"G113_2","000724CD8F",14.3020000000033,5,73.343000000008,9,13.3250000000044,2,60.0180000000037,7,0,0,89.9819999999891,7,83.9309999999896,6,22.099000000002,1,20.2329999999856,12,0,0,1.07200000000012,1,6.05099999999948,1,9,73.343000000008,7,89.9819999999891,1,13.1529999999984,7,60.0180000000037,0,0,9,73.343000000008,2,52.8959999999934,1,6.57200000000012,0,0,8,83.7190000000046,0,0,212.497999999992,45,15,19,12,15,22,12,107,2356.39794034923,337.238000000005,14,8,146.784,6,NA,NA,NA,NA
"G113_2","000724DE7B",7.55200000001059,4,58.7490000000034,4,33.336000000003,2,25.4130000000005,2,75.2070000000022,2,117.752999999997,4,117.752999999997,4,22.2070000000022,2,0.881999999997788,1,0,0,0,0,0,0,4,58.7490000000034,4,117.752999999997,1,12.1200000000026,2,25.4130000000005,2,33.336000000003,2,25.4130000000005,2,104.157999999996,0,0,4,90.898000000001,1,19.1710000000021,0,0,264.010000000009,56,28,25,5,12,27,5,65,1784.81249196823,323.735000000052,9,6,60.1549999999988,2,NA,NA,NA,NA
"G113_2","000724F7AE",4.97000000000116,2,377.277999999998,5,0,0,377.277999999998,5,7.10100000000239,1,188.512000000002,7,51.5199999999968,3,0,0,3.17399999999907,2,0,0,0,0,136.992000000006,4,5,377.277999999998,7,188.512000000002,0,0,5,377.277999999998,0,0,5,377.277999999998,3,153.148999999998,0,0,0,0,10,419.742000000006,0,0,591.734999999993,127,82,40,81,81,40,81,51,1101.07667966896,660.30999999999,8,6,104.714,4,NA,NA,NA,NA
"G114_1","000724BF5E",0,0,0,0,0,0,0,0,0,0,0,0,0,0,0,0,0,0,0,0,0,0,0,0,0,0,0,0,0,0,0,0,0,0,0,0,0,0,0,0,0,0,0,0,0,0,3.70500000000175,0,0,0,0,0,0,0,5,55.7041515508494,5.40899999999965,1,0,NA,NA,"1",26.6180505169498,78.0650857291797,NA
"G114_1","000724CC0F",4.15699999999924,1,0,0,0,0,0,0,0,0,0,0,0,0,0,0,0,0,0,0,0,0,0,0,0,0,0,0,0,0,0,0,0,0,0,0,0,0,0,0,0,0,0,0,0,0,2.36500000000524,0,0,0,0,0,0,0,3,50.5822770388886,12.070000000007,3,1,485.788999999997,3,"2",26.6180505169498,NA,NA
"G114_1","000724CD88",6.10800000000017,3,67.9850000000079,3,18.1320000000051,2,49.8530000000028,1,53.7920000000013,1,0,0,0,0,0,0,0,0,0,0,0,0,0,0,3,67.9850000000079,0,0,0,0,1,49.8530000000028,2,62.4760000000024,1,5.50900000000547,0,0,0,0,2,59.3010000000068,0,0,0,0,134.527000000009,28,26,0,10,14,0,10,15,411.545059247275,148.599000000002,7,3,-78.5149999999994,1,"3",NA,78.0650857291797,NA
"G114_1","000724DE7B",1.39199999999983,1,124.276000000005,2,0,0,124.276000000005,2,0,0,0,0,0,0,0,0,0,0,0,0,0,0,0,0,2,124.276000000005,0,0,0,0,2,124.276000000005,0,0,2,124.276000000005,0,0,1,115.240000000005,0,0,0,0,1,9.03600000000006,129.392000000014,27,26,0,26,26,0,26,28,873.272822247913,144.652000000016,2,1,454.362999999998,2,NA,NA,NA,NA
"G114_1","000724F7AE",3.52700000000186,1,0,0,0,0,0,0,0,0,0,0,0,0,0,0,0,0,0,0,0,0,0,0,0,0,0,0,0,0,0,0,0,0,0,0,0,0,0,0,0,0,0,0,0,0,3.24599999999919,0,0,0,0,0,0,0,2,18.5,6.77300000000105,2,0,552.508999999998,4,NA,NA,NA,NA
"G114_2","000724BF5E",7.5509999999922,3,6.19000000000233,1,6.19000000000233,1,0,0,0,0,13.4499999999971,3,3.375,1,0,0,3.89699999999721,2,0,0,0,0,10.0749999999971,2,1,6.19000000000233,3,13.4499999999971,0,0,0,0,0,0,1,6.19000000000233,0,0,0,0,0,0,0,0,0,0,33.1730000000098,7,1,2,0,1,2,0,40,1127.49267806029,175.429999999993,8,5,149.377,6,"1",45.1806699732107,63.2825698751335,18.5680505169498
"G114_2","000724CC0F",20.5190000000002,8,59.9879999999903,7,24.4179999999906,3,35.5699999999997,4,38.6270000000004,3,50.614999999998,7,33.9080000000031,4,15.135000000002,1,4.55500000000029,3,8.1050000000032,1,0.860999999997148,1,16.7069999999949,3,7,59.9879999999903,7,50.614999999998,1,12.0590000000011,4,35.5699999999997,2,21.8169999999955,5,38.1709999999948,0,0,0,0,5,40.4470000000001,0,0,0,0,138.871000000006,29,21,10,7,12,13,7,108,2926.15892259789,393.785000000011,16,9,80.7880000000005,1,"2",45.1806699732107,64.1645540777772,62.5296896229355
"G114_2","000724CD88",1.89299999999639,1,29.448000000004,2,29.448000000004,2,0,0,0,0,0,0,0,0,0,0,0,0,0,0,0,0,0,0,2,29.448000000004,0,0,0,0,0,0,1,20.2229999999981,1,9.22500000000582,0,0,0,0,0,0,0,0,0,0,34.4060000000027,7,6,0,0,6,0,0,6,190.580421951449,38.4510000000009,3,2,91.5449999999983,2,"3",48.9721604587749,63.2825698751335,62.5296896229355
"G114_2","000724CD8F",9.06199999999808,4,11.9639999999927,2,11.9639999999927,2,0,0,0,0,19.893999999993,3,19.893999999993,3,5.73799999999756,1,2.04499999999825,1,14.1559999999954,2,0,1,0,0,2,11.9639999999927,3,19.893999999993,0,0,0,0,0,0,2,11.9639999999927,0,0,0,0,0,0,0,0,0,0,58.6190000000061,12,2,4,0,2,4,0,67,2231.83755084797,207.911999999975,10,5,136.366000000002,5,NA,NA,NA,NA
"G114_2","000724DE7B",2.41500000000087,2,68.1180000000095,2,18.5320000000065,1,49.586000000003,1,21.6829999999973,1,21.6829999999973,1,0,0,0,0,0,0,0,0,0,0,21.6829999999973,1,2,68.1180000000095,1,21.6829999999973,0,0,1,49.586000000003,1,18.5320000000065,1,49.586000000003,0,0,1,49.586000000003,0,0,0,0,1,21.6829999999973,102.315000000024,21,19,4,10,14,4,10,27,710.049036299264,128.712000000036,5,4,123.216999999997,4,NA,NA,NA,NA
"G114_2","000724F7AE",8.73500000000058,2,106.161999999997,3,0,0,106.161999999997,3,177.688000000002,5,125.448999999993,5,18.9890000000014,2,0,0,0.520999999993364,1,15.9060000000027,1,3.08299999999872,1,106.459999999992,3,3,106.161999999997,5,125.448999999993,0,0,3,106.161999999997,0,0,3,106.161999999997,1,15.9060000000027,1,92.4780000000028,0,0,1,7.05299999999988,4,105.808999999994,410.853999999992,88,61,26,22,22,26,22,45,1032.74535538549,550.165999999983,12,9,123.017,3,NA,NA,NA,NA
"G115_1","000724BF5E",7.23300000000745,3,0,0,0,0,0,0,0,0,0,0,0,0,0,0,0,0,0,0,0,0,0,0,0,0,0,0,0,0,0,0,0,0,0,0,0,0,0,0,0,0,0,0,0,0,9.40000000000146,2,0,0,0,0,0,0,19,411.408958213376,24.5440000000235,5,0,-36.1820000000007,2,"1",NA,32.0822770388886,NA
"G115_1","000724CC0F",2.43299999999726,1,0,0,0,0,0,0,0,0,0,0,0,0,0,0,0,0,0,0,0,0,0,0,0,0,0,0,0,0,0,0,0,0,0,0,0,0,0,0,0,0,0,0,0,0,2.35300000000279,0,0,0,0,0,0,0,8,111.340252584749,14.1109999999899,2,0,NA,NA,"2",NA,NA,NA
"G115_1","000724CD88",1.32300000000396,1,0,0,0,0,0,0,0,0,0,0,0,0,0,0,0,0,0,0,0,0,0,0,0,0,0,0,0,0,0,0,0,0,0,0,0,0,0,0,0,0,0,0,0,0,7.94200000000274,1,0,0,0,0,0,0,6,148.1361010339,9.87600000000384,1,0,-100.936999999998,1,"3",NA,32.0822770388886,NA
"G115_1","000724CD8F",8.916999999994,4,0,0,0,0,0,0,0,0,0,0,0,0,0,0,0,0,0,0,0,0,0,0,0,0,0,0,0,0,0,0,0,0,0,0,0,0,0,0,0,0,0,0,0,0,44.044999999991,9,0,0,0,0,0,0,49,1481.42327372031,98.474000000002,10,4,26.8099999999977,4,NA,NA,NA,NA
"G115_1","000724DE7B",10.8179999999847,4,0,0,0,0,0,0,0,0,0,0,0,0,0,0,0,0,0,0,0,0,0,0,0,0,0,0,0,0,0,0,0,0,0,0,0,0,0,0,0,0,0,0,0,0,8.02400000000489,1,0,0,0,0,0,0,26,683.433779458478,26.5919999999751,2,0,-33.8179999999993,3,NA,NA,NA,NA
"G115_2","000724BF5E",6.11000000000786,3,0,0,0,0,0,0,0,0,0,0,96.6919999999955,4,38.239999999998,1,9.34100000000763,5,0,0,0,0,8.49799999999959,1,0,0,0,0,0,0,2,14.8249999999971,0,0,0,0,0,0,0,0,0,0,0,0,0,0,67.1930000000066,14,0,0,0,0,0,3,74,2137.07425061962,351.550999999992,10,6,80.3949999999968,5,"1",39.3664317333719,39.7507637496454,51.5775526320881
"G115_2","000724CC0F",10.9809999999998,5,0,0,0,0,0,0,52.1829999999973,1,0,0,121.773000000001,5,0,0,11.8819999999978,6,31.862000000001,1,0,0,63.8029999999999,2,0,0,0,0,0,0,2,12.2479999999996,0,0,0,0,0,0,0,0,0,0,0,0,0,0,104.516999999985,22,11,0,0,0,0,2,115,3530.59612505845,381.760999999977,12,7,68.1770000000033,2,"2",39.3664317333719,44.0540202812203,53.9771297390711
"G115_2","000724CD88",7.73999999999796,2,133.225999999988,5,22.6079999999929,2,110.617999999995,3,8.9030000000057,1,25.5,2,4.10599999999977,1,0,0,4.10599999999977,1,0,0,0,0,21.3940000000002,1,5,133.225999999988,2,25.5,0,0,3,110.617999999995,2,54.926999999996,3,78.2989999999918,0,0,0,0,5,108.595999999998,0,0,0,0,184.972999999984,39,30,5,23,28,5,23,29,672.721275385766,207.456999999995,9,2,73.6259999999966,4,"3",36.781691275892,39.7507637496454,53.9771297390711
"G115_2","000724CD8F",13.6649999999936,6,0,0,0,0,0,0,16.9900000000052,2,0,0,101.550999999992,8,7.22999999999593,1,9.14500000000407,4,69.2009999999937,4,0,0,5.33600000000297,2,0,0,0,0,0,0,3,16.3730000000069,0,0,0,0,0,0,0,0,0,0,0,0,0,0,151.70499999998,32,3,0,0,0,0,3,95,3452.10415091475,288.381999999991,16,9,67.1840000000011,1,NA,NA,NA,NA
"G115_2","000724DE7B",0,0,80.2880000000005,1,80.2880000000005,1,0,0,0,0,60.9360000000015,1,60.9360000000015,1,0,0,0,0,0,0,0,0,0,0,1,80.2880000000005,1,60.9360000000015,0,0,0,0,1,80.2880000000005,0,0,0,0,0,0,1,60.9360000000015,0,0,0,0,151.482000000011,32,17,13,0,17,13,0,25,798.983632680418,170.050000000003,3,2,91.2920000000013,6,NA,NA,NA,NA
"G115_2","000724F7AE",4.58599999999569,1,213.092999999986,7,56.5859999999957,1,156.506999999991,6,10.8289999999979,1,347.609999999993,5,343.121999999996,4,253.737000000001,2,0.541000000004715,1,6.33099999999831,1,0,0,4.48799999999756,1,7,213.092999999986,5,347.609999999993,1,16.2150000000038,6,156.506999999991,0,0,7,213.092999999986,2,30.0269999999946,1,8.82299999999668,0,0,5,392.713999999993,4,135.479999999996,576.397999999986,123,48,74,33,45,78,33,30,849.153270450285,723.338000000003,11,9,72.9239999999991,3,NA,NA,NA,NA
"G116_1","000724BF5E",1.76200000000244,1,0,0,0,0,0,0,0,0,0,0,0,0,0,0,0,0,0,0,0,0,0,0,0,0,0,0,0,0,0,0,0,0,0,0,0,0,0,0,0,0,0,0,0,0,9.08400000000984,1,0,0,0,0,0,0,14,253.154117902927,13.8290000000125,2,0,NA,NA,"1",NA,NA,NA
"G116_1","000724CC0F",0,0,0,0,0,0,0,0,0,0,0,0,0,0,0,0,0,0,0,0,0,0,0,0,0,0,0,0,0,0,0,0,0,0,0,0,0,0,0,0,0,0,0,0,0,0,2.09199999999691,0,0,0,0,0,0,0,5,69.3361010338996,7.35099999999511,1,1,758.819000000003,3,"2",NA,NA,NA
"G116_1","000724CD88",0,0,0,0,0,0,0,0,0,0,0,0,0,0,0,0,0,0,0,0,0,0,0,0,0,0,0,0,0,0,0,0,0,0,0,0,0,0,0,0,0,0,0,0,0,0,3.38300000000891,0,0,0,0,0,0,0,6,122.357705481035,20.2640000000029,2,1,93.1580000000031,1,"3",NA,NA,NA
"G116_1","000724CD8F",6.74200000000565,4,0,0,0,0,0,0,0,0,0,0,0,0,0,0,0,0,0,0,0,0,0,0,0,0,0,0,0,0,0,0,0,0,0,0,0,0,0,0,0,0,0,0,0,0,22.5090000000055,4,0,0,0,0,0,0,17,457.417519742849,35.4320000000153,5,1,268.356,2,NA,NA,NA,NA
"G116_1","000724DE7B",0,0,0,0,0,0,0,0,0,0,0,0,0,0,0,0,0,0,0,0,0,0,0,0,0,0,0,0,0,0,0,0,0,0,0,0,0,0,0,0,0,0,0,0,0,0,5.52100000000792,1,0,0,0,0,0,0,9,205.840866087402,7.70500000000902,0,0,NA,NA,NA,NA,NA,NA
"G116_2","000724BF5E",10.6550000000061,4,0,0,0,0,0,0,0,0,0,0,4.14599999999336,1,0,0,4.53600000000006,4,0,0,0,0,0,0,0,0,0,0,0,0,0,0,0,0,0,0,0,0,0,0,0,0,0,0,0,0,30.8829999999944,6,0,0,0,0,0,0,71,1809.64341862397,146.670999999995,10,4,-58.6670000000013,5,"1",45.9005770194867,25.847555807563,55.3502338114407
"G116_2","000724CC0F",11.7690000000002,5,0,0,0,0,0,0,0,0,0,0,23.6479999999938,3,0,0,7.11999999998807,3,0,0,0,0,3.61599999999453,1,0,0,0,0,0,0,1,5.05800000000454,0,0,0,0,0,0,0,0,0,0,0,0,0,0,78.02699999998,16,0,0,0,0,0,1,137,4691.07888806845,385.82799999998,23,14,-72.3609999999971,2,"2",45.9005770194867,24.2513082966552,50.4851721512019
"G116_2","000724CD88",11.6580000000031,3,0,0,0,0,0,0,43.6929999999993,2,79.2810000000027,3,3.83499999999913,1,0,0,4.36499999999796,2,0,0,0,0,75.4460000000036,2,0,0,3,79.2810000000027,0,0,0,0,0,0,0,0,1,45.3090000000011,0,0,0,0,3,73.010000000002,0,0,123.135000000002,26,9,17,0,0,17,0,17,339.283106344257,173.706000000006,7,4,-72.5319999999992,1,"3",42.6522354296521,25.847555807563,50.4851721512019
"G116_2","000724CD8F",7.66300000000047,4,0,0,0,0,0,0,35.1359999999986,1,0,0,101.069000000003,9,0,0,12.2500000000073,7,67.9279999999999,3,0.549999999995634,1,4.37899999999354,2,0,0,0,0,0,0,0,0,0,0,0,0,0,0,0,0,0,0,0,0,0,0,112.343000000008,24,7,0,0,0,0,0,73,2165.85348570224,302.476000000024,14,8,-66.010000000002,3,NA,NA,NA,NA
"G116_2","000724DE7B",19.1779999999853,7,57.1310000000012,2,0,0,57.1310000000012,2,20.4619999999995,2,15.0650000000023,3,11.6900000000023,2,7.15200000000186,1,0,0,0,0,0,0,3.375,1,2,57.1310000000012,3,15.0650000000023,0,0,2,57.1310000000012,1,32.0420000000013,1,25.0889999999999,0,0,0,0,3,45.5509999999995,0,0,0,0,109.106999999975,23,16,3,12,12,3,12,71,2034.41330216271,182.823999999964,11,3,-58.1869999999981,6,NA,NA,NA,NA
"G116_2","000724F7AE",8.86499999999796,4,386.999000000011,6,18.7750000000015,2,368.224000000009,4,0,0,136.390999999996,3,20.9789999999994,2,0,0,1.26199999999517,1,0,0,0,0,115.411999999997,1,6,386.999000000011,3,136.390999999996,0,0,4,368.224000000009,2,145.421000000002,4,241.578000000009,0,0,0,0,4,356.690000000002,0,0,0,0,540.551000000007,116,83,29,79,83,29,79,32,753.451465652511,639.941999999995,13,9,-62.8559999999998,4,NA,NA,NA,NA
"G117_1","000724BF5E",0,0,0,0,0,0,0,0,0,0,0,0,0,0,0,0,0,0,0,0,0,0,0,0,0,0,0,0,0,0,0,0,0,0,0,0,0,0,0,0,0,0,0,0,0,0,0.451000000000931,0,0,0,0,0,0,0,1,0,0.451000000000931,0,0,NA,NA,"1",NA,NA,NA
"G117_1","000724CC0F",0,0,0,0,0,0,0,0,0,0,0,0,0,0,0,0,0,0,0,0,0,0,0,0,0,0,0,0,0,0,0,0,0,0,0,0,0,0,0,0,0,0,0,0,0,0,9.7560000000085,2,0,0,0,0,0,0,5,104.813865318178,10.9770000000135,1,1,928.915000000001,2,"2",NA,NA,NA
"G117_1","000724CD88",0,0,0,0,0,0,0,0,0,0,0,0,0,0,0,0,0,0,0,0,0,0,0,0,0,0,0,0,0,0,0,0,0,0,0,0,0,0,0,0,0,0,0,0,0,0,0,0,0,0,0,0,0,0,2,55.5,0.430000000000291,0,0,NA,NA,"3",NA,NA,NA
"G117_1","000724CD8F",11.070999999989,5,0,0,0,0,0,0,0,0,0,0,0,0,0,0,0,0,0,0,0,0,0,0,0,0,0,0,0,0,0,0,0,0,0,0,0,0,0,0,0,0,0,0,0,0,24.4400000000096,5,0,0,0,0,0,0,15,443.120632927174,42.4910000000018,6,1,648.319000000003,1,NA,NA,NA,NA
"G117_1","000724DE7B",2.26499999999942,2,0,0,0,0,0,0,0,0,0,0,0,0,0,0,0,0,0,0,0,0,0,0,0,0,0,0,0,0,0,0,0,0,0,0,0,0,0,0,0,0,0,0,0,0,2.49399999999878,0,0,0,0,0,0,0,14,394.284523102886,9.85999999998603,0,0,NA,NA,NA,NA,NA,NA
"G117_2","000724BF5E",18.7030000000086,5,0,0,0,0,0,0,0,0,0,0,0,0,0,0,8.06100000000879,7,0,0,2.78800000000047,2,43.0040000000081,5,0,0,0,0,0,0,4,48.5480000000025,0,0,0,0,0,0,0,0,0,0,0,0,0,0,173.473000000013,37,0,0,0,0,0,10,139,3793.16536495912,356.719000000012,14,12,-49.0789999999979,5,"1",36.6995670346493,38.738839462158,64.1010391770363
"G117_2","000724CC0F",19.3910000000033,7,0,0,0,0,0,0,0,0,0,0,36.4190000000017,6,0,0,5.9800000000032,3,8.14299999999639,1,0.881000000001222,1,25.8820000000051,4,0,0,0,0,0,0,4,65.2559999999939,0,0,0,0,0,0,0,0,0,0,0,0,0,0,258.138000000021,55,0,0,0,0,0,14,151,5072.0751023147,400.608000000044,21,13,-39.461000000003,6,"2",36.6995670346493,36.0143765966188,47.3180684189117
"G117_2","000724CD88",4.15699999999924,2,107.34199999999,8,32.4899999999907,3,74.851999999999,5,70.2639999999956,3,38.586000000003,2,8.16000000000349,1,0,0,0,0,0,0,0,0,30.4259999999995,1,8,107.34199999999,2,38.586000000003,0,0,5,74.851999999999,3,65.0179999999964,5,42.3239999999932,1,8.16000000000349,1,10.4459999999963,7,102.141999999993,0,0,0,0,193.501999999986,41,38,8,16,23,8,16,30,806.387168654442,214.639999999999,9,5,-63.4409999999989,2,"3",40.5236620650522,38.738839462158,47.3180684189117
"G117_2","000724CD8F",16.5159999999887,7,0,0,0,0,0,0,7.47300000000541,1,0,0,58.4910000000236,8,0,0,20.1380000000063,8,16.7669999999998,1,3.88600000000588,1,12.5290000000023,3,0,0,0,0,0,0,7,50.7039999999979,0,0,0,0,0,0,0,0,0,0,0,0,0,0,153.599999999999,33,1,0,0,0,0,10,113,3474.76149109012,310.48000000001,17,13,-68.372000000003,1,NA,NA,NA,NA
"G117_2","000724DE7B",5.92999999999302,3,236.206000000013,9,25.3539999999994,1,210.852000000014,8,15.7670000000071,1,40.0380000000005,2,36.3919999999998,1,0,0,0,0,0,0,0,0,3.64600000000064,1,9,236.206000000013,2,40.0380000000005,0,0,8,210.852000000014,2,50.7510000000038,7,185.455000000009,0,0,3,149.648999999998,5,72.6120000000083,0,0,2,21.7030000000086,317.138000000028,68,54,8,45,50,8,45,67,2063.56415598084,384.060000000019,11,7,-62.739999999998,3,NA,NA,NA,NA
"G117_2","000724F7AE",15.7459999999919,6,127.436000000002,6,20.3500000000058,2,107.085999999996,4,80.2779999999984,3,430.559999999998,8,412.197999999997,7,0,0,0.550999999999476,1,91.0339999999997,3,0,0,18.362000000001,1,6,127.436000000002,8,430.559999999998,0,0,4,107.085999999996,1,11.1660000000047,5,116.269999999997,3,324.468999999997,0,0,2,38.3929999999964,7,198.519,0,0,610.984000000011,131,44,92,23,27,92,23,56,1134.18847318721,749.960000000014,14,11,-58.4040000000023,4,NA,NA,NA,NA
"G118_1","000724BF5E",2.78199999999924,2,0,0,0,0,0,0,0,0,0,0,0,0,0,0,0,0,0,0,0,0,0,0,0,0,0,0,0,0,0,0,0,0,0,0,0,0,0,0,0,0,0,0,0,0,0,NA,0,0,0,0,0,0,6,171.19376490591,11.7510000000111,1,1,623.875999999997,3,"1",NA,NA,NA
"G118_1","000724CC0F",0,0,0,0,0,0,0,0,0,0,0,0,0,0,0,0,0,0,0,0,0,0,0,0,0,0,0,0,0,0,0,0,0,0,0,0,0,0,0,0,0,0,0,0,0,0,0.25,0,0,0,0,0,0,0,1,0,0.25,0,0,NA,NA,"2",NA,NA,NA
"G118_1","000724CD88",5.66199999999662,2,5.44900000000052,1,5.44900000000052,1,0,0,0,0,0,0,0,0,0,0,0,0,0,0,0,0,0,0,1,5.44900000000052,0,0,0,0,0,0,0,0,1,5.44900000000052,0,0,0,0,0,0,0,0,0,0,13.773000000001,2,1,0,0,1,0,0,9,192.190538531563,19.864999999998,4,1,136.654000000002,2,"3",NA,NA,NA
"G118_1","000724CD8F",2.00200000000041,1,0,0,0,0,0,0,0,0,0,0,0,0,0,0,0,0,0,0,0,0,0,0,0,0,0,0,0,0,0,0,0,0,0,0,0,0,0,0,0,0,0,0,0,0,3.93700000000536,0,0,0,0,0,0,0,5,104.881915835127,13.474000000002,3,1,109.536,1,NA,NA,NA,NA
"G118_1","000724DE7B",8.74300000000221,4,0,0,0,0,0,0,0,0,0,0,0,0,0,0,0,0,0,0,0,0,0,0,0,0,0,0,0,0,0,0,0,0,0,0,0,0,0,0,0,0,0,0,0,0,4.39400000000023,0,0,0,0,0,0,0,16,396.163491277004,15.1300000000047,3,0,NA,NA,NA,NA,NA,NA
"G118_2","000724BF5E",6.33099999999831,2,0,0,0,0,0,0,0,0,0,0,0,0,0,0,0,0,0,0,0,0,0,0,0,0,0,0,0,0,0,0,0,0,0,0,0,0,0,0,0,0,0,0,0,0,28.2240000000165,6,0,0,0,0,0,0,37,997.589197173583,89.8570000000109,9,3,289.167000000001,6,"1",43.7745160993104,36.3337389409858,41.6678035709905
"G118_2","000724CC0F",16.3549999999886,8,41.7309999999998,5,26.3070000000007,3,15.4239999999991,2,0,0,61.7610000000059,6,58.0140000000029,5,0,0,8.80599999999686,4,7.72499999999854,1,0,0,3.74700000000303,1,5,41.7309999999998,6,61.7610000000059,0,0,2,15.4239999999991,0,0,5,41.7309999999998,0,0,0,0,0,0,0,0,0,0,138.478000000017,29,8,13,3,8,13,3,160,5379.54094412959,332.337000000014,15,5,-73.6840000000011,1,"2",43.7745160993104,36.3386067385977,30.6684475434223
"G118_2","000724CD88",7.08000000000175,3,121.595999999998,4,0,0,121.595999999998,4,8.03399999999965,1,25.5469999999987,4,20.9209999999948,3,0,0,3.52599999999802,1,0,0,0,0,4.62600000000384,1,4,121.595999999998,4,25.5469999999987,0,0,4,121.595999999998,1,51.6619999999966,3,69.9340000000011,0,0,1,25.7079999999987,1,15.4270000000033,0,0,3,53.4149999999936,175.553000000007,37,27,5,26,26,5,26,45,1210.66263555003,274.938000000016,11,7,-58.8680000000022,3,"3",46.3524136969091,36.3337389409858,30.6684475434223
"G118_2","000724CD8F",14.3450000000012,6,14.2229999999981,2,0,0,14.2229999999981,2,111.537000000011,4,147.283999999992,8,140.253999999994,7,22.1790000000037,1,2.02399999999761,2,16.8989999999976,1,0,0,7.02999999999884,1,2,14.2229999999981,8,147.283999999992,1,5.0570000000007,1,9.16599999999744,0,0,2,14.2229999999981,0,0,0,0,0,0,0,0,0,0,34.6560000000027,7,27,31,3,3,32,1,57,1613.16152345808,468.041000000012,10,4,37.2909999999974,4,NA,NA,NA,NA
"G118_2","000724DE7B",4.01300000000629,2,13.4630000000034,1,0,0,13.4630000000034,1,0,0,14.9940000000061,2,1.60200000000623,1,0,0,1.08000000000175,2,0,0,1.60200000000623,1,13.3919999999998,1,1,13.4630000000034,2,14.9940000000061,0,0,1,13.4630000000034,1,13.4630000000034,0,0,1,13.3919999999998,0,0,0,0,0,0,0,0,38.1879999999946,8,2,3,2,2,3,2,63,2183.95845393932,94.6630000000077,8,2,251.125999999997,5,NA,NA,NA,NA
"G118_2","000724F7AE",3.88500000000204,2,232.537999999993,5,8.6929999999993,1,223.844999999994,4,111.532999999996,3,205.832000000009,7,181.023000000001,4,0,0,2.86500000000524,1,167.654999999999,3,0,0,24.8090000000084,3,5,232.537999999993,7,205.832000000009,1,47.9689999999973,4,223.844999999994,0,0,5,232.537999999993,0,0,2,166.261999999995,0,0,0,0,6,234.425000000003,437.631000000008,94,73,44,48,49,54,48,47,1102.32286176694,661.449000000008,11,11,-64.4579999999987,2,NA,NA,NA,NA
"G119_1","000724BF5E",7.40299999999843,4,0,0,0,0,0,0,0,0,0,0,0,0,0,0,0,0,0,0,0,0,0,0,0,0,0,0,0,0,0,0,0,0,0,0,0,0,0,0,0,0,0,0,0,0,12.1990000000005,2,0,0,0,0,0,0,24,476.334672602336,28.9649999999747,4,0,777.913,2,"1",NA,32.0822770388886,NA
"G119_1","000724CC0F",3.40899999999965,2,0,0,0,0,0,0,0,0,0,0,0,0,0,0,0,0,0,0,0,0,0,0,0,0,0,0,0,0,0,0,0,0,0,0,0,0,0,0,0,0,0,0,0,0,2.10199999999895,0,0,0,0,0,0,0,4,101.4,5.5109999999986,0,0,NA,NA,"2",NA,NA,NA
"G119_1","000724DE7B",3.32599999999366,2,0,0,0,0,0,0,0,0,0,0,0,0,0,0,0,0,0,0,0,0,0,0,0,0,0,0,0,0,0,0,0,0,0,0,0,0,0,0,0,0,0,0,0,0,9.34599999999773,2,0,0,0,0,0,0,18,587.560035828978,19.2299999999814,2,0,13.2640000000029,1,"3",NA,32.0822770388886,NA
"G119_2","000724BF5E",5.11799999999494,2,0,0,0,0,0,0,19.7649999999994,1,0,0,8.58599999999569,2,0,0,13.4609999999957,11,0,0,0,0,10.8979999999938,3,0,0,0,0,0,0,1,6.65000000000146,0,0,0,0,0,0,0,0,0,0,0,0,0,0,44.4170000000086,9,4,0,0,0,0,1,78,2140.39383738841,271.540999999997,10,6,69.4850000000006,4,"1",33.4555320302981,26.1927353790795,37.0041127099987
"G119_2","000724CC0F",3.93899999999849,2,0,0,0,0,0,0,13.1740000000063,1,0,0,0,0,0,0,10.1050000000032,10,0,0,0,0,6.0399999999936,2,0,0,0,0,0,0,1,10.7360000000044,0,0,0,0,0,0,0,0,0,0,0,0,0,0,96.6449999999968,20,2,0,0,0,0,2,130,3671.20912700586,374.623999999974,16,8,63.7050000000017,2,"2",33.4555320302981,24.8362813979706,42.238317431781
"G119_2","000724CD88",1.63300000000163,1,215.277000000002,6,58.8120000000054,3,156.464999999997,3,32.6810000000041,2,16.890999999996,2,13.8859999999986,1,0,0,0.830999999998312,1,0,0,0,0,0,0,6,215.277000000002,2,16.890999999996,2,80.2929999999978,3,156.464999999997,2,99.5070000000051,4,115.769999999997,0,0,1,71.5979999999981,3,50.3659999999945,0,0,2,10.7990000000063,284.233,61,53,3,33,46,20,33,33,927.317048830423,298.525000000001,7,4,60.5800000000017,1,"3",35.4414328854743,26.1927353790795,42.238317431781
"G119_2","000724CD8F",11.28100000001,4,0,0,0,0,0,0,9.83699999999953,1,0,0,269.456000000013,12,8.96800000000076,1,12.4519999999829,9,35.5390000000043,3,0,0,20.0540000000037,1,0,0,0,0,0,0,0,0,0,0,0,0,0,0,0,0,0,0,0,0,0,0,78.9740000000165,16,2,0,0,0,0,0,61,1906.70432449746,422.057000000023,8,5,73.2099999999991,5,NA,NA,NA,NA
"G119_2","000724DE7B",4.6359999999986,1,150.602000000006,4,0,0,150.602000000006,4,12.6889999999985,2,14.9259999999849,3,14.9259999999849,3,0,0,3.55399999999645,2,0,0,0,0,0,0,4,150.602000000006,3,14.9259999999849,0,0,4,150.602000000006,1,42.3910000000033,3,108.211000000003,0,0,2,49.5250000000015,4,167.883000000002,0,0,1,9.38699999999517,310.316999999988,66,35,3,32,32,3,32,60,1633.2229356305,374.789999999957,11,6,67.5910000000003,3,NA,NA,NA,NA
"G119_2","000724F7AE",5.14099999999598,3,94.023000000001,3,14.3859999999986,1,79.6370000000024,2,0,0,548.765000000007,5,543.187000000005,4,341.271000000008,2,6.54899999999907,5,201.915999999997,2,0,0,5.57800000000134,1,3,94.023000000001,5,548.765000000007,1,37.9060000000027,2,79.6370000000024,2,52.2920000000013,1,41.7309999999998,2,349.630000000005,1,41.7309999999998,1,137.169999999998,2,72.458000000006,0,0,681.764999999999,146,20,117,17,20,126,17,36,764.058615121906,750.828999999991,10,8,89.2580000000016,6,NA,NA,NA,NA
"G12_1","000724C16B",5.80099999999948,3,85.7640000000029,9,43.7860000000073,4,41.9779999999955,5,8.00800000000163,1,89.7830000000031,5,27.012999999999,3,24.6580000000031,2,0,0,0,0,1.17299999999523,1,62.7700000000041,2,9,85.7640000000029,5,89.7830000000031,1,10.101999999999,5,41.9779999999955,3,40.4170000000086,6,45.3469999999943,1,5.12900000000081,0,0,9,123.447,1,10.3090000000011,0,0,191.959000000017,41,20,19,9,18,21,9,37,975.382100838173,218.749999999993,6,5,51.6319999999978,2,"1",26.2698534920066,33.2995715027886,34.6399594903646
"G12_1","000724C37F",5.90299999999843,4,103.002000000008,5,17.583000000006,1,85.4190000000017,4,48.1359999999913,3,29.6500000000015,2,14.5800000000017,1,14.5800000000017,1,0,0,0,0,0,0,15.0699999999997,1,5,103.002000000008,2,29.6500000000015,0,0,4,85.4190000000017,1,17.583000000006,4,85.4190000000017,0,0,2,57.5199999999968,6,88.5689999999959,0,0,1,17.1160000000018,201.490000000005,43,32,6,18,22,6,18,51,1404.36518887022,256.835000000006,11,4,34.9590000000026,1,"2",26.2698534920066,34.3066027067759,37.3328055095621
"G12_1","000724D725",19.3780000000042,8,0,0,0,0,0,0,15.9459999999963,1,0,0,0,0,0,0,0,0,0,0,0,0,84.3109999999942,3,0,0,0,0,0,0,1,5.68099999999686,0,0,0,0,0,0,0,0,0,0,0,0,0,0,61.1819999999861,13,3,0,0,0,0,1,73,1917.05499250447,312.82699999999,21,10,53.9069999999992,5,"3",26.2922354261871,33.2995715027886,37.3328055095621
"G12_1","000724E4F4",12.6420000000071,5,72.7220000000088,3,0,0,72.7220000000088,3,59.5319999999992,1,10.8440000000046,1,0,0,0,0,1.79300000000512,1,0,0,0,0,10.8440000000046,1,3,72.7220000000088,1,10.8440000000046,0,0,3,72.7220000000088,0,0,3,72.7220000000088,1,10.8440000000046,3,72.7220000000088,0,0,1,59.5319999999992,0,0,148.700000000019,31,28,2,15,15,2,15,37,992.011951397487,204.887000000061,13,7,52.3340000000026,3,NA,NA,NA,NA
"G12_1","000724FA70",10.9590000000026,4,0,0,0,0,0,0,20.5800000000017,1,0,0,127.887999999999,5,34.836000000003,3,4.66799999999057,3,0,0,0,0,35.1589999999997,3,0,0,0,0,0,0,2,15.0979999999981,0,0,0,0,0,0,0,0,0,0,0,0,0,0,62.8859999999913,13,4,0,0,0,0,3,89,2635.65407757849,389.654999999984,13,10,52.4340000000011,4,NA,NA,NA,NA
"G12_1","000724FE72",6.88300000000163,3,0,0,0,0,0,0,0,0,0,0,101.698000000004,5,43.9590000000098,2,2.89699999999721,2,0,0,0,0,13.5740000000005,2,0,0,0,0,0,0,1,7.2609999999986,0,0,0,0,0,0,0,0,0,0,0,0,0,0,97.2839999999997,20,0,0,0,0,0,1,123,3075.5637913604,387.230999999978,14,6,55.0999999999985,6,NA,NA,NA,NA
"G12_2","000724D725",0,0,0,0,0,0,0,0,0,0,0,0,0,0,0,0,0,0,0,0,0,0,0,0,0,0,0,0,0,0,0,0,0,0,0,0,0,0,0,0,0,0,0,0,0,0,9.32000000000698,2,0,0,0,0,0,0,3,99.3483234800935,9.77000000000407,2,1,78.8139999999985,1,"1",NA,NA,NA
"G12_2","000724FA70",12.0400000000009,5,0,0,0,0,0,0,0,0,0,0,0,0,0,0,0,0,0,0,0,0,0,0,0,0,0,0,0,0,0,0,0,0,0,0,0,0,0,0,0,0,0,0,0,0,13.179999999993,2,0,0,0,0,0,0,39,1666.85689111264,48.5480000000098,8,0,364.192000000003,2,"2",NA,NA,80.7021684962678
"G12_2","000724FE72",0,0,0,0,0,0,0,0,0,0,0,0,0,0,0,0,0,0,0,0,0,0,0,0,0,0,0,0,0,0,0,0,0,0,0,0,0,0,0,0,0,0,0,0,0,0,0.701000000000931,0,0,0,0,0,0,0,3,87.7864285897381,1.14199999999983,0,0,NA,NA,"3",NA,NA,80.7021684962678
"G120_1","000724BF5E",4.44000000000233,2,0,0,0,0,0,0,0,0,0,0,0,0,0,0,0,0,0,0,0,0,0,0,0,0,0,0,0,0,0,0,0,0,0,0,0,0,0,0,0,0,0,0,0,0,0,0,0,0,0,0,0,0,16,301.938978366484,16.5980000000127,4,0,NA,NA,"1",NA,NA,NA
"G120_1","000724CD88",4.79300000000512,3,0,0,0,0,0,0,0,0,0,0,0,0,0,0,0,0,0,0,0,0,0,0,0,0,0,0,0,0,0,0,0,0,0,0,0,0,0,0,0,0,0,0,0,0,3.93299999999726,0,0,0,0,0,0,0,5,119.800655111677,10.9800000000032,2,0,NA,NA,"2",NA,NA,NA
"G120_1","000724CD8F",1.47400000000198,1,0,0,0,0,0,0,0,0,0,0,0,0,0,0,0,0,0,0,0,0,0,0,0,0,0,0,0,0,0,0,0,0,0,0,0,0,0,0,0,0,0,0,0,0,0,NA,0,0,0,0,0,0,1,0,1.47400000000198,0,0,NA,NA,"3",NA,NA,NA
"G120_1","000724DE7B",3.74000000001251,2,0,0,0,0,0,0,0,0,0,0,0,0,0,0,0,0,0,0,0,0,0,0,0,0,0,0,0,0,0,0,0,0,0,0,0,0,0,0,0,0,0,0,0,0,1.81400000000576,0,0,0,0,0,0,0,9,250.200252298891,7.77900000001682,0,0,NA,NA,NA,NA,NA,NA
"G120_2","000724BF5E",12.6990000000005,6,33.7350000000006,4,5.00299999999697,1,28.7320000000036,3,0,0,29.7249999999985,3,3.60800000000017,1,0,0,9.4010000000053,8,0,0,0,0,26.1169999999984,2,4,33.7350000000006,3,29.7249999999985,0,0,3,28.7320000000036,1,12.2690000000002,3,21.4660000000003,1,18.2580000000016,0,0,1,10.4279999999999,0,0,0,0,113.782000000007,24,7,6,6,7,6,6,94,2906.26080175056,228.804000000011,13,9,-61.3899999999994,4,"1",35.2702445222781,29.3700800495529,33.0941007013282
"G120_2","000724CC0F",9.22200000000157,4,23.5819999999949,3,0,0,23.5819999999949,3,10.0570000000007,1,60.002999999997,8,33.9490000000005,4,7.60800000000017,1,8.78899999999703,5,10.0570000000007,1,5.38999999999942,2,26.0539999999964,4,3,23.5819999999949,8,60.002999999997,0,0,3,23.5819999999949,0,0,3,23.5819999999949,2,30.2249999999985,0,0,0,0,1,12.2459999999992,0,0,116.758999999962,25,7,12,5,5,12,5,166,4979.12930674755,344.435999999921,13,6,-73.3410000000003,2,"2",35.2702445222781,32.4940093247006,32.8677224296282
"G120_2","000724CD88",9.98899999999412,4,39.6949999999997,3,18.4929999999949,2,21.2020000000048,1,23.5619999999908,2,3.125,1,0,0,0,0,0,0,0,0,0,0,3.125,1,3,39.6949999999997,1,3.125,0,0,1,21.2020000000048,2,33.8810000000012,1,5.81399999999849,0,0,0,0,2,44.1779999999926,0,0,0,0,97.2139999999854,20,13,0,4,8,0,4,60,1510.8189424321,274.399999999951,11,10,-71.375,3,"3",33.4494973727529,29.3700800495529,32.8677224296282
"G120_2","000724CD8F",10.1500000000015,4,0,0,0,0,0,0,23.9530000000013,2,445.406999999992,16,423.412999999986,13,0,0,17.1779999999999,6,129.904999999992,2,0.622000000003027,1,21.9940000000061,3,0,0,16,445.406999999992,0,0,0,0,0,0,0,0,2,57.2039999999979,0,0,0,0,3,95.1559999999954,0,0,192.394999999997,41,5,95,0,0,95,0,74,2086.97966337686,554.014999999963,13,6,-78.7960000000021,1,NA,NA,NA,NA
"G120_2","000724DE7B",5.72500000000582,3,40.1489999999976,1,0,0,40.1489999999976,1,0,0,25.3289999999979,1,25.3289999999979,1,25.3289999999979,1,0,0,0,0,0,0,0,0,1,40.1489999999976,1,25.3289999999979,0,0,1,40.1489999999976,0,0,1,40.1489999999976,1,25.3289999999979,1,40.1489999999976,0,0,0,0,1,83.2410000000018,155.214999999997,33,8,5,8,8,5,8,50,1409.29854978353,224.426000000007,10,3,275.163999999997,6,NA,NA,NA,NA
"G120_2","000724F7AE",6.8949999999968,2,63.2469999999958,2,0,0,63.2469999999958,2,74.8970000000045,2,287.166000000027,15,147.011000000013,9,90.0520000000106,3,13.0750000000044,6,39.5200000000041,3,0,0,140.155000000013,6,2,63.2469999999958,15,287.166000000027,1,55.6100000000006,2,63.2469999999958,0,0,2,63.2469999999958,1,15.7830000000031,1,55.6100000000006,0,0,2,33.8539999999994,7,241.861000000012,363.94400000001,78,29,61,13,13,73,13,67,1462.16818895849,625.851000000039,12,10,-53.6310000000012,5,NA,NA,NA,NA
"G13_1","000724B642",9.64699999999721,3,5.29200000000128,1,5.29200000000128,1,0,0,0,0,110.459999999992,3,58.0499999999956,2,25.8319999999949,1,0,0,0,0,0,0,52.4099999999962,1,1,5.29200000000128,3,110.459999999992,0,0,0,0,0,0,1,5.29200000000128,0,0,0,0,0,0,0,0,0,0,43.0369999999893,9,1,23,0,1,23,0,27,784.793705909366,153.727999999966,7,3,227.387000000002,5,"1",94.7182734219795,50.854279778571,NA
"G13_1","000724D4F3",6.06200000000536,2,0,0,0,0,0,0,108.615999999995,1,115.337,2,115.337,2,0,0,0,0,6.72100000000501,1,0,0,0,0,0,0,2,115.337,0,0,0,0,0,0,0,0,0,0,0,0,0,0,0,0,0,0,116.659,25,23,24,0,0,24,0,6,136.690538531563,123.632000000005,3,1,214.631999999998,4,"2",94.7182734219795,NA,19.9369782887292
"G13_1","000724DF2A",6.22600000000966,2,25.5539999999964,3,18.7289999999994,2,6.82499999999709,1,0,0,0,0,0,0,0,0,0,0,0,0,0,0,0,0,3,25.5539999999964,0,0,0,0,1,6.82499999999709,1,11.3790000000008,2,14.1749999999956,0,0,0,0,0,0,0,0,0,0,35.5829999999987,7,5,0,1,5,0,1,22,546.907407075295,86.2160000000003,9,4,123.239000000001,1,"3",NA,50.854279778571,19.9369782887292
"G13_1","000724EF35",7.35500000001048,4,0,0,0,0,0,0,14.3689999999988,1,34.5499999999956,1,34.5499999999956,1,0,0,2.45600000000559,2,0,0,0,0,0,0,0,0,1,34.5499999999956,0,0,0,0,0,0,0,0,0,0,0,0,0,0,0,0,0,0,31.8340000000026,6,3,7,0,0,7,0,56,1560.53829839999,197.098000000005,7,2,145.150000000001,2,NA,NA,NA,NA
"G13_1","000724FD1B",2.36599999999453,1,0,0,0,0,0,0,0,0,3.71600000000035,1,3.71600000000035,1,0,0,3.71600000000035,1,0,0,0,0,0,0,0,0,1,3.71600000000035,0,0,0,0,0,0,0,0,0,0,0,0,0,0,0,0,0,0,1.68400000000111,0,0,0,0,0,0,0,3,37.1361010338996,7.76599999999598,2,0,886.675000000003,6,NA,NA,NA,NA
"G13_1","000726E250",3.97699999999895,1,6.1449999999968,1,6.1449999999968,1,0,0,0,0,211.591,3,211.591,3,0,0,0,0,190.233,2,0,0,0,0,1,6.1449999999968,3,211.591,0,0,0,0,0,0,1,6.1449999999968,0,0,0,0,0,0,0,0,0,0,6.1449999999968,1,1,45,0,1,45,0,11,482.576929367811,383.520999999993,5,4,147.574999999997,3,NA,NA,NA,NA
"G13_2","000724B642",0,0,0,0,0,0,0,0,0,0,43.9110000000001,1,43.9110000000001,1,43.9110000000001,1,0,0,0,0,0,0,0,0,0,0,1,43.9110000000001,0,0,0,0,0,0,0,0,0,0,0,0,0,0,0,0,0,0,4.95399999998335,1,0,9,0,0,9,0,27,941.602806667223,103.480999999992,2,2,130.076999999997,4,"1",66.3061857172498,NA,NA
"G13_2","000724D4F3",2.7780000000057,2,0,0,0,0,0,0,62.0970000000016,1,0,0,0,0,0,0,0,0,0,0,0,0,0,0,0,0,0,0,0,0,0,0,0,0,0,0,0,0,0,0,0,0,0,0,0,0,2.94400000000314,0,13,0,0,0,0,0,6,258.670290487948,77.0250000000087,2,1,55.9550000000017,1,"2",66.3061857172498,NA,NA
"G13_2","000724DF2A",0,0,19.7710000000006,2,19.7710000000006,2,0,0,0,0,0,0,0,0,0,0,0,0,0,0,0,0,0,0,2,19.7710000000006,0,0,0,0,0,0,1,11.3790000000008,1,8.39199999999983,0,0,0,0,0,0,0,0,0,0,21.2760000000053,4,4,0,0,4,0,0,3,55.5680505169498,21.2760000000053,2,2,625.334000000003,5,"3",NA,NA,NA
"G13_2","000724EF35",0,0,0,0,0,0,0,0,0,0,0,0,0,0,0,0,0,0,0,0,0,0,0,0,0,0,0,0,0,0,0,0,0,0,0,0,0,0,0,0,0,0,0,0,0,0,8.8289999999979,1,0,0,0,0,0,0,10,291.942757888374,10.1809999999969,1,0,NA,NA,NA,NA,NA,NA
"G13_2","000724FD1B",4.6420000000071,3,225.689999999988,5,24.6619999999893,2,201.027999999998,3,0,0,0,0,0,0,0,0,0,0,0,0,0,0,0,0,5,225.689999999988,0,0,0,0,3,201.027999999998,2,60.2769999999946,3,165.412999999993,0,0,0,0,2,157.364999999998,0,0,0,0,238.577999999987,51,48,0,43,48,0,43,16,391.740463274616,244.512999999999,3,3,57.6500000000015,2,NA,NA,NA,NA
"G13_2","000726E250",0,0,22.2740000000049,2,22.2740000000049,2,0,0,0,0,36.525999999998,2,36.525999999998,2,25.4179999999978,1,0,0,0,0,0,0,0,0,2,22.2740000000049,2,36.525999999998,0,0,0,0,1,13.0650000000023,1,9.20900000000256,1,11.1080000000002,0,0,0,0,0,0,0,0,60.6549999999988,13,4,7,0,4,7,0,6,261.186645961451,60.8349999999991,3,3,76.6549999999988,3,NA,NA,NA,NA
"G14_1","000724C16B",14.5950000000012,6,47.7900000000009,1,0,0,47.7900000000009,1,24.0279999999984,1,136.706999999995,6,136.706999999995,6,69.0979999999981,3,0,0,0,0,0,0,0,0,1,47.7900000000009,6,136.706999999995,0,0,1,47.7900000000009,1,47.7900000000009,0,0,1,48.5720000000001,0,0,1,31.7079999999987,0,0,0,0,138.114000000001,29,15,29,10,10,29,10,33,1057.48499397227,248.75700000002,9,5,48.4309999999969,2,"1",30.2163634096724,45.121869772734,53.8834425186128
"G14_1","000724C37F",11.4909999999873,6,0,0,0,0,0,0,0,0,0,0,0,0,0,0,0,0,0,0,0,0,0,0,0,0,0,0,0,0,0,0,0,0,0,0,0,0,0,0,0,0,0,0,0,0,4.25899999999092,0,0,0,0,0,0,0,24,565.448807985339,71.9759999999951,5,1,48.6209999999992,3,"2",30.2163634096724,40.0528758278851,56.6926849916486
"G14_1","000724D725",13.9199999999983,4,97.2909999999902,9,6.06499999999505,1,91.2259999999951,8,196.577999999994,4,96.0279999999912,5,23.7999999999884,2,23.7999999999884,2,0,0,0,0,0,0,72.2280000000028,3,9,97.2909999999902,5,96.0279999999912,1,20.1979999999967,8,91.2259999999951,0,0,9,97.2909999999902,1,12.0779999999941,3,29.6009999999951,0,0,5,136.050999999999,6,150.762999999992,369.162999999971,79,63,20,19,20,24,19,47,1045.36232056235,405.035999999978,9,6,74.3940000000002,6,"3",46.2110676865629,45.121869772734,56.6926849916486
"G14_1","000724E4F4",2.99500000000262,2,70.4780000000028,4,26.9700000000012,2,43.5080000000016,2,13.760000000002,2,41.9030000000057,2,13.9660000000003,1,0,0,0,0,0,0,0,0,27.9370000000054,1,4,70.4780000000028,2,41.9030000000057,0,0,2,43.5080000000016,3,38.0250000000015,1,32.4530000000013,0,0,0,0,4,60.1790000000037,0,0,0,0,108.472999999998,23,18,9,9,15,9,9,24,677.698817283241,161.006000000001,8,5,49.2320000000036,4,NA,NA,NA,NA
"G14_1","000724FA70",1.73300000000017,1,34.4819999999963,3,0,0,34.4819999999963,3,0,0,133.788,3,131.053999999996,2,0,0,1.44200000000274,2,0,0,0,0,2.73400000000402,1,3,34.4819999999963,3,133.788,2,25.012999999999,3,34.4819999999963,0,0,3,34.4819999999963,1,22.5440000000017,1,14.851999999999,0,0,2,19.6299999999974,1,108.509999999995,182.244999999981,39,7,28,7,7,34,7,39,1119.31979046179,239.729999999974,8,6,48.3300000000017,1,NA,NA,NA,NA
"G14_1","000724FE72",14.0690000000104,7,196.245999999999,4,15.4369999999981,2,180.809000000001,2,18.7969999999987,2,58.2609999999986,4,42.8050000000003,2,0,0,1.88199999999779,3,13.724000000002,1,0,0,15.4559999999983,2,4,196.245999999999,4,58.2609999999986,1,175.214,2,180.809000000001,0,0,4,196.245999999999,1,29.0809999999983,1,175.214,0,0,0,0,1,9.33899999999994,310.89899999999,66,46,12,38,42,50,38,77,2278.97948546444,391.097000000009,15,10,68.976999999999,5,NA,NA,NA,NA
"G14_2","000724C16B",2.90699999999924,2,0,0,0,0,0,0,0,0,0,0,0,0,0,0,0,0,0,0,0,0,0,0,0,0,0,0,0,0,0,0,0,0,0,0,0,0,0,0,0,0,0,0,0,0,0,NA,0,0,0,0,0,0,3,55.7041515508494,3.08699999999953,0,0,NA,NA,"1",26.3285714285714,NA,NA
"G14_2","000724C37F",11.083000000006,3,0,0,0,0,0,0,0,0,0,0,0,0,0,0,0,0,0,0,0,0,0,0,0,0,0,0,0,0,0,0,0,0,0,0,0,0,0,0,0,0,0,0,0,0,2.02399999999034,0,0,0,0,0,0,0,10,386.250147467705,234.059000000001,5,2,74.7450000000026,2,"2",26.3285714285714,NA,16.5049337928443
"G14_2","000724D725",9.83699999999953,5,0,0,0,0,0,0,26.9239999999991,1,2.96600000000035,1,2.96600000000035,1,0,0,3.23600000000442,2,0,0,0,0,0,0,0,0,1,2.96600000000035,0,0,0,0,0,0,0,0,0,0,0,0,0,0,0,0,0,0,7.91599999999016,1,5,0,0,0,0,0,26,870.998008657193,116.65600000001,8,3,57.997000000003,1,"3",NA,NA,16.5049337928443
"G14_2","000724E4F4",0,0,0,0,0,0,0,0,0,0,0,0,0,0,0,0,0,0,0,0,0,0,0,0,0,0,0,0,0,0,0,0,0,0,0,0,0,0,0,0,0,0,0,0,0,0,0,NA,0,0,0,0,0,0,1,0,0.440999999998894,0,0,NA,NA,NA,NA,NA,NA
"G14_2","000724FA70",4.97099999999773,1,6.28199999999924,1,6.28199999999924,1,0,0,0,0,0,0,0,0,0,0,0,0,0,0,0,0,0,0,1,6.28199999999924,0,0,0,0,0,0,0,0,1,6.28199999999924,0,0,0,0,0,0,0,0,0,0,7.16300000000047,1,1,0,0,1,0,0,20,471.014854426544,306.481999999996,7,6,194.196000000004,3,NA,NA,NA,NA
"G14_2","000724FE72",3.08499999999913,2,0,0,0,0,0,0,0,0,17.0120000000024,1,0,0,0,0,0.512000000002445,1,0,0,0,0,17.0120000000024,1,0,0,1,17.0120000000024,0,0,0,0,0,0,0,0,0,0,0,0,0,0,0,0,0,0,0.86200000000099,0,0,3,0,0,3,0,17,381.786722497654,49.5830000000205,3,2,905.370999999999,4,NA,NA,NA,NA
"G15_1","000724B642",2.28600000000006,1,0,0,0,0,0,0,0,0,0,0,0,0,0,0,0,0,0,0,0,0,0,0,0,0,0,0,0,0,0,0,0,0,0,0,0,0,0,0,0,0,0,0,0,0,5.56999999999243,1,0,0,0,0,0,0,9,270.493806514935,11.9869999999937,1,0,NA,NA,"1",52.8658734838367,21.0428571428571,NA
"G15_1","000724DF2A",5.65000000000146,4,10.2610000000059,1,10.2610000000059,1,0,0,0,0,0,0,0,0,0,0,0,0,0,0,0,0,0,0,1,10.2610000000059,0,0,0,0,0,0,1,10.2610000000059,0,0,0,0,0,0,0,0,0,0,0,0,17.1280000000042,3,2,0,0,2,0,0,15,451.384035493204,42.3850000000093,5,3,164.269,2,"2",52.8658734838367,NA,32.0822770388886
"G15_1","000724EF35",9.19400000000314,4,13.6810000000041,2,13.6810000000041,2,0,0,0,0,0,0,0,0,0,0,0,0,0,0,0,0,0,0,2,13.6810000000041,0,0,0,0,0,0,0,0,2,13.6810000000041,0,0,0,0,0,0,0,0,0,0,23.8410000000076,5,2,0,0,2,0,0,24,557.622220070343,44.0990000000093,5,2,403.998,3,"3",NA,21.0428571428571,32.0822770388886
"G15_1","000726E250",0,0,19.109000000004,2,19.109000000004,2,0,0,0,0,0,0,0,0,0,0,0,0,0,0,0,0,0,0,2,19.109000000004,0,0,0,0,0,0,0,0,2,19.109000000004,0,0,0,0,0,0,0,0,0,0,24.6569999999992,5,4,0,0,4,0,0,7,339.119279309792,32.1709999999948,3,2,93.9800000000032,1,NA,NA,NA,NA
"G15_2","000724B642",2.22400000000198,1,32.0530000000072,2,26.9530000000013,1,5.10000000000582,1,0,0,131.463000000003,3,0,0,0,0,0,0,0,0,0,0,131.463000000003,3,2,32.0530000000072,3,131.463000000003,0,0,1,5.10000000000582,1,26.9530000000013,1,5.10000000000582,0,0,0,0,0,0,0,0,0,0,42.5200000000041,9,6,28,1,6,28,1,34,1160.76884652075,207.111000000012,6,5,90.6419999999998,6,"1",35.1906082218316,42.4601318549289,64.5665391423563
"G15_2","000724D4F3",1.39400000000023,1,25.7000000000044,2,19.976999999999,1,5.72300000000541,1,0,0,77.4539999999979,2,77.4539999999979,2,0,0,0,0,0,0,0,0,0,0,2,25.7000000000044,2,77.4539999999979,0,0,1,5.72300000000541,1,19.976999999999,1,5.72300000000541,0,0,1,5.72300000000541,0,0,0,0,0,0,32.5260000000126,6,5,16,1,5,16,1,23,559.381292865842,289.250000000007,8,5,41.6030000000028,1,"2",35.1906082218316,53.7483338453047,41.4706960108403
"G15_2","000724DF2A",0,0,14.1500000000015,2,0,0,14.1500000000015,2,0,0,12.2719999999972,2,12.2719999999972,2,0,0,3.53800000000047,4,12.2719999999972,2,0,0,0,0,2,14.1500000000015,2,12.2719999999972,0,0,2,14.1500000000015,0,0,2,14.1500000000015,0,0,1,7.46500000000378,0,0,0,0,0,0,36.1789999999964,7,3,2,3,3,2,3,38,1020.88035693229,136.81500000001,8,6,68.4000000000015,4,"3",39.6275919878229,42.4601318549289,41.4706960108403
"G15_2","000724EF35",2.08399999999529,2,21.9590000000026,3,0,0,21.9590000000026,3,88.6390000000029,2,23.1959999999963,1,23.1959999999963,1,0,0,4.52699999999459,3,23.1959999999963,1,0,0,0,0,3,21.9590000000026,1,23.1959999999963,0,0,3,21.9590000000026,0,0,3,21.9590000000026,1,23.1959999999963,1,7.53699999999662,0,0,3,96.8600000000079,0,0,148.46100000001,31,23,4,4,4,4,4,38,624.185966943701,178.772999999986,6,4,83.4780000000028,5,NA,NA,NA,NA
"G15_2","000724FD1B",7.1140000000014,2,80.3770000000077,3,17.9590000000026,1,62.4180000000051,2,23.9660000000003,1,204.135999999999,3,26.4830000000002,2,0,0,0.781000000002678,1,23.9660000000003,1,2.51699999999983,1,177.652999999998,1,3,80.3770000000077,3,204.135999999999,0,0,2,62.4180000000051,1,17.9590000000026,2,62.4180000000051,0,0,1,30.3919999999998,1,23.9660000000003,0,0,2,209.679000000004,301.527000000024,64,22,43,13,17,43,13,39,894.489212923433,355.252000000022,7,4,49.6290000000008,2,NA,NA,NA,NA
"G15_2","000726E250",6.06199999999808,2,125.345000000001,4,7.43299999999726,1,117.912000000004,3,7.08499999999913,1,167.250999999989,8,138.096999999994,6,11.5799999999945,1,3.54899999999907,1,0,0,0,0,29.153999999995,2,4,125.345000000001,8,167.250999999989,0,0,3,117.912000000004,0,0,4,125.345000000001,2,30.7279999999955,0,0,0,0,7,243.144,0,0,309.990000000005,66,28,35,25,26,35,25,31,784.203567867377,382.813999999998,10,8,67.8380000000034,3,NA,NA,NA,NA
"G16_1","000724C16B",3.01399999999558,1,0,0,0,0,0,0,49.3020000000033,1,4.98799999999756,1,4.98799999999756,1,0,0,0,0,0,0,0,0,0,0,0,0,1,4.98799999999756,0,0,0,0,0,0,0,0,0,0,0,0,0,0,0,0,0,0,20.2200000000012,4,10,1,0,0,1,0,16,467.04050488364,164.11299999999,7,4,59.4879999999976,4,"1",34.9583864600768,39.1407165681152,43.5175406546524
"G16_1","000724C37F",8.28500000000349,4,17.0260000000053,1,0,0,17.0260000000053,1,0,0,54.9979999999923,2,46.8059999999969,1,0,0,0,0,0,0,0,0,8.19199999999546,1,1,17.0260000000053,2,54.9979999999923,0,0,1,17.0260000000053,0,0,1,17.0260000000053,0,0,1,17.0260000000053,0,0,0,0,0,0,25.5790000000125,5,3,11,3,3,11,3,20,561.707331439861,145.108999999997,8,5,47.9530000000013,2,"2",34.9583864600768,41.9148980521698,46.3118765969324
"G16_1","000724D725",8.52300000000105,3,0,0,0,0,0,0,0,0,0,0,0,0,0,0,0,0,0,0,0,0,0,0,0,0,0,0,0,0,0,0,0,0,0,0,0,0,0,0,0,0,0,0,0,0,17.877999999997,3,0,0,0,0,0,0,20,558.128477487273,285.054999999993,8,3,69.9850000000006,6,"3",39.5110184167511,39.1407165681152,46.3118765969324
"G16_1","000724E4F4",13.1559999999881,5,33.5489999999991,1,0,0,33.5489999999991,1,0,0,28.7320000000036,1,28.7320000000036,1,28.7320000000036,1,0,0,0,0,0,0,0,0,1,33.5489999999991,1,28.7320000000036,1,33.5489999999991,1,33.5489999999991,1,33.5489999999991,0,0,0,0,0,0,0,0,0,0,0,0,37.2549999999901,8,7,6,7,7,13,7,23,565.966663694411,157.944999999985,7,4,45.9990000000034,1,NA,NA,NA,NA
"G16_1","000724FA70",11.0650000000023,7,0,0,0,0,0,0,0,0,0,0,12.448000000004,1,0,0,0.620999999999185,1,0,0,0,0,0,0,0,0,0,0,0,0,1,11.0760000000009,0,0,0,0,0,0,0,0,0,0,0,0,0,0,70.8759999999893,15,0,0,0,0,0,2,51,1587.19856658273,218.184999999983,15,9,59.7690000000002,5,NA,NA,NA,NA
"G16_1","000724FE72",24.6179999999949,8,0,0,0,0,0,0,5.56999999999971,1,0,0,37.7449999999953,3,15.4860000000044,1,2.10299999999552,1,0,0,0,0,15.1949999999997,2,0,0,0,0,0,0,4,42.3309999999983,0,0,0,0,0,0,0,0,0,0,0,0,0,0,118.844999999994,25,1,0,0,0,0,9,88,2742.55304843181,301.770999999957,20,12,54.1169999999984,3,NA,NA,NA,NA
"G16_2","000724C16B",1.50300000000425,1,0,0,0,0,0,0,0,0,2.56500000000233,1,0,0,0,0,0,0,0,0,0,0,2.56500000000233,1,0,0,1,2.56500000000233,0,0,0,0,0,0,0,0,0,0,0,0,0,0,0,0,0,0,0,NA,0,0,0,0,0,0,5,74.2041515508494,6.51400000001013,1,0,44.9550000000017,1,"1",NA,NA,NA
"G16_2","000724C37F",3.30599999999686,1,0,0,0,0,0,0,0,0,0,0,0,0,0,0,0,0,0,0,0,0,0,0,0,0,0,0,0,0,0,0,0,0,0,0,0,0,0,0,0,0,0,0,0,0,0,NA,0,0,0,0,0,0,1,0,3.30599999999686,1,0,NA,NA,"2",NA,NA,NA
"G16_2","000724D725",2.25499999999738,1,0,0,0,0,0,0,0,0,0,0,0,0,0,0,0,0,0,0,0,0,0,0,0,0,0,0,0,0,1,10.5749999999971,0,0,0,0,0,0,0,0,0,0,0,0,0,0,34.2099999999846,7,0,0,0,0,0,2,9,295.101310223354,36.464999999982,6,2,766.701999999997,3,"3",NA,NA,NA
"G16_2","000724E4F4",0,0,0,0,0,0,0,0,0,0,0,0,0,0,0,0,0,0,0,0,0,0,0,0,0,0,0,0,0,0,0,0,0,0,0,0,0,0,0,0,0,0,0,0,0,0,0,NA,0,0,0,0,0,0,2,37.1361010338996,0.71200000000681,0,0,NA,NA,NA,NA,NA,NA
"G16_2","000724FA70",3.06700000000274,1,0,0,0,0,0,0,57.5490000000063,3,0,0,0,0,0,0,0,0,0,0,0,0,0,0,0,0,0,0,0,0,1,51.5020000000004,0,0,0,0,0,0,0,0,0,0,0,0,0,0,68.7489999999962,14,12,0,0,0,0,11,18,349.616564594373,219.382000000005,4,2,680.067000000003,2,NA,NA,NA,NA
"G16_2","000724FE72",2.35499999999593,1,0,0,0,0,0,0,0,0,0,0,0,0,0,0,0,0,0,0,0,0,0,0,0,0,0,0,0,0,0,0,0,0,0,0,0,0,0,0,0,0,0,0,0,0,5.07300000000396,1,0,0,0,0,0,0,4,104.881915835127,7.95899999999529,2,0,NA,NA,NA,NA,NA,NA
"G17_1","000724B642",0,0,0,0,0,0,0,0,0,0,0,0,0,0,0,0,0,0,0,0,0,0,0,0,0,0,0,0,0,0,0,0,0,0,0,0,0,0,0,0,0,0,0,0,0,0,2.27599999999802,0,0,0,0,0,0,0,3,98.0987257817348,2.70799999999872,0,0,NA,NA,"1",NA,NA,NA
"G17_1","000724D4F3",1.66599999999744,1,0,0,0,0,0,0,0,0,0,0,0,0,0,0,0,0,0,0,0,0,0,0,0,0,0,0,0,0,0,0,0,0,0,0,0,0,0,0,0,0,0,0,0,0,0,NA,0,0,0,0,0,0,3,37.1361010338996,7.90899999999965,1,1,566.514000000003,2,"2",NA,NA,NA
"G17_1","000724DF2A",2.17700000000332,1,0,0,0,0,0,0,0,0,0,0,0,0,0,0,0,0,0,0,0,0,0,0,0,0,0,0,0,0,0,0,0,0,0,0,0,0,0,0,0,0,0,0,0,0,0,NA,0,0,0,0,0,0,3,18.5680505169498,13.1630000000005,2,1,406.853999999999,1,"3",NA,NA,NA
"G17_1","000724EF35",4.9120000000039,2,0,0,0,0,0,0,0,0,0,0,0,0,0,0,0,0,0,0,0,0,0,0,0,0,0,0,0,0,0,0,0,0,0,0,0,0,0,0,0,0,0,0,0,0,3.40800000000309,0,0,0,0,0,0,0,6,122.357705481035,9.26300000000629,2,0,NA,NA,NA,NA,NA,NA
"G17_2","000724B642",5.28000000000611,3,0,0,0,0,0,0,13.4839999999967,1,151.282999999996,8,98.8819999999978,4,92.1670000000013,2,0.52100000000064,1,0,0,0,0,52.400999999998,4,0,0,8,151.282999999996,0,0,0,0,0,0,0,0,0,0,0,0,0,0,0,0,0,0,21.3210000000036,4,2,32,0,0,32,0,60,1738.62507605112,316.186000000009,9,4,65.6900000000023,6,"1",63.9967520588042,36.7462830026285,35.0833860887043
"G17_2","000724D4F3",7.27300000000105,2,0,0,0,0,0,0,9.52799999999843,1,33.6519999999946,2,29.6549999999988,1,0,0,1.35300000000279,1,0,0,0,0,3.99699999999575,1,0,0,2,33.6519999999946,0,0,0,0,0,0,0,0,0,0,0,0,0,0,0,0,0,0,26.7969999999914,5,2,7,0,0,7,0,28,688.130388303527,277.998999999982,10,3,28.2180000000008,1,"2",63.9967520588042,50.0996172780918,34.9193567868628
"G17_2","000724DF2A",9.39699999999721,4,34.2149999999965,3,0,0,34.2149999999965,3,17.0729999999967,1,55.762999999999,3,55.762999999999,3,47.6970000000001,2,3.21499999999651,3,8.06599999999889,1,0,0,0,0,3,34.2149999999965,3,55.762999999999,1,11.8480000000054,3,34.2149999999965,1,17.1659999999974,2,17.0489999999991,0,0,0,0,3,25.4689999999973,0,0,0,0,63.4869999999864,13,11,11,7,7,14,7,35,914.500512873011,199.296999999984,9,5,57.0440000000017,4,"3",64.3867146823844,36.7462830026285,34.9193567868628
"G17_2","000724EF35",1.16399999999703,1,134.692999999999,2,0,0,134.692999999999,2,0,0,103.646000000008,9,33.2690000000075,4,17.4150000000081,2,0.450000000004366,1,0,0,0,0,70.3770000000004,5,2,134.692999999999,9,103.646000000008,1,128.560000000005,2,134.692999999999,1,128.560000000005,1,6.13299999999435,0,0,0,0,1,5.95699999999488,0,0,0,0,169.012999999999,36,28,22,28,28,49,28,46,1079.92144113604,292.429000000018,7,5,33.5270000000019,2,NA,NA,NA,NA
"G17_2","000724FD1B",11.2639999999956,5,99.0469999999914,4,0,0,99.0469999999914,4,23.4989999999962,1,98.304999999993,3,0,0,0,0,0,0,0,0,0,0,98.304999999993,3,4,99.0469999999914,3,98.304999999993,0,0,4,99.0469999999914,0,0,4,99.0469999999914,0,0,1,52.7609999999986,0,0,0,0,3,105.088999999993,188.933000000019,40,26,21,21,21,21,21,68,1744.28319579311,402.409000000014,9,7,35.9020000000019,3,NA,NA,NA,NA
"G17_2","000726E250",8.76400000001013,3,24.6370000000024,1,0,0,24.6370000000024,1,28.5729999999967,2,188.125,4,188.125,4,49.9459999999963,1,0,0,0,0,0,0,0,0,1,24.6370000000024,4,188.125,0,0,1,24.6370000000024,0,0,1,24.6370000000024,0,0,1,24.6370000000024,0,0,0,0,0,0,39.4090000000069,8,11,40,5,5,40,5,25,744.718241951195,349.360000000022,7,3,60.5299999999988,5,NA,NA,NA,NA
"G18_1","000724C16B",6.14099999999598,2,104.387999999992,6,0,0,104.387999999992,6,87.5849999999991,3,82.9029999999912,5,67.8479999999909,3,44.4869999999937,1,0,0,0,0,0,0,15.0550000000003,2,6,104.387999999992,5,82.9029999999912,0,0,6,104.387999999992,0,0,6,104.387999999992,1,7.71199999999953,1,24.0059999999939,0,0,8,187.319999999992,1,25.1339999999982,256.212999999982,55,41,17,22,22,17,22,31,687.109131645077,302.077999999987,7,5,31.7019999999975,3,"1",36.5972570837552,70.0202230417147,57.0117242716468
"G18_1","000724C37F",13.1700000000055,5,57.1740000000063,2,5.6820000000007,1,51.4920000000056,1,0,0,221.461000000003,4,103.650000000001,2,99.3830000000016,1,2.42199999999139,2,0,0,0,0,117.811000000002,2,2,57.1740000000063,4,221.461000000003,1,5.6820000000007,1,51.4920000000056,0,0,2,57.1740000000063,3,217.194000000003,0,0,0,0,2,57.9110000000073,0,0,298.658000000003,64,12,47,11,12,48,11,34,997.142642892112,342.876000000018,14,6,31.0919999999969,2,"2",36.5972570837552,71.6281317586674,49.6564216795369
"G18_1","000724D725",26.5779999999941,11,19.0919999999969,1,0,0,19.0919999999969,1,82.5849999999991,3,52.7170000000042,3,0,0,0,0,0,0,0,0,0,0,52.7170000000042,3,1,19.0919999999969,3,52.7170000000042,0,0,1,19.0919999999969,0,0,1,19.0919999999969,1,30.6010000000024,0,0,0,0,1,19.0919999999969,0,0,83.8969999999899,18,21,11,4,4,11,4,48,1174.842514058,452.057999999968,12,6,33.0740000000005,4,"3",40.2001464428031,70.0202230417147,49.6564216795369
"G18_1","000724E4F4",13.1180000000022,4,168.866999999998,6,91.9590000000026,4,76.9079999999958,2,40.5659999999989,1,7.19199999999546,1,0,0,0,0,0,0,0,0,0,0,7.19199999999546,1,6,168.866999999998,1,7.19199999999546,0,0,2,76.9079999999958,4,91.9590000000026,2,76.9079999999958,0,0,0,0,4,124.66599999999,0,0,0,0,221.150999999983,47,45,1,16,36,1,16,31,712.402455175016,301.40399999998,11,9,41.1900000000023,6,NA,NA,NA,NA
"G18_1","000724FA70",13.4979999999996,5,70.0720000000001,3,0,0,70.0720000000001,3,7.77100000000064,1,22.6330000000016,2,18.8459999999977,1,0,0,0,0,0,0,0,0,3.7870000000039,1,3,70.0720000000001,2,22.6330000000016,0,0,3,70.0720000000001,0,0,3,70.0720000000001,0,0,2,23.7799999999988,0,0,0,0,2,54.0630000000019,101.366000000009,21,16,4,15,15,4,15,65,1723.67089083613,348.390999999989,11,5,28.7090000000026,1,NA,NA,NA,NA
"G18_1","000724FE72",14.3340000000026,5,59.8569999999891,8,38.5269999999946,5,21.3299999999945,3,0,0,96.9519999999902,3,79.5169999999925,2,27.2599999999948,1,6.56400000000576,6,0,0,0,0,0,0,8,59.8569999999891,3,96.9519999999902,2,16.8089999999938,3,21.3299999999945,1,10.9830000000002,7,48.8739999999889,1,52.2569999999978,1,5.42899999999645,1,8.04099999999744,1,9.91799999999785,1,5.98300000000017,169.385999999991,36,12,20,4,12,24,4,90,2619.64400833523,347.106999999967,18,10,39.9669999999969,5,NA,NA,NA,NA
"G18_2","000724C16B",0,0,0,0,0,0,0,0,0,0,0,0,0,0,0,0,0,0,0,0,0,0,0,0,0,0,0,0,0,0,0,0,0,0,0,0,0,0,0,0,0,0,0,0,0,0,0,NA,0,0,0,0,0,0,1,0,0.180000000000291,0,0,NA,NA,"1",NA,NA,NA
"G18_2","000724D725",0,0,0,0,0,0,0,0,0,0,0,0,0,0,0,0,0,0,0,0,0,0,0,0,0,0,0,0,0,0,0,0,0,0,0,0,0,0,0,0,0,0,0,0,0,0,1.31400000000576,0,0,0,0,0,0,0,3,50.7680505169498,2.17800000000716,0,0,NA,NA,"2",NA,NA,NA
"G18_2","000724E4F4",0,0,0,0,0,0,0,0,0,0,0,0,0,0,0,0,0,0,0,0,0,0,0,0,0,0,0,0,0,0,0,0,0,0,0,0,0,0,0,0,0,0,0,0,0,0,0.590000000003783,0,0,0,0,0,0,0,2,18.5,0.590000000003783,0,0,NA,NA,"3",NA,NA,NA
"G18_2","000724FA70",7.41700000000856,5,6.10000000000582,1,6.10000000000582,1,0,0,0,0,0,0,0,0,0,0,0,0,0,0,0,0,0,0,1,6.10000000000582,0,0,0,0,0,0,0,0,1,6.10000000000582,0,0,0,0,0,0,0,0,0,0,17.1040000000139,3,1,0,0,1,0,0,23,817.396283941548,56.316000000028,7,4,59.1259999999966,1,NA,NA,NA,NA
"G18_2","000724FE72",0,0,6.75099999999657,1,6.75099999999657,1,0,0,0,0,0,0,0,0,0,0,0,0,0,0,0,0,0,0,1,6.75099999999657,0,0,0,0,0,0,0,0,1,6.75099999999657,0,0,0,0,0,0,0,0,0,0,9.29599999999482,1,1,0,0,1,0,0,2,66.8726588375249,9.29599999999482,2,1,792.642,2,NA,NA,NA,NA
"G19_1","000724B642",1.57399999999325,1,0,0,0,0,0,0,0,0,0,0,0,0,0,0,0,0,0,0,0,0,0,0,0,0,0,0,0,0,0,0,0,0,0,0,0,0,0,0,0,0,0,0,0,0,0,NA,0,0,0,0,0,0,1,0,1.57399999999325,0,0,NA,NA,"1",NA,NA,NA
"G19_1","000724DF2A",4.99900000000343,1,0,0,0,0,0,0,0,0,0,0,0,0,0,0,0,0,0,0,0,0,0,0,0,0,0,0,0,0,0,0,0,0,0,0,0,0,0,0,0,0,0,0,0,0,5.95100000000093,1,0,0,0,0,0,0,5,215.724593880694,11.221000000005,2,0,NA,NA,"2",NA,NA,18.5680505169498
"G19_1","000726E250",6.00200000000041,2,5.22099999999773,1,5.22099999999773,1,0,0,0,0,0,0,0,0,0,0,0,0,0,0,0,0,0,0,1,5.22099999999773,0,0,0,0,0,0,0,0,1,5.22099999999773,0,0,0,0,0,0,0,0,0,0,5.22099999999773,1,1,0,0,1,0,0,3,111.408303101699,11.2229999999981,2,1,360.108,1,"3",NA,NA,18.5680505169498
"G19_2","000724B642",19.1529999999984,8,185.962999999996,4,11.8439999999973,1,174.118999999999,3,0,0,25.4980000000069,3,11.7610000000059,2,0,0,2.23500000000058,1,0,0,1.21300000000338,1,13.737000000001,1,4,185.962999999996,3,25.4980000000069,1,11.8439999999973,3,174.118999999999,1,11.8439999999973,3,174.118999999999,1,7.46300000000338,0,0,2,168.300000000003,1,5.81899999999587,0,0,217.507999999994,46,39,5,37,39,8,37,58,1798.89003823419,287.111000000026,11,3,59.0509999999995,6,"1",30.982674739337,56.5471350240049,52.0586751162211
"G19_2","000724D4F3",2.20599999999831,1,103.872000000003,5,20.6910000000062,3,83.1809999999969,2,95.7350000000006,1,164.577000000005,2,164.577000000005,2,95.7350000000006,1,1.68499999999767,2,0,0,0,0,0,0,5,103.872000000003,2,164.577000000005,0,0,2,83.1809999999969,2,46.2520000000004,3,57.6200000000026,0,0,0,0,3,148.095000000001,0,0,0,0,210.643000000011,45,42,35,17,22,35,17,24,756.669520448785,294.318000000021,6,4,38.4250000000029,1,"2",30.982674739337,51.3998013684586,65.0865787742272
"G19_2","000724DF2A",2.99700000000303,2,134.496999999996,2,5.93400000000111,1,128.562999999995,1,58.6800000000003,1,0,0,0,0,0,0,1.91300000000047,1,0,0,0,0,0,0,2,134.496999999996,0,0,0,0,1,128.562999999995,1,128.562999999995,1,5.93400000000111,0,0,0,0,1,58.6800000000003,0,0,0,0,201.76200000001,43,41,0,27,28,0,27,21,433.830471521575,218.085999999996,6,2,58.5,5,"3",27.4059085118635,56.5471350240049,65.0865787742272
"G19_2","000724EF35",3.30999999999767,2,105.994999999995,7,61.7869999999966,2,44.2079999999987,5,6.96100000000297,1,124.783999999992,6,23.3429999999935,4,16.1699999999983,2,14.4420000000027,5,0,0,0.722999999998137,1,101.440999999999,2,7,105.994999999995,6,124.783999999992,2,52.137999999999,5,44.2079999999987,1,18.015999999996,6,87.9789999999994,2,81.7439999999988,2,20.1199999999953,1,43.7710000000006,3,23.4960000000065,2,36.4470000000001,270.888999999981,58,24,26,9,22,38,9,66,1666.74096192303,325.796999999984,9,8,50.1460000000006,3,NA,NA,NA,NA
"G19_2","000724FD1B",1.13300000000163,1,265.019999999997,8,55.0380000000005,2,209.981999999996,6,5.7410000000018,1,81.1599999999889,5,57.6479999999938,3,0,0,2.64499999998952,3,0,0,0,0,23.5119999999952,2,8,265.019999999997,5,81.1599999999889,0,0,6,209.981999999996,1,44.0120000000024,7,221.007999999994,0,0,3,99.0880000000034,3,136.955999999991,0,0,4,57.1309999999939,359.98499999995,77,58,17,45,56,17,45,68,1653.59756717887,451.489999999976,7,6,53.9510000000009,4,NA,NA,NA,NA
"G19_2","000726E250",16.6230000000141,6,164.398000000001,7,14.3660000000018,2,150.031999999999,5,0,0,256.661999999989,9,225.662999999993,7,17.5,1,5.2410000000018,3,37.8819999999978,3,0,0,30.9989999999962,2,7,164.398000000001,9,256.661999999989,0,0,5,150.031999999999,0,0,7,164.398000000001,2,34.112000000001,1,8.19900000000052,0,0,7,124.834999999999,5,262.074000000001,472.111999999994,101,35,55,32,35,55,32,51,1517.34748162309,537.377000000015,12,7,40.6330000000016,2,NA,NA,NA,NA
"G2_1","000724C16B",16.2879999999932,6,70.4579999999987,1,70.4579999999987,1,0,0,82.244999999999,2,23.257999999998,2,2.21299999999974,1,0,0,0,0,0,0,2.21299999999974,1,21.0449999999983,1,1,70.4579999999987,2,23.257999999998,1,70.4579999999987,0,0,1,70.4579999999987,0,0,0,0,0,0,3,103.289999999997,0,0,0,0,180.021000000001,38,32,4,0,15,20,0,21,561.844884748414,213.009999999998,8,2,58.6209999999992,3,"1",25.108784067232,19.2753862688139,18.5680505169498
"G2_1","000724C37F",3.16699999999764,2,182.583999999999,4,130.578000000001,2,52.0059999999976,2,32.0060000000012,2,0,0,0,0,0,0,0,0,0,0,0,0,0,0,4,182.583999999999,0,0,0,0,2,52.0059999999976,1,22.4019999999982,3,160.182000000001,0,0,1,124.964,4,88.6730000000025,0,0,1,29.6039999999994,275.813999999998,59,46,0,11,39,0,11,28,504.063437320064,287.610999999997,4,2,54.0790000000015,1,"2",25.108784067232,37.1361010338996,31.9508331814265
"G2_1","000724D725",17.6720000000023,6,31.479000000003,3,0,0,31.479000000003,3,0,0,0,0,0,0,0,0,0,0,0,0,0,0,0,0,3,31.479000000003,0,0,0,0,3,31.479000000003,0,0,3,31.479000000003,0,0,2,21.594000000001,0,0,0,0,1,9.88500000000204,42.7180000000008,9,6,0,6,6,0,6,31,890.565203003546,90.0940000000082,10,2,444.367999999999,6,"3",18.5680505169498,19.2753862688139,31.9508331814265
"G2_1","000724E4F4",12.8559999999998,6,132.067999999996,7,46.8559999999961,4,85.2119999999995,3,0,0,0,0,0,0,0,0,0,0,0,0,1.58299999999872,1,0,0,7,132.067999999996,0,0,0,0,3,85.2119999999995,2,32.0929999999971,5,99.9749999999985,0,0,0,0,3,85.2119999999995,0,0,0,0,151.394999999993,32,28,0,18,28,0,18,33,896.409068460967,196.59299999999,13,6,68.0529999999999,4,NA,NA,NA,NA
"G2_1","000724FA70",11.0150000000103,6,60.8660000000018,1,0,0,60.8660000000018,1,0,0,105.199000000001,3,5.3760000000002,1,0,0,6.44900000000052,2,0,0,0,0,99.8230000000003,2,1,60.8660000000018,3,105.199000000001,0,0,1,60.8660000000018,0,0,1,60.8660000000018,1,5.3760000000002,0,0,0,0,2,155.866000000002,0,0,175.858000000007,37,13,22,13,13,22,13,35,956.924788809559,200.286000000015,6,1,55.8650000000016,2,NA,NA,NA,NA
"G2_1","000724FE72",2.24399999999878,1,36.2380000000012,3,7.72600000000239,1,28.5119999999988,2,0,0,137.598999999998,3,137.598999999998,3,137.598999999998,3,0,0,0,0,0,0,0,0,3,36.2380000000012,3,137.598999999998,1,13.1949999999997,2,28.5119999999988,0,0,3,36.2380000000012,1,103.580999999998,1,13.1949999999997,0,0,3,49.3349999999991,1,7.72600000000239,188.840999999997,40,7,29,6,7,32,6,34,820.389765211677,223.265999999992,6,4,74.2170000000006,5,NA,NA,NA,NA
"G2_2","000724C16B",3.23599999999715,2,0,0,0,0,0,0,0,0,28.0980000000018,2,25.3220000000001,1,0,0,0,0,0,0,0,0,0,0,0,0,2,28.0980000000018,0,0,0,0,0,0,0,0,1,25.3220000000001,0,0,0,0,0,0,0,0,28.0580000000009,6,0,6,0,0,6,0,18,440.515710938984,75.2090000000026,5,2,88.1320000000014,3,"1",54.7219723169193,20.2265127016954,37.1361010338996
"G2_2","000724C37F",5.56499999999869,3,0,0,0,0,0,0,0,0,0,0,0,0,0,0,0,0,0,0,0,0,0,0,0,0,0,0,0,0,0,0,0,0,0,0,0,0,0,0,0,0,0,0,0,0,5.88700000000244,1,0,0,0,0,0,0,12,267.936756145576,14.6410000000069,1,0,38.7720000000008,1,"2",54.7219723169193,66.7216044471354,33.7668850372256
"G2_2","000724D725",7.73700000000099,4,307.106,2,0,0,307.106,2,6.71299999999974,1,19.494999999999,3,19.494999999999,3,9.46299999999974,1,10.6529999999984,3,0,0,0,0,0,0,2,307.106,3,19.494999999999,0,0,2,307.106,0,0,2,307.106,1,5.48300000000017,0,0,0,0,2,307.106,0,0,327.190999999992,70,67,4,66,66,4,66,28,581.575195251911,361.922999999988,4,2,104.303,5,"3",66.8726588375249,20.2265127016954,33.7668850372256
"G2_2","000724E4F4",0,0,14.599000000002,1,14.599000000002,1,0,0,0,0,2.84599999999773,1,0,0,0,0,0,0,0,0,0,0,2.84599999999773,1,1,14.599000000002,1,2.84599999999773,1,14.599000000002,0,0,1,14.599000000002,0,0,0,0,0,0,0,0,0,0,0,0,14.599000000002,3,3,0,0,3,3,0,8,92.5680505169498,26.1479999999974,2,2,49.1450000000004,2,NA,NA,NA,NA
"G2_2","000724FA70",4.9059999999954,2,0,0,0,0,0,0,0,0,0,0,0,0,0,0,0,0,0,0,0,0,0,0,0,0,0,0,0,0,0,0,0,0,0,0,0,0,0,0,0,0,0,0,0,0,3.22100000000137,0,0,0,0,0,0,0,16,490.784718421909,19.0629999999983,3,0,429.974999999999,6,NA,NA,NA,NA
"G2_2","000724FE72",4.35099999999875,2,0,0,0,0,0,0,0,0,6.97299999999814,2,6.97299999999814,2,0,0,2.65399999999863,1,0,0,0,0,0,0,0,0,2,6.97299999999814,0,0,0,0,0,0,0,0,0,0,0,0,0,0,0,0,0,0,7.85399999999936,1,0,1,0,0,1,0,11,287.226330012169,24.3180000000066,4,0,91.7089999999989,4,NA,NA,NA,NA
"G20_1","000724C16B",9.24300000000221,4,167.956999999995,3,108.599999999999,1,59.3569999999963,2,0,0,17.3589999999967,2,17.3589999999967,2,0,0,0,0,0,0,0,0,0,0,3,167.956999999995,2,17.3589999999967,0,0,2,59.3569999999963,1,108.599999999999,2,59.3569999999963,0,0,0,0,2,59.3569999999963,0,0,0,0,186.397999999994,40,36,3,12,36,3,12,15,357.695781153305,200.208999999988,6,2,58.9460000000036,2,"1",39.1225259977975,52.4240994527836,39.621521807302
"G20_1","000724C37F",11.3700000000026,4,66.1130000000048,2,0,0,66.1130000000048,2,0,0,175.934000000001,3,175.934000000001,3,175.934000000001,3,0,0,0,0,0,0,0,0,2,66.1130000000048,3,175.934000000001,0,0,2,66.1130000000048,1,44.0050000000047,1,22.1080000000002,0,0,0,0,3,170.987000000001,0,0,0,0,244.604000000007,52,14,37,14,14,37,14,16,536.25326647784,258.909000000014,5,2,80.5630000000019,6,"2",39.1225259977975,49.6689592631089,43.8079432732262
"G20_1","000724D725",28.9409999999989,9,0,0,0,0,0,0,0,0,0,0,4.39699999999721,1,0,0,0,0,0,0,0,0,0,0,0,0,0,0,0,0,0,0,0,0,0,0,0,0,0,0,0,0,0,0,0,0,60.6099999999933,13,0,0,0,0,0,0,38,1045.2535227175,251.616999999977,14,5,79.650999999998,5,"3",42.6658956329317,52.4240994527836,43.8079432732262
"G20_1","000724E4F4",9.74699999999575,4,16.3440000000046,3,10.7640000000029,2,5.58000000000175,1,8.33400000000256,1,77.3309999999983,1,77.3309999999983,1,77.3309999999983,1,0,0,0,0,0,0,0,0,3,16.3440000000046,1,77.3309999999983,0,0,1,5.58000000000175,0,0,3,16.3440000000046,0,0,0,0,0,0,0,0,0,0,113.239000000009,24,5,16,1,3,16,1,21,501.243733378543,151.439000000006,9,5,58.5760000000009,1,NA,NA,NA,NA
"G20_1","000724FA70",18.028999999995,8,0,0,0,0,0,0,16.3139999999985,1,0,0,138.700000000004,3,138.700000000004,3,0,0,0,0,0,0,45.4089999999997,1,0,0,0,0,0,0,0,0,0,0,0,0,0,0,0,0,0,0,0,0,0,0,32.2629999999917,6,3,0,0,0,0,0,58,1755.40557492118,345.64599999995,14,6,59.7779999999984,3,NA,NA,NA,NA
"G20_1","000724FE72",17.1459999999861,6,0,0,0,0,0,0,10.1880000000019,2,0,0,2.18499999999767,1,0,0,3.04599999999482,2,0,0,0,0,70.3070000000007,4,0,0,0,0,0,0,0,0,0,0,0,0,0,0,0,0,0,0,0,0,0,0,17.0799999999872,3,2,0,0,0,0,0,83,2284.31835648393,289.207999999962,14,5,62.2830000000031,4,NA,NA,NA,NA
"G20_2","000724C16B",4.84999999999127,2,0,0,0,0,0,0,0,0,0,0,0,0,0,0,0,0,0,0,0,0,0,0,0,0,0,0,0,0,0,0,0,0,0,0,0,0,0,0,0,0,0,0,0,0,0.459999999999127,0,0,0,0,0,0,0,3,37.1361010338996,5.3099999999904,1,0,47.9680000000008,1,"1",NA,26.4480144334142,NA
"G20_2","000724D725",5.14700000000448,3,0,0,0,0,0,0,0,0,0,0,0,0,0,0,0,0,0,0,0,0,0,0,0,0,0,0,0,0,0,0,0,0,0,0,0,0,0,0,0,0,0,0,0,0,1.37399999999616,0,0,0,0,0,0,0,7,218.049924743053,16.3309999999983,2,1,374.938000000002,4,"2",NA,NA,32.0822770388886
"G20_2","000724E4F4",2.6359999999986,1,0,0,0,0,0,0,0,0,0,0,0,0,0,0,0,0,0,0,0,0,0,0,0,0,0,0,0,0,0,0,0,0,0,0,0,0,0,0,0,0,0,0,0,0,1.69400000000314,0,0,0,0,0,0,0,6,160.244362526574,5.84299999999348,1,0,NA,NA,"3",NA,26.4480144334142,32.0822770388886
"G20_2","000724FA70",6.02499999999418,2,0,0,0,0,0,0,0,0,0,0,0,0,0,0,0,0,0,0,0,0,0,0,0,0,0,0,0,0,0,0,0,0,0,0,0,0,0,0,0,0,0,0,0,0,25.5409999999902,5,0,0,0,0,0,0,26,1031.71447320973,75.8799999999756,8,6,366.830999999998,3,NA,NA,NA,NA
"G20_2","000724FE72",5.09900000000198,2,0,0,0,0,0,0,0,0,0,0,0,0,0,0,0,0,0,0,0,0,0,0,0,0,0,0,0,0,0,0,0,0,0,0,0,0,0,0,0,0,0,0,0,0,0,NA,0,0,0,0,0,0,7,197.665209189454,17.1210000000065,3,2,96.5009999999966,2,NA,NA,NA,NA
"G21_1","000724DDBC",2.69700000000375,2,0,0,0,0,0,0,0,0,0,0,0,0,0,0,0,0,0,0,0,0,0,0,0,0,0,0,0,0,0,0,0,0,0,0,0,0,0,0,0,0,0,0,0,0,7.44799999999668,1,0,0,0,0,0,0,9,180.218378072788,16.630000000001,2,1,394.598999999998,3,"1",32.2286385194443,NA,NA
"G21_1","000724E4F9",8.49799999999959,3,7.70699999999852,1,7.70699999999852,1,0,0,0,0,0,0,0,0,0,0,0,0,0,0,0,0,0,0,1,7.70699999999852,0,0,0,0,0,0,0,0,1,7.70699999999852,0,0,0,0,0,0,0,0,0,0,10.5220000000008,2,1,0,0,1,0,0,10,256.35509260934,25.8339999999989,4,2,164.529999999999,1,"2",32.2286385194443,NA,NA
"G21_1","00072508EE",1.66400000000067,1,0,0,0,0,0,0,0,0,0,0,0,0,0,0,0,0,0,0,0,0,0,0,0,0,0,0,0,0,0,0,0,0,0,0,0,0,0,0,0,0,0,0,0,0,2.08599999999933,0,0,0,0,0,0,0,3,37.0680505169498,14.9939999999988,2,1,170.061000000002,2,"3",NA,NA,NA
"G21_2","000724D2AE",0,0,0,0,0,0,0,0,28.6729999999989,1,11.3260000000009,1,11.3260000000009,1,11.3260000000009,1,0,0,0,0,0,0,0,0,0,0,1,11.3260000000009,0,0,0,0,0,0,0,0,1,11.3260000000009,0,0,0,0,1,28.6729999999989,0,0,40.8810000000012,8,6,2,0,0,2,0,4,67.6174134078172,41.7639999999992,1,1,818.639999999999,6,"1",NA,33.2615290376108,NA
"G21_2","000724DDBC",7.31700000000274,3,21.0040000000008,1,0,0,21.0040000000008,1,0,0,14.9419999999991,2,14.9419999999991,2,0,0,3.93000000000029,1,11.0119999999988,1,0,0,0,0,1,21.0040000000008,2,14.9419999999991,1,21.0040000000008,0,0,0,0,1,21.0040000000008,0,0,1,21.0040000000008,0,0,0,0,0,0,41.1380000000026,8,4,3,4,4,7,0,33,854.66026713296,90.7680000000037,11,4,312.687000000002,3,"2",NA,NA,30.3616037036129
"G21_2","000724E4F9",24.5740000000005,11,96.6779999999999,6,37.4940000000024,4,59.1839999999975,2,0,0,0,0,0,0,0,0,0,0,0,0,0,0,0,0,6,96.6779999999999,0,0,0,0,2,59.1839999999975,4,83.9439999999995,2,12.7340000000004,0,0,0,0,2,12.7340000000004,0,0,0,0,118.823,25,20,0,12,20,0,12,59,1782.51274203682,186.619000000002,16,6,199.986000000001,1,"3",NA,33.2615290376108,30.3616037036129
"G21_2","000724EE79",15.5870000000068,6,0,0,0,0,0,0,0,0,82.7100000000028,3,82.7100000000028,3,0,0,0.61200000000099,1,82.7100000000028,3,0,0,0,0,0,0,3,82.7100000000028,0,0,0,0,0,0,0,0,1,6.09300000000076,0,0,0,0,0,0,0,0,25.7880000000077,5,0,17,0,0,17,0,29,631.33886576221,140.947000000015,11,5,572.403999999999,5,NA,NA,NA,NA
"G21_2","0007250390",13.2429999999913,5,12.4779999999992,2,12.4779999999992,2,0,0,0,0,8.7400000000016,1,8.7400000000016,1,0,0,0,0,8.7400000000016,1,0,0,0,0,2,12.4779999999992,1,8.7400000000016,0,0,0,0,0,0,2,12.4779999999992,0,0,0,0,0,0,0,0,0,0,71.5230000000083,15,2,1,0,2,1,0,31,657.643287377885,164.130999999998,9,4,539.271000000001,4,NA,NA,NA,NA
"G21_2","00072508EE",8.2980000000025,3,7.71800000000076,1,7.71800000000076,1,0,0,168.186000000002,1,27.900999999998,2,20.5479999999989,1,20.5479999999989,1,0,0,0,0,0.540999999997439,1,7.35299999999916,1,1,7.71800000000076,2,27.900999999998,0,0,0,0,0,0,1,7.71800000000076,1,20.5479999999989,0,0,0,0,1,168.186000000002,0,0,211.723999999998,45,37,5,0,1,5,0,17,354.386722497654,240.353999999999,8,3,203.944,2,NA,NA,NA,NA
"G22_1","000724D729",9.51500000000306,4,0,0,0,0,0,0,0,0,0,0,0,0,0,0,0,0,0,0,0,0,0,0,0,0,0,0,0,0,0,0,0,0,0,0,0,0,0,0,0,0,0,0,0,0,3.22599999999511,0,0,0,0,0,0,0,10,194.172202067799,17.5200000000004,4,0,343.136999999999,2,"1",NA,NA,NA
"G22_1","000724D967",7.49399999999878,2,138.625999999997,1,0,0,138.625999999997,1,0,0,0,0,0,0,0,0,0,0,0,0,0,0,0,0,1,138.625999999997,0,0,0,0,1,138.625999999997,1,138.625999999997,0,0,0,0,0,0,0,0,0,0,0,0,142.093999999997,30,29,0,29,29,0,29,6,173.631639929756,157.693999999996,5,2,188.330000000002,1,"2",NA,NA,NA
"G22_1","000724DFEA",0,0,0,0,0,0,0,0,0,0,0,0,0,0,0,0,0,0,0,0,0,0,0,0,0,0,0,0,0,0,0,0,0,0,0,0,0,0,0,0,0,0,0,0,0,0,2.60399999999936,0,0,0,0,0,0,0,1,0,2.60399999999936,1,0,NA,NA,"3",NA,NA,NA
"G22_2","000724D1F3",7.86500000000888,4,0,0,0,0,0,0,153.980000000003,3,231.035000000003,8,96.9779999999992,6,0,0,0.99199999999837,1,37.2060000000019,2,0,0,134.057000000004,2,0,0,8,231.035000000003,0,0,0,0,0,0,0,0,0,0,0,0,0,0,0,0,0,0,17.1369999999988,3,33,49,0,0,49,0,61,1274.58961523949,483.665000000015,12,4,159.371999999999,5,"1",57.9586936707901,24.4604154435737,52.1846833377859
"G22_2","000724D5A1",6.55599999999686,4,74.3199999999961,5,16.0689999999995,2,58.2509999999966,3,10.0699999999997,1,99.4330000000009,1,99.4330000000009,1,0,0,0,0,0,0,0,0,0,0,5,74.3199999999961,1,99.4330000000009,0,0,3,58.2509999999966,0,0,5,74.3199999999961,1,99.4330000000009,0,0,0,0,3,62.6489999999976,0,0,204.657999999992,43,18,21,12,15,21,12,38,877.663512813621,272.432999999986,10,5,165.905999999999,6,"2",57.9586936707901,29.1060019831537,51.1377226788662
"G22_2","000724D729",11.533999999996,4,0,0,0,0,0,0,0,0,0,0,0,0,0,0,5.64099999999962,5,0,0,0,0,0,0,0,0,0,0,0,0,0,0,0,0,0,0,0,0,0,0,0,0,0,0,0,0,13.8309999999983,2,0,0,0,0,0,0,51,1403.27197238946,159.748,14,6,159.182000000001,4,"3",54.4006183127978,24.4604154435737,51.1377226788662
"G22_2","000724D967",11.3039999999964,4,100.473000000002,4,12.849000000002,1,87.6239999999998,3,24.5800000000017,1,0,0,0,0,0,0,0,0,0,0,0,0,0,0,4,100.473000000002,0,0,0,0,3,87.6239999999998,2,75.6690000000017,2,24.8040000000001,0,0,0,0,3,49.3840000000018,0,0,0,0,133.258000000005,28,26,0,18,21,0,18,22,433.216564594373,180.279999999999,9,5,52.6399999999994,1,NA,NA,NA,NA
"G22_2","000724DE7A",11.3080000000009,5,126.565999999995,7,11.538999999997,2,115.026999999998,5,51.6759999999995,3,7.77399999999761,2,3.10599999999977,1,0,0,5.3289999999979,2,0,0,0,0,4.66799999999785,1,7,126.565999999995,2,7.77399999999761,0,0,5,115.026999999998,0,0,7,126.565999999995,0,0,3,82.5279999999984,0,0,0,0,3,47.8509999999987,195.397999999994,42,38,1,24,27,1,24,94,2317.23208768846,437.069999999989,20,12,69.8580000000002,2,NA,NA,NA,NA
"G22_2","000724DFEA",4.82000000000335,3,171.967000000001,4,16.8299999999981,1,155.137000000002,3,77.2350000000006,1,0,0,0,0,0,0,1.26400000000285,1,0,0,0,0,0,0,4,171.967000000001,0,0,0,0,3,155.137000000002,2,35.4179999999978,2,136.549000000003,0,0,1,45.0030000000006,2,168.781000000003,0,0,0,0,252.860000000001,54,53,0,33,36,0,33,17,367.763395711039,264.875,4,3,132.452000000001,3,NA,NA,NA,NA
"G23_1","000724D2AE",3.73600000000442,2,0,0,0,0,0,0,0,0,0,0,0,0,0,0,0,0,0,0,0,0,0,0,0,0,0,0,0,0,0,0,0,0,0,0,0,0,0,0,0,0,0,0,0,0,7.49500000001717,1,0,0,0,0,0,0,6,106.218378072788,11.2310000000216,2,0,591.877999999997,2,"1",NA,NA,NA
"G23_1","000724DDBC",2.69700000000012,1,0,0,0,0,0,0,0,0,0,0,0,0,0,0,0,0,0,0,0,0,0,0,0,0,0,0,0,0,0,0,0,0,0,0,0,0,0,0,0,0,0,0,0,0,12.7950000000055,2,0,0,0,0,0,0,8,173.758589048513,15.4920000000056,4,0,811.993999999999,3,"2",NA,NA,NA
"G23_1","000724E4F9",2.71700000000419,2,0,0,0,0,0,0,0,0,0,0,0,0,0,0,0,0,0,0,0,0,0,0,0,0,0,0,0,0,0,0,0,0,0,0,0,0,0,0,0,0,0,0,0,0,3.66800000000512,0,0,0,0,0,0,0,5,111,6.8150000000096,1,0,344.478000000003,1,"3",NA,NA,NA
"G23_2","000724D2AE",2.20500000000175,1,58.987000000001,1,0,0,58.987000000001,1,0,0,0,0,0,0,0,0,0,0,0,0,0,0,0,0,1,58.987000000001,0,0,0,0,1,58.987000000001,0,0,1,58.987000000001,0,0,1,58.987000000001,0,0,0,0,0,0,61.3709999999992,13,12,0,12,12,0,12,7,138.300655111677,71.7920000000086,4,1,298.290000000001,6,"1",57.5409675338527,28.9857336353175,66.8965441553269
"G23_2","000724DDBC",23.5120000000024,10,58.7399999999907,5,27.8960000000006,2,30.84399999999,3,0,0,0,0,0,0,0,0,2.21399999999994,2,0,0,0,0,0,0,5,58.7399999999907,0,0,0,0,3,30.84399999999,2,27.8960000000006,3,30.84399999999,0,0,1,12.8989999999976,0,0,0,0,3,30.304999999993,97.5569999999716,20,12,0,6,12,0,6,68,1832.16047130912,238.34399999999,13,6,181.582000000002,5,"2",57.5409675338527,39.8760994127513,55.1426830733474
"G23_2","000724E4F9",16.3960000000079,9,164.213000000011,8,55.5,3,108.713000000011,5,14.9289999999964,1,0,0,0,0,0,0,0,0,0,0,0,0,0,0,8,164.213000000011,0,0,0,0,5,108.713000000011,4,112.240000000005,4,51.9730000000054,0,0,1,9.77900000000227,4,57.1229999999996,0,0,0,0,211.438000000002,45,38,0,23,35,0,23,91,2376.94971826144,342.708999999988,25,10,-29.1070000000036,2,"3",57.5549886846258,28.9857336353175,55.1426830733474
"G23_2","000724EE79",6.31700000000274,3,0,0,0,0,0,0,0,0,228.562999999987,3,228.562999999987,3,0,0,0,0,139.924999999996,1,0,0,0,0,0,0,3,228.562999999987,0,0,0,0,0,0,0,0,1,77.5089999999982,0,0,0,0,1,139.924999999996,0,0,217.894999999997,46,0,49,0,0,49,0,24,546.761582232624,320.599000000002,8,5,140.773000000001,4,NA,NA,NA,NA
"G23_2","0007250390",16.1930000000066,6,10.5789999999979,1,0,0,10.5789999999979,1,0,0,30.4639999999999,1,30.4639999999999,1,0,0,0,0,0,0,0,0,0,0,1,10.5789999999979,1,30.4639999999999,0,0,1,10.5789999999979,0,0,1,10.5789999999979,0,0,1,10.5789999999979,0,0,0,0,0,0,26.4499999999971,5,2,6,2,2,6,2,42,1044.23050763641,153.449999999983,15,6,15.599000000002,3,NA,NA,NA,NA
"G23_2","00072508EE",5.18000000000029,3,328.725000000006,5,5.33100000000559,1,323.394,4,55.1719999999987,3,13.8759999999966,1,0,0,0,0,0,0,0,0,0,0,13.8759999999966,1,5,328.725000000006,1,13.8759999999966,0,0,4,323.394,1,205.991000000002,4,122.734000000004,0,0,0,0,3,123.737999999998,0,0,0,0,359.361000000004,77,82,2,69,70,2,69,33,602.093614933723,544.737000000001,8,8,-32.4619999999995,1,NA,NA,NA,NA
"G24_1","000724D5A1",0,0,6.44499999999971,1,0,0,6.44499999999971,1,0,0,22.0809999999983,1,0,0,0,0,0,0,0,0,0,0,22.0809999999983,1,1,6.44499999999971,1,22.0809999999983,0,0,1,6.44499999999971,0,0,1,6.44499999999971,0,0,0,0,0,0,0,0,0,0,34.2669999999925,7,1,4,1,1,4,1,4,37.1361010338996,34.2669999999925,2,1,839.222999999998,5,"1",NA,NA,NA
"G24_1","000724D729",0,0,9.36800000000221,1,9.36800000000221,1,0,0,0,0,0,0,0,0,0,0,0,0,0,0,0,0,0,0,1,9.36800000000221,0,0,0,0,0,0,0,0,1,9.36800000000221,0,0,0,0,0,0,0,0,0,0,25.0139999999956,5,2,0,0,2,0,0,16,427.753405536847,27.8919999999998,4,1,441.118999999999,4,"2",NA,NA,52.5981532714598
"G24_1","000724D967",6.41100000000006,3,0,0,0,0,0,0,0,0,0,0,0,0,0,0,0,0,0,0,0,0,0,0,0,0,0,0,0,0,0,0,0,0,0,0,0,0,0,0,0,0,0,0,0,0,11.4009999999907,2,0,0,0,0,0,0,15,492.405949493633,33.1109999999899,8,1,125.722999999998,1,"3",NA,NA,52.5981532714598
"G24_1","000724DE7A",7.09299999999348,2,139.767,2,0,0,139.767,2,109.157999999996,2,0,0,0,0,0,0,0,0,0,0,0,0,0,0,2,139.767,0,0,0,0,2,139.767,0,0,2,139.767,0,0,1,88.2580000000016,0,0,0,0,3,160.666999999994,264.142,56,53,0,30,30,0,30,18,345.858269453776,289.253999999994,7,2,214.356,3,NA,NA,NA,NA
"G24_1","000724DFEA",3.82800000000134,3,12.336000000003,1,12.336000000003,1,0,0,0,0,0,0,0,0,0,0,0,0,0,0,0,0,0,0,1,12.336000000003,0,0,0,0,0,0,1,12.336000000003,0,0,0,0,0,0,0,0,0,0,0,0,20.5399999999936,4,2,0,0,2,0,0,13,254.540252584749,116.162000000004,4,2,196.476000000002,2,NA,NA,NA,NA
"G24_2","000724D1F3",5.9690000000046,3,6.03399999999965,1,0,0,6.03399999999965,1,18.551999999996,1,104.407999999996,2,104.407999999996,2,6.28899999999703,1,0,0,98.1189999999988,1,0,0,0,0,1,6.03399999999965,2,104.407999999996,0,0,1,6.03399999999965,0,0,1,6.03399999999965,2,104.407999999996,0,0,0,0,1,6.03399999999965,0,0,122.527999999998,26,5,22,1,1,22,1,32,672.700151856616,236.142999999989,8,6,198.262000000002,5,"1",36.5058240376824,27.1347021884279,25.2015747473703
"G24_2","000724D5A1",11.8959999999934,4,0,0,0,0,0,0,0,0,138.603999999992,2,59.5609999999942,1,0,0,0,0,0,0,0,0,79.0429999999978,1,0,0,2,138.603999999992,0,0,0,0,0,0,0,0,0,0,0,0,0,0,0,0,0,0,0,NA,0,29,0,0,29,0,19,444.116294529548,251.981000000007,6,3,139.233,3,"2",36.5058240376824,19.5188045926397,26.651688032832
"G24_2","000724D729",8.82399999999325,3,140.465000000004,4,0,0,140.465000000004,4,0,0,0,0,0,0,0,0,2.4230000000025,1,0,0,0,0,0,0,4,140.465000000004,0,0,0,0,4,140.465000000004,1,43.3020000000033,3,97.1630000000005,0,0,1,5.50400000000081,2,91.6589999999997,0,0,0,0,189.225999999995,40,30,0,30,30,0,30,97,2667.89764420975,290.902999999991,10,4,167.686000000002,4,"3",36.1771110439128,27.1347021884279,26.651688032832
"G24_2","000724D967",15.2200000000012,5,151.762000000002,3,7.62700000000041,1,144.135000000002,2,0,0,0,0,0,0,0,0,1.58099999999831,1,0,0,0,0,0,0,3,151.762000000002,0,0,0,0,2,144.135000000002,1,53.1160000000018,2,98.6460000000006,0,0,1,91.0190000000002,1,7.62700000000041,0,0,0,0,163.731,35,32,0,30,32,0,30,23,621.570986446658,197.201000000001,9,4,71.737000000001,1,NA,NA,NA,NA
"G24_2","000724DE7A",8.05500000000029,4,79.4350000000049,2,0,0,79.4350000000049,2,0,0,0,0,0,0,0,0,0,0,0,0,0,0,0,0,2,79.4350000000049,0,0,0,0,2,79.4350000000049,0,0,2,79.4350000000049,0,0,1,47.4900000000052,0,0,0,0,1,31.9449999999997,104.68400000003,22,17,0,17,17,0,17,38,1036.87215714118,127.23700000003,10,1,91.4029999999984,2,NA,NA,NA,NA
"G24_2","000724DFEA",3.51000000000204,1,98.3379999999888,2,0,0,98.3379999999888,2,0,0,0,0,0,0,0,0,0,0,0,0,0,0,0,0,2,98.3379999999888,0,0,0,0,2,98.3379999999888,1,92.3449999999939,1,5.99299999999494,0,0,0,0,1,5.99299999999494,0,0,0,0,98.3379999999888,21,21,0,21,21,0,21,4,18.5,104.361999999994,2,1,373.639999999999,6,NA,NA,NA,NA
"G25_1","000724D2AE",13.0569999999934,5,0,0,0,0,0,0,0,0,0,0,12.9159999999974,1,12.9159999999974,1,0,0,0,0,0,0,4.98999999999796,1,0,0,0,0,0,0,0,0,0,0,0,0,0,0,0,0,0,0,0,0,0,0,29.1489999999903,6,0,0,0,0,0,0,21,546.405745409985,68.2879999999786,9,4,353.728999999999,1,"1",34.6230867162684,88.7534584768392,74.2722020677992
"G25_1","000724DDBC",8.1339999999982,4,5.42899999999645,1,5.42899999999645,1,0,0,9.93899999999849,1,8.02700000000186,1,0,0,8.02700000000186,1,0,0,0,0,0,0,0,0,1,5.42899999999645,1,8.02700000000186,0,0,0,0,0,0,1,5.42899999999645,1,8.02700000000186,0,0,0,0,1,9.93899999999849,0,0,25.5170000000071,5,3,1,0,1,1,0,19,431.635023605743,41.3919999999925,4,2,641.131999999998,4,"2",34.6230867162684,91.5570386683079,74.2722020677992
"G25_1","000724E4F9",0,0,0,0,0,0,0,0,0,0,0,0,0,0,0,0,0,0,0,0,0,0,0,0,0,0,0,0,0,0,0,0,0,0,0,0,0,0,0,0,0,0,0,0,0,0,11.9939999999915,2,0,0,0,0,0,0,3,80.7021684962678,17.6639999999898,2,2,513.898000000001,2,"3",27.75,88.7534584768392,74.2722020677992
"G25_1","000724EE79",1.1339999999982,1,0,0,0,0,0,0,0,0,0,0,0,0,0,0,0,0,0,0,0,0,0,0,0,0,0,0,0,0,0,0,0,0,0,0,0,0,0,0,0,0,0,0,0,0,2.97600000000239,0,0,0,0,0,0,0,3,50.7680505169498,4.11000000000058,0,0,NA,NA,NA,NA,NA,NA
"G25_1","0007250390",3.38699999999517,2,18.4349999999977,1,18.4349999999977,1,0,0,0,0,6.80400000000373,1,0,0,0,0,0,0,0,0,0,0,6.80400000000373,1,1,18.4349999999977,1,6.80400000000373,0,0,0,0,1,18.4349999999977,0,0,0,0,0,0,0,0,0,0,0,0,21.4900000000052,4,3,1,0,3,1,0,13,284.971892514505,43.1139999999868,4,2,852.160000000003,5,NA,NA,NA,NA
"G25_1","00072508EE",11.8929999999964,4,0,0,0,0,0,0,0,0,0,0,0,0,0,0,0,0,0,0,0,0,0,0,0,0,0,0,0,0,0,0,0,0,0,0,0,0,0,0,0,0,0,0,0,0,37.531999999992,8,0,0,0,0,0,0,30,622.675195251911,89.138999999981,11,6,523.902000000002,3,NA,NA,NA,NA
"G25_2","000724D2AE",10.1039999999994,3,0,0,0,0,0,0,0,0,0,0,0,0,0,0,1.98399999999674,1,0,0,0,0,0,0,0,0,0,0,0,0,0,0,0,0,0,0,0,0,0,0,0,0,0,0,0,0,7.99899999999616,1,0,0,0,0,0,0,15,270.493806514935,32.9519999999902,6,0,808.970000000001,6,"1",53.6243256975633,57.9885420050434,42.8940923462962
"G25_2","000724DDBC",5.73099999999977,3,40.0770000000048,6,22.5780000000013,3,17.4990000000034,3,0,0,2.4429999999993,1,0,0,0,0,0,0,0,0,0,0,2.4429999999993,1,6,40.0770000000048,1,2.4429999999993,0,0,3,17.4990000000034,0,0,6,40.0770000000048,0,0,1,5.25400000000081,0,0,0,0,0,0,74.9480000000112,16,8,0,3,8,0,3,65,2147.94641014237,144.364000000016,11,6,360.483999999997,4,"2",53.6243256975633,72.9816090136403,51.2521518874505
"G25_2","000724E4F9",29.1280000000115,13,0,0,0,0,0,0,0,0,0,0,0,0,0,0,0,0,0,0,0,0,0,0,0,0,0,0,0,0,4,54.4929999999949,0,0,0,0,0,0,0,0,0,0,0,0,0,0,121.488999999994,26,0,0,0,0,0,11,63,2036.18191863241,224.259000000005,18,7,80.0919999999969,2,"3",67.5493628908674,57.9885420050434,51.2521518874505
"G25_2","000724EE79",3.74799999999959,2,50.8710000000137,4,25.5520000000106,3,25.3190000000031,1,0,0,0,0,0,0,0,0,0,0,0,0,0,0,0,0,4,50.8710000000137,0,0,0,0,1,25.3190000000031,2,40.1910000000062,2,10.6800000000076,0,0,0,0,1,5.10100000000239,0,0,0,0,86.8970000000045,18,10,0,5,10,0,5,39,817.771379218001,207.567999999985,13,10,384.796999999999,5,NA,NA,NA,NA
"G25_2","0007250390",15.2869999999966,6,69.0390000000043,3,0,0,69.0390000000043,3,0,0,0,0,0,0,0,0,0,0,0,0,0,0,0,0,3,69.0390000000043,0,0,0,0,3,69.0390000000043,2,62.4380000000019,1,6.60100000000239,0,0,0,0,0,0,0,0,0,0,84.3609999999971,18,14,0,14,14,0,14,50,1338.80847602647,146.008999999955,10,4,172.421000000002,3,NA,NA,NA,NA
"G25_2","00072508EE",40.9960000000065,15,0,0,0,0,0,0,0,0,0,0,5.61200000000099,2,0,0,0,0,0,0,0.531000000002678,1,0,0,0,0,0,0,0,0,1,7.12700000000041,0,0,0,0,0,0,0,0,0,0,0,0,0,0,111.651000000013,23,0,0,0,0,0,1,90,2027.81794215427,307.601999999999,26,14,75.2419999999984,1,NA,NA,NA,NA
"G26_1","000724D1F3",5.5850000000064,2,17.1610000000073,2,0,0,17.1610000000073,2,0,0,0,0,0,0,0,0,0,0,0,0,0,0,0,0,2,17.1610000000073,0,0,0,0,2,17.1610000000073,1,10.4200000000055,1,6.7410000000018,0,0,0,0,0,0,0,0,0,0,34.7020000000048,7,3,0,3,3,0,3,25,591.942320592358,50.28100000001,5,3,660.18,4,"1",NA,37.7539672028787,NA
"G26_1","000724D5A1",0,0,7.75299999999697,1,7.75299999999697,1,0,0,0,0,0,0,0,0,0,0,0,0,0,0,0,0,0,0,1,7.75299999999697,0,0,0,0,0,0,0,0,1,7.75299999999697,0,0,0,0,0,0,0,0,0,0,11.1659999999974,2,1,0,0,1,0,0,9,129.976353618649,31.8959999999934,2,2,151.870000000003,1,"2",NA,NA,18.5680505169498
"G26_1","000724D729",5.66399999999703,3,0,0,0,0,0,0,0,0,0,0,0,0,0,0,0,0,0,0,0,0,0,0,0,0,0,0,0,0,0,0,0,0,0,0,0,0,0,0,0,0,0,0,0,0,11.1609999999928,2,0,0,0,0,0,0,24,634.63585541247,21.8529999999882,1,0,NA,NA,"3",NA,37.7539672028787,18.5680505169498
"G26_1","000724D967",20.0039999999935,7,11.885000000002,2,11.885000000002,2,0,0,0,0,0,0,0,0,0,0,0,0,0,0,0,0,0,0,2,11.885000000002,0,0,0,0,0,0,0,0,2,11.885000000002,0,0,0,0,0,0,0,0,0,0,28.2760000000053,6,2,0,0,2,0,0,34,806.33498813172,88.0649999999878,13,4,153.803999999996,2,NA,NA,NA,NA
"G26_1","000724DE7A",0,0,0,0,0,0,0,0,0,0,0,0,0,0,0,0,0,0,0,0,0,0,0,0,0,0,0,0,0,0,0,0,0,0,0,0,0,0,0,0,0,0,0,0,0,0,0.61200000000099,0,0,0,0,0,0,0,1,0,0.61200000000099,0,0,NA,NA,NA,NA,NA,NA
"G26_1","000724DFEA",12.9649999999965,4,11.9509999999937,2,11.9509999999937,2,0,0,0,0,0,0,0,0,0,0,0,0,0,0,0,0,0,0,2,11.9509999999937,0,0,0,0,0,0,0,0,2,11.9509999999937,0,0,0,0,0,0,0,0,0,0,27.9310000000041,6,2,0,0,2,0,0,23,516.01721970605,61.955000000009,6,3,223.684000000001,3,NA,NA,NA,NA
"G26_2","000724D1F3",6.94300000001385,4,10.6809999999969,1,10.6809999999969,1,0,0,0,0,29.8020000000033,3,26.0630000000019,2,7.70300000000134,1,1.66300000000047,1,0,0,0,0,3.7390000000014,1,1,10.6809999999969,3,29.8020000000033,1,10.6809999999969,0,0,1,10.6809999999969,0,0,0,0,0,0,0,0,0,0,0,0,23.8879999999772,5,2,6,0,2,8,0,58,1419.58457451723,167.388999999996,12,7,139.491999999998,3,"1",30.3022893156378,38.8087761661779,24.7867336758182
"G26_2","000724D5A1",8.71199999999953,2,16.726999999999,1,0,0,16.726999999999,1,9.35099999999511,1,57.0690000000104,2,57.0690000000104,2,52.8800000000047,1,0,0,0,0,0,0,0,0,1,16.726999999999,2,57.0690000000104,0,0,1,16.726999999999,0,0,1,16.726999999999,0,0,1,16.726999999999,0,0,0,0,0,0,27.1599999999817,5,5,12,3,3,12,3,39,755.537935851273,268.32,9,2,130.620999999999,2,"2",30.3022893156378,35.4623935480735,13.2294155581498
"G26_2","000724D729",10.8420000000042,4,0,0,0,0,0,0,0,0,23.1159999999945,3,23.1159999999945,3,0,0,5.92099999999482,2,12.9040000000023,1,0,0,0,0,0,0,3,23.1159999999945,0,0,0,0,0,0,0,0,0,0,0,0,0,0,0,0,0,0,6.02599999999802,1,0,4,0,0,4,0,31,849.781250243204,62.9820000000036,7,2,204.506999999998,4,"3",31.4180836597376,38.8087761661779,13.2294155581498
"G26_2","000724D967",22.4589999999953,9,28.6410000000033,3,11.5290000000023,2,17.112000000001,1,0,0,5.33000000000175,1,5.33000000000175,1,5.33000000000175,1,2.52400000000489,1,0,0,0,0,0,0,3,28.6410000000033,1,5.33000000000175,0,0,1,17.112000000001,1,17.112000000001,2,11.5290000000023,0,0,1,6.33099999999831,0,0,0,0,0,0,90.153000000013,19,6,1,3,6,1,3,66,1425.68560797024,178.936999999998,17,8,81.4850000000006,1,NA,NA,NA,NA
"G26_2","000724DFEA",5.34100000000763,3,13.5899999999965,2,13.5899999999965,2,0,0,0,0,7.33699999999953,1,0,0,0,0,0,0,0,0,0,0,7.33699999999953,1,2,13.5899999999965,1,7.33699999999953,0,0,0,0,0,0,2,13.5899999999965,0,0,0,0,0,0,0,0,0,0,43.8889999999883,9,2,1,0,2,1,0,24,411.749210798125,54.2679999999964,6,1,323.212,5,NA,NA,NA,NA
"G27_1","000724D2AE",5.08200000000215,2,5.30800000000454,1,0,0,5.30800000000454,1,0,0,8.39699999998993,2,0,0,0,0,0,0,0,0,0,0,8.39699999998993,2,1,5.30800000000454,2,8.39699999998993,0,0,1,5.30800000000454,0,0,1,5.30800000000454,0,0,0,0,0,0,0,0,0,0,17.0950000000012,3,1,1,1,1,1,1,25,599.256588723321,54.4389999999985,7,4,211.211000000003,5,"1",30.750772295737,NA,NA
"G27_1","000724DDBC",12.0650000000023,4,5.38999999999942,1,5.38999999999942,1,0,0,0,0,2.46499999999651,1,2.46499999999651,1,0,0,1.05199999999604,1,0,0,0.510000000002037,1,0,0,1,5.38999999999942,1,2.46499999999651,1,5.38999999999942,0,0,0,0,1,5.38999999999942,0,0,0,0,0,0,0,0,0,0,27.601999999999,5,1,0,0,1,1,0,47,1300.3190973835,94.9869999999864,10,3,224.046999999999,6,"2",30.750772295737,NA,32.0822770388886
"G27_1","000724E4F9",5.04099999999744,3,0,0,0,0,0,0,0,0,0,0,0,0,0,0,1.97499999999854,1,0,0,0,0,0,0,0,0,0,0,0,0,0,0,0,0,0,0,0,0,0,0,0,0,0,0,0,0,10.9300000000076,2,0,0,0,0,0,0,15,291.812454652548,40.1710000000094,4,1,90.7149999999965,2,"3",NA,NA,32.0822770388886
"G27_1","000724EE79",13.4639999999999,4,13.6380000000063,2,13.6380000000063,2,0,0,23.5910000000003,2,71.3679999999949,6,59.0849999999919,3,44.0550000000003,1,3.59700000000157,3,0,0,0,0,9.48800000000483,2,2,13.6380000000063,6,71.3679999999949,1,5.44100000000617,0,0,0,0,2,13.6380000000063,0,0,0,0,0,0,0,0,0,0,35.1180000000022,7,8,15,0,2,16,0,62,1317.60926192661,224.401999999987,11,5,104.531999999999,4,NA,NA,NA,NA
"G27_1","0007250390",9.82600000000093,4,11.8940000000002,2,11.8940000000002,2,0,0,97.9470000000001,2,4.0109999999986,1,0,0,0,0,0.951999999997497,2,0,0,0,0,4.0109999999986,1,2,11.8940000000002,1,4.0109999999986,0,0,0,0,0,0,2,11.8940000000002,0,0,0,0,0,0,0,0,0,0,41.5839999999953,8,23,0,0,2,0,0,55,1149.38945850656,228.071000000004,12,4,93.5529999999999,3,NA,NA,NA,NA
"G27_1","00072508EE",10.9849999999933,5,33.4679999999935,4,16.554999999993,2,16.9130000000005,2,127.010999999999,6,9.49199999999837,2,3.25699999999779,1,0,0,0,0,0,0,0,0,0,0,4,33.4679999999935,2,9.49199999999837,0,0,2,16.9130000000005,1,10.2719999999972,3,23.1959999999963,0,0,0,0,2,15.2799999999988,0,0,0,0,88.455999999991,19,34,2,3,7,2,3,53,1107.3318333954,263.159999999982,9,4,85.0740000000005,1,NA,NA,NA,NA
"G27_2","000724D2AE",7.40800000000309,2,0,0,0,0,0,0,0,0,0,0,0,0,0,0,0,0,0,0,0,0,0,0,0,0,0,0,0,0,0,0,0,0,0,0,0,0,0,0,0,0,0,0,0,0,3.77599999999802,0,0,0,0,0,0,0,7,166.704151550849,27.2779999999984,4,1,718.584000000003,6,"1",74.2722020677992,30.2727272727273,85.015351554881
"G27_2","000724DDBC",7.40199999999459,4,0,0,0,0,0,0,0,0,0,0,0,0,0,0,0,0,0,0,0,0,0,0,0,0,0,0,0,0,0,0,0,0,0,0,0,0,0,0,0,0,0,0,0,0,7.35800000000017,1,0,0,0,0,0,0,28,1023.77784586367,42.9989999999962,4,3,464.656000000003,4,"2",74.2722020677992,18.5,41.4462714682556
"G27_2","000724E4F9",11.0819999999876,4,43.0049999999901,6,43.0049999999901,6,0,0,0,0,0,0,0,0,0,0,0,0,0,0,0,0,0,0,6,43.0049999999901,0,0,0,0,0,0,1,12.0969999999943,5,30.9079999999958,0,0,0,0,0,0,0,0,0,0,47.012999999999,10,9,0,0,9,0,0,25,662.74344464541,98.9519999999902,13,9,80.1229999999996,1,"3",74.2722020677992,30.2727272727273,41.4462714682556
"G27_2","000724EE79",5.38900000000285,3,16.1410000000033,2,16.1410000000033,2,0,0,0,0,11.6339999999982,1,0,0,0,0,1.66299999999319,2,0,0,0,0,11.6339999999982,1,2,16.1410000000033,1,11.6339999999982,0,0,0,0,0,0,2,16.1410000000033,0,0,0,0,0,0,0,0,0,0,28.7409999999873,6,3,2,0,3,2,0,28,621.260115074583,158.321999999978,9,7,173.550999999999,3,NA,NA,NA,NA
"G27_2","0007250390",7.66500000000815,3,0,0,0,0,0,0,0,0,0,0,0,0,0,0,0,0,0,0,0,0,0,0,0,0,0,0,0,0,0,0,0,0,0,0,0,0,0,0,0,0,0,0,0,0,6.91300000000047,1,0,0,0,0,0,0,16,350.737411257253,18.5740000000078,3,0,130.171000000002,2,NA,NA,NA,NA
"G27_2","00072508EE",7.0260000000053,2,21.5160000000105,2,0,0,21.5160000000105,2,26.2779999999984,1,0,0,0,0,0,0,0,0,0,0,0,0,0,0,2,21.5160000000105,0,0,0,0,2,21.5160000000105,1,15.3840000000055,1,6.13200000000506,0,0,0,0,1,6.13200000000506,0,0,0,0,24.843000000008,5,10,0,4,4,0,4,16,249.826681174487,160.998000000021,5,4,496.936000000002,5,NA,NA,NA,NA
"G28_1","000724D1F3",0,0,121.118999999999,3,0,0,121.118999999999,3,0,0,127.413999999997,6,74.1939999999959,4,27.9559999999983,1,0,0,0,0,0,0,53.2200000000012,2,3,121.118999999999,6,127.413999999997,0,0,3,121.118999999999,2,113.144999999997,1,7.97400000000198,1,10.6560000000027,0,0,2,36.6119999999937,2,16.2880000000005,0,0,267.482999999993,57,26,27,26,26,27,26,25,499.399538353963,273.235000000001,6,4,115.023999999998,3,"1",22.3161716252459,26.7102221690393,22.5452688761711
"G28_1","000724D5A1",4.97699999999168,3,244.124000000011,18,0,0,244.124000000011,18,9.49500000000262,1,273.197,5,192.521000000001,4,0,0,1.9539999999979,2,0,0,0,0,80.6759999999995,1,18,244.124000000011,5,273.197,3,35.4409999999989,17,236.44000000001,1,10.1170000000056,17,234.007000000005,2,138.235999999997,2,18.1040000000066,5,73.3389999999999,10,280.704000000005,5,50.6750000000029,596.617000000013,128,54,58,52,52,66,50,49,861.551590479584,628.911000000007,8,6,123.476000000002,5,"2",22.3161716252459,30.2641931830996,20.5389603953112
"G28_1","000724D729",6.98400000000402,4,71.2299999999959,7,0,0,71.2299999999959,7,11.4289999999964,1,42.6359999999986,5,42.6359999999986,5,0,0,8.86300000000483,6,15.0750000000044,1,0,0,0,0,7,71.2299999999959,5,42.6359999999986,0,0,7,71.2299999999959,0,0,7,71.2299999999959,1,13.0329999999958,1,8.75100000000384,0,0,6,51.3169999999955,1,29.6449999999968,174.172000000013,37,17,9,15,15,9,15,61,1238.92504551633,187.72000000003,8,3,112.178,2,"3",18.9011653253606,26.7102221690393,20.5389603953112
"G28_1","000724D967",14.3830000000016,5,0,0,0,0,0,0,0,0,0,0,0,0,0,0,0,0,0,0,0,0,0,0,0,0,0,0,0,0,0,0,0,0,0,0,0,0,0,0,0,0,0,0,0,0,7.89699999999721,1,0,0,0,0,0,0,24,448.477008730326,263.116000000002,7,2,119.817999999999,4,NA,NA,NA,NA
"G28_1","000724DE7A",5.8440000000046,2,0,0,0,0,0,0,0,0,0,0,0,0,0,0,0.620000000002619,1,0,0,0,0,0,0,0,0,0,0,0,0,0,0,0,0,0,0,0,0,0,0,0,0,0,0,0,0,14.1370000000097,3,0,0,0,0,0,0,22,416.512454652548,60.3130000000237,4,1,145.701999999997,6,NA,NA,NA,NA
"G28_1","000724DFEA",12.4010000000053,4,120.331000000006,6,32.7940000000017,4,87.5370000000039,2,0,0,0,0,0,0,0,0,0,0,0,0,0,0,0,0,6,120.331000000006,0,0,0,0,2,87.5370000000039,2,90.2700000000041,4,30.0610000000015,0,0,0,0,1,11.0619999999981,0,0,0,0,133.698000000004,28,25,0,18,25,0,18,30,700.881454189091,319.508000000002,11,7,104.360000000001,1,NA,NA,NA,NA
"G28_2","000724D1F3",0,0,0,0,0,0,0,0,0,0,0,0,0,0,0,0,0,0,0,0,0,0,0,0,0,0,0,0,0,0,0,0,0,0,0,0,0,0,0,0,0,0,0,0,0,0,0.881999999997788,0,0,0,0,0,0,0,10,194.072857179476,48.3240000000005,2,2,143.665000000001,3,"1",18.5680505169498,24.6115723945388,32.0822770388886
"G28_2","000724D5A1",9.27500000000146,4,0,0,0,0,0,0,0,0,0,0,0,0,0,0,0,0,0,0,0,0,0,0,0,0,0,0,0,0,0,0,0,0,0,0,0,0,0,0,0,0,0,0,0,0,6.3660000000018,1,0,0,0,0,0,0,14,217.608303101699,47.6570000000065,5,1,96.273000000001,2,"2",18.5680505169498,18.5,32.1293662233332
"G28_2","000724D729",6.833000000006,3,0,0,0,0,0,0,0,0,0,0,0,0,0,0,0,0,0,0,0,0,0,0,0,0,0,0,0,0,0,0,0,0,0,0,0,0,0,0,0,0,0,0,0,0,8.19799999999668,1,0,0,0,0,0,0,38,785.144078936926,39.7060000000129,3,0,772.892,5,"3",18.5680505169498,24.6115723945388,32.1293662233332
"G28_2","000724D967",16.8380000000034,6,0,0,0,0,0,0,0,0,0,0,0,0,0,0,0,0,0,0,0,0,0,0,0,0,0,0,0,0,0,0,0,0,0,0,0,0,0,0,0,0,0,0,0,0,4.04000000000087,0,0,0,0,0,0,0,10,261.546469912905,25.8870000000024,6,1,79.5559999999969,1,NA,NA,NA,NA
"G28_2","000724DFEA",3.91800000000512,1,0,0,0,0,0,0,0,0,0,0,0,0,0,0,0,0,0,0,0,0,0,0,0,0,0,0,0,0,0,0,0,0,0,0,0,0,0,0,0,0,0,0,0,0,10.6680000000051,2,0,0,0,0,0,0,7,138.350327555838,15.3670000000056,3,0,168.052000000003,4,NA,NA,NA,NA
"G29_1","000724D2AE",2.97200000000157,2,0,0,0,0,0,0,0,0,0,0,0,0,0,0,0,0,0,0,0,0,0,0,0,0,0,0,0,0,0,0,0,0,0,0,0,0,0,0,0,0,0,0,0,0,1.73500000000058,0,0,0,0,0,0,0,6,140.857705481035,5.59000000000378,0,0,NA,NA,"1",NA,NA,NA
"G29_1","000724DDBC",5.32099999999627,2,0,0,0,0,0,0,0,0,1.84100000000035,1,1.84100000000035,1,0,0,0,0,0,0,0.86200000000099,1,0,0,0,0,1,1.84100000000035,0,0,0,0,0,0,0,0,0,0,0,0,0,0,0,0,0,0,6.63899999999558,1,0,0,0,0,0,0,13,375.131933837672,17.6319999999905,3,0,NA,NA,"2",NA,NA,11.1408303101699
"G29_1","000724E4F9",2.93699999999808,1,5.58099999999831,1,5.58099999999831,1,0,0,0,0,0,0,0,0,0,0,0,0,0,0,0,0,0,0,1,5.58099999999831,0,0,0,0,0,0,0,0,1,5.58099999999831,0,0,0,0,0,0,0,0,0,0,11.4409999999989,2,1,0,0,1,0,0,8,174.032243390966,40.6239999999962,6,3,49.7989999999991,2,"3",NA,NA,11.1408303101699
"G29_1","000724EE79",9.15899999999965,2,0,0,0,0,0,0,0,0,0,0,0,0,0,0,0,0,0,0,0,0,0,0,0,0,0,0,0,0,0,0,0,0,0,0,0,0,0,0,0,0,0,0,0,0,1.21300000000338,0,0,0,0,0,0,0,3,55.5,10.372000000003,2,0,57.3770000000004,3,NA,NA,NA,NA
"G29_1","0007250390",0,0,0,0,0,0,0,0,0,0,0,0,0,0,0,0,0,0,0,0,0,0,0,0,0,0,0,0,0,0,0,0,0,0,0,0,0,0,0,0,0,0,0,0,0,0,0,NA,0,0,0,0,0,0,1,0,0.260000000002037,0,0,NA,NA,NA,NA,NA,NA
"G29_1","00072508EE",6.28100000000268,3,5.88199999999779,1,5.88199999999779,1,0,0,0,0,0,0,0,0,0,0,0,0,0,0,0,0,0,0,1,5.88199999999779,0,0,0,0,0,0,0,0,1,5.88199999999779,0,0,0,0,0,0,0,0,0,0,8.40699999999197,1,1,0,0,1,0,0,8,129.704151550849,16.101999999999,4,1,41.1330000000016,1,NA,NA,NA,NA
"G29_2","000724D2AE",3.6339999999982,2,36.2860000000001,1,0,0,36.2860000000001,1,0,0,25.2580000000016,1,0,0,0,0,4.23799999999756,2,0,0,0,0,25.2580000000016,1,1,36.2860000000001,1,25.2580000000016,0,0,1,36.2860000000001,0,0,1,36.2860000000001,1,25.2580000000016,1,36.2860000000001,0,0,0,0,0,0,74.5869999999995,16,7,5,7,7,5,7,19,520.72383719695,98.5669999999955,5,3,258.928,6,"1",47.4529994642474,76.4941215257084,37.8192609736621
"G29_2","000724DDBC",15.6289999999935,5,14.9510000000009,2,0,0,14.9510000000009,2,212.697,4,211.66399999999,5,195.438999999991,3,0,0,2.88299999998708,4,0,0,0,0,16.2249999999985,2,2,14.9510000000009,5,211.66399999999,1,8.66300000000047,2,14.9510000000009,0,0,2,14.9510000000009,1,7.42599999999948,0,0,0,0,5,55.8880000000063,0,0,121.130999999979,26,48,45,3,3,47,3,80,2162.14681716029,400.887999999955,16,6,176.029000000002,5,"2",47.4529994642474,88.3315538662904,71.4153246011575
"G29_2","000724E4F9",15.2440000000133,7,39.4230000000025,3,23.112000000001,2,16.3110000000015,1,0,0,16.0979999999909,3,6.9519999999975,1,0,0,0.431000000004133,2,0,0,0,0,9.14599999999336,2,3,39.4230000000025,3,16.0979999999909,0,0,1,16.3110000000015,2,23.112000000001,1,16.3110000000015,0,0,1,16.3110000000015,0,0,0,0,0,0,64.9159999999974,13,8,3,3,8,3,3,44,1101.46706314321,148.757000000005,16,10,83.9150000000009,4,"3",69.8467290931003,76.4941215257084,71.4153246011575
"G29_2","000724EE79",11.734000000004,4,68.5830000000133,7,17.7819999999992,2,50.801000000014,5,105.786,3,155.941999999995,11,96.0680000000066,6,29.5270000000019,2,2.34499999999389,3,9.33600000000297,1,1.21199999999953,1,53.7349999999933,4,7,68.5830000000133,11,155.941999999995,2,21.0310000000027,5,50.801000000014,1,10.2860000000001,6,58.2970000000132,1,40.9179999999978,1,18.4440000000031,1,7.27200000000448,6,153.281000000003,1,6.31900000000314,278.156000000003,59,37,33,10,14,38,10,86,1882.71385378753,574.696000000004,20,14,78.7359999999971,3,NA,NA,NA,NA
"G29_2","0007250390",3.38600000000588,2,229.152000000002,3,9.84900000000198,1,219.303,2,126.224000000002,3,27.4780000000028,4,19.2940000000017,3,0,0,3.6160000000018,1,0,0,0,0,8.18400000000111,1,3,229.152000000002,4,27.4780000000028,1,9.84900000000198,2,219.303,1,129.43,2,99.7220000000016,0,0,2,99.7220000000016,0,0,0,0,2,15.1229999999996,379.431000000004,81,76,5,47,49,8,47,43,1305.08484320675,470.426000000021,12,9,75.377999999997,2,NA,NA,NA,NA
"G29_2","00072508EE",10.4139999999898,4,377.311000000002,3,0,0,377.311000000002,3,12.3509999999951,1,118.125999999989,10,66.8679999999949,8,12.3509999999951,1,7.19199999999546,5,0,0,0.542000000001281,1,51.2579999999944,2,3,377.311000000002,10,118.125999999989,1,35.9100000000035,3,377.311000000002,2,341.400999999998,1,35.9100000000035,0,0,1,35.9100000000035,2,25.3840000000055,0,0,2,26.1029999999955,524.275999999976,112,83,25,81,81,33,81,60,1310.37450515007,622.278999999959,13,8,72.8039999999964,1,NA,NA,NA,NA
"G3_1","000724FD1B",0,0,0,0,0,0,0,0,0,0,0,0,0,0,0,0,0,0,0,0,0,0,0,0,0,0,0,0,0,0,0,0,0,0,0,0,0,0,0,0,0,0,0,0,0,0,2.87699999999313,0,0,0,0,0,0,0,2,18.5680505169498,3.75899999999092,1,0,NA,NA,"1",82.7473473499687,NA,NA
"G3_1","000726E250",2.38500000000204,1,0,0,0,0,0,0,0,0,0,0,0,0,0,0,0,0,0,0,0,0,0,0,0,0,0,0,0,0,0,0,0,0,0,0,0,0,0,0,0,0,0,0,0,0,5.69400000000314,1,0,0,0,0,0,0,5,158.928627237569,8.94200000000274,3,0,150.271000000001,1,"2",82.7473473499687,NA,NA
"G3_2","000724B642",3.23099999999249,2,6.27699999999459,1,6.27699999999459,1,0,0,6.68699999999808,1,40.226999999999,4,30.1479999999938,2,20.8929999999964,1,0,0,9.25499999999738,1,0,0,10.0790000000052,2,1,6.27699999999459,4,40.226999999999,1,6.27699999999459,0,0,0,0,1,6.27699999999459,0,0,0,0,0,0,0,0,0,0,19.0260000000053,4,2,8,0,1,9,0,40,915.180783432035,267.268999999993,5,3,60.6419999999998,5,"1",25.8367130076831,52.5297740543229,NA
"G3_2","000724D4F3",1.12400000000343,1,68.0850000000064,4,9.04000000000087,1,59.0450000000055,3,0,0,64.4389999999985,2,21.0619999999981,1,21.0619999999981,1,0,0,0,0,0,0,43.3770000000004,1,4,68.0850000000064,2,64.4389999999985,0,0,3,59.0450000000055,2,45.9560000000056,2,22.1290000000008,0,0,1,13.0889999999999,2,19.8990000000049,0,0,0,0,89.926000000014,19,14,13,12,14,13,12,23,514.372134771953,314.571000000018,6,4,32.0840000000026,1,"2",25.8367130076831,NA,66.7216044471354
"G3_2","000724DF2A",15.625,5,0,0,0,0,0,0,0,0,0,0,0,0,0,0,1.84500000000116,1,0,0,0,0,0,0,0,0,0,0,0,0,0,0,0,0,0,0,0,0,0,0,0,0,0,0,0,0,10.2920000000013,2,0,0,0,0,0,0,11,236.262782208387,46.5840000000026,6,1,313.012000000002,6,"3",NA,52.5297740543229,66.7216044471354
"G3_2","000724EF35",3.58200000000215,1,57.1260000000038,3,0,0,57.1260000000038,3,44.3329999999987,1,94.5409999999974,6,94.5409999999974,6,70.6959999999963,1,11.416999999994,3,0,0,0,0,0,0,3,57.1260000000038,6,94.5409999999974,0,0,3,57.1260000000038,0,0,3,57.1260000000038,0,0,2,13.3960000000006,0,0,0,0,4,165.430999999997,212.79599999998,45,21,20,12,12,20,12,51,1043.67687413863,295.344999999987,8,5,51.2940000000017,4,NA,NA,NA,NA
"G3_2","000724FD1B",15.7439999999988,7,326.97800000001,9,24.7300000000105,4,302.248,5,98.4749999999985,2,0,0,0,0,0,0,0.531000000002678,1,0,0,0,0,0,0,9,326.97800000001,0,0,0,0,5,302.248,2,199.170999999995,7,127.807000000015,0,0,0,0,6,203.981000000007,0,0,0,0,445.976000000002,95,91,0,64,70,0,64,56,1097.61022113712,559.142000000029,12,8,44.1840000000011,3,NA,NA,NA,NA
"G3_2","000726E250",13.9060000000027,4,80.2679999999964,3,9.28800000000047,1,70.9799999999959,2,0,0,129.339,5,11.7359999999971,2,0,0,4.73500000000058,1,7.00099999999657,1,0,0,117.603000000003,3,3,80.2679999999964,5,129.339,0,0,2,70.9799999999959,0,0,3,80.2679999999964,1,109.148000000001,1,7.15999999999622,0,0,1,63.8199999999997,0,0,216.954000000005,46,17,27,15,17,27,15,30,691.161395385848,269.075000000019,12,6,42.1200000000026,2,NA,NA,NA,NA
"G30_1","000724D1F3",1.25200000000041,1,0,0,0,0,0,0,0,0,39.3250000000044,3,39.3250000000044,3,36.1589999999997,2,0,0,0,0,0,0,0,0,0,0,3,39.3250000000044,0,0,0,0,0,0,0,0,1,23.4660000000003,0,0,0,0,0,0,0,0,39.3250000000044,8,0,8,0,0,8,0,6,92.840252584749,41.2790000000095,2,2,334.904000000002,3,"1",NA,25.3670126292375,NA
"G30_1","000724D5A1",0,0,13.3580000000002,1,0,0,13.3580000000002,1,0,0,0,0,0,0,0,0,0,0,0,0,0,0,0,0,1,13.3580000000002,0,0,0,0,1,13.3580000000002,0,0,1,13.3580000000002,0,0,1,13.3580000000002,0,0,0,0,0,0,13.3580000000002,2,2,0,2,2,0,2,1,0,13.3580000000002,1,1,927.089999999997,6,"2",NA,NA,NA
"G30_1","000724D729",4.95900000000256,2,47.4490000000005,5,0,0,47.4490000000005,5,19.7769999999946,2,2.6050000000032,1,0,0,0,0,1.04400000000169,1,0,0,0,0,2.6050000000032,1,5,47.4490000000005,1,2.6050000000032,0,0,5,47.4490000000005,1,13.9559999999983,4,33.4930000000022,0,0,0,0,4,34.5659999999989,0,0,0,0,93.7800000000207,20,14,0,10,10,0,10,48,1399.38719574032,105.924000000028,4,2,455.349000000002,4,"3",NA,25.3670126292375,NA
"G30_1","000724D967",10.0080000000089,5,0,0,0,0,0,0,0,0,24.0619999999981,1,24.0619999999981,1,0,0,0,0,0,0,0,0,0,0,0,0,1,24.0619999999981,0,0,0,0,0,0,0,0,0,0,0,0,0,0,0,0,0,0,9.95700000000215,2,0,5,0,0,5,0,27,655.974844089592,151.798000000017,7,2,188.212,1,NA,NA,NA,NA
"G30_1","000724DE7A",5.59000000000378,3,0,0,0,0,0,0,0,0,0,0,0,0,0,0,0,0,0,0,0,0,0,0,0,0,0,0,0,0,0,0,0,0,0,0,0,0,0,0,0,0,0,0,0,0,3.09799999999814,0,0,0,0,0,0,0,10,180.354479106688,73.5309999999881,2,1,480.065999999999,5,NA,NA,NA,NA
"G30_1","000724DFEA",6.02000000000407,3,0,0,0,0,0,0,0,0,48.8309999999983,1,0,0,0,0,0,0,0,0,0,0,48.8309999999983,1,0,0,1,48.8309999999983,0,0,0,0,0,0,0,0,0,0,0,0,0,0,0,0,0,0,2.79699999999866,0,0,10,0,0,10,0,19,481.153934242602,216.692999999999,5,3,225.186000000002,2,NA,NA,NA,NA
"G30_2","000724D1F3",9.06699999999546,4,0,0,0,0,0,0,0,0,119.094999999994,2,5.58099999999831,1,0,0,0,0,0,0,0,0,113.513999999996,1,0,0,2,119.094999999994,0,0,0,0,0,0,0,0,0,0,0,0,0,0,0,0,0,0,20.2399999999834,4,0,25,0,0,25,0,66,1498.52687357297,416.719000000012,8,6,145.800999999999,3,"1",26.5389819611752,26.8227489523533,24.6101488445417
"G30_2","000724D5A1",5.73400000000402,3,98.2419999999984,4,16.3269999999975,2,81.9150000000009,2,65.0760000000009,4,85.4990000000034,4,53.2580000000016,2,53.2580000000016,2,0,0,0,0,0,0,32.2410000000018,2,4,98.2419999999984,4,85.4990000000034,0,0,2,81.9150000000009,1,75.9320000000007,3,22.3099999999977,0,0,0,0,1,5.98300000000017,0,0,0,0,120.011999999988,25,35,18,17,21,18,17,59,1096.92971596762,613.401999999995,9,6,121.805999999997,1,"2",26.5389819611752,32.6615839477097,18.6321182635976
"G30_2","000724D729",4.79000000000087,2,0,0,0,0,0,0,0,0,25.0060000000012,4,25.0060000000012,4,0,0,7.55400000000373,6,18.3050000000003,2,0,0,0,0,0,0,4,25.0060000000012,0,0,0,0,0,0,0,0,0,0,0,0,0,0,0,0,0,0,16.5740000000224,3,0,5,0,0,5,0,60,1389.3696024723,78.6770000000397,7,2,189.237000000001,4,"3",23.6219528732855,26.8227489523533,18.6321182635976
"G30_2","000724D967",1.57499999999709,1,18.8820000000123,3,8.05600000000413,1,10.8260000000082,2,0,0,0,0,0,0,0,0,0,0,0,0,0,0,0,0,3,18.8820000000123,0,0,0,0,2,10.8260000000082,0,0,3,18.8820000000123,0,0,0,0,0,0,0,0,0,0,24.1540000000168,5,4,0,2,4,0,2,22,510.983226058481,65.2040000000197,7,4,263.214999999997,6,NA,NA,NA,NA
"G30_2","000724DE7A",7.21500000000378,4,0,0,0,0,0,0,0,0,0,0,0,0,0,0,0,0,0,0,0,0,0,0,0,0,0,0,0,0,0,0,0,0,0,0,0,0,0,0,0,0,0,0,0,0,2.48499999999331,0,0,0,0,0,0,0,8,205.309414983101,10.9529999999941,1,0,189.588000000003,5,NA,NA,NA,NA
"G30_2","000724DFEA",2.73500000000058,2,14.1659999999974,2,14.1659999999974,2,0,0,0,0,0,0,0,0,0,0,0,0,0,0,0,0,0,0,2,14.1659999999974,0,0,0,0,0,0,0,0,2,14.1659999999974,0,0,0,0,0,0,0,0,0,0,18.4239999999918,3,3,0,0,3,0,0,11,285.294338920094,25.0769999999902,3,2,131.398999999998,2,NA,NA,NA,NA
"G31_1","000724D2AE",4.72800000000279,3,8.03600000000006,1,0,0,8.03600000000006,1,0,0,14.6649999999936,3,11.3809999999939,2,0,0,0,0,0,0,0,0,3.28399999999965,1,1,8.03600000000006,3,14.6649999999936,1,8.03600000000006,1,8.03600000000006,0,0,1,8.03600000000006,1,7.86399999999412,0,0,0,0,1,8.03600000000006,0,0,29.8249999999971,6,1,3,1,1,4,1,15,441.424460041341,45.4660000000076,5,1,303.959000000003,5,"1",40.4137887231255,18.5,NA
"G31_1","000724DDBC",1.62200000000303,1,0,0,0,0,0,0,0,0,12.2419999999984,2,12.2419999999984,2,0,0,0.340000000003783,1,0,0,0,0,0,0,0,0,2,12.2419999999984,0,0,0,0,0,0,0,0,1,6.83199999999488,0,0,0,0,0,0,0,0,15.3259999999937,3,0,2,0,0,2,0,17,465.776647526564,30.4359999999942,5,2,262.629000000001,4,"2",40.4137887231255,NA,NA
"G31_1","000724E4F9",8.60900000000402,2,0,0,0,0,0,0,0,0,0,0,0,0,0,0,0.611000000004424,1,0,0,0,0,0,0,0,0,0,0,0,0,0,0,0,0,0,0,0,0,0,0,0,0,0,0,0,0,5.17800000000716,1,0,0,0,0,0,0,7,238.254169553394,17.481000000007,4,0,739.995000000003,6,"3",NA,18.5,NA
"G31_1","000724EE79",0,0,12.1889999999985,2,12.1889999999985,2,0,0,0,0,22.5900000000038,2,22.5900000000038,2,0,0,0.52100000000064,1,10.6960000000036,1,0,0,0,0,2,12.1889999999985,2,22.5900000000038,0,0,0,0,0,0,2,12.1889999999985,1,10.6960000000036,0,0,0,0,0,0,0,0,23.336000000003,5,2,4,0,2,4,0,8,143.472202067799,44.9510000000082,5,5,220.296999999999,3,NA,NA,NA,NA
"G31_1","0007250390",0,0,79.038999999997,3,23.9049999999988,1,55.1339999999982,2,39.7520000000004,2,39.7520000000004,2,0,0,0,0,0.430999999996857,1,0,0,0,0,39.7520000000004,2,3,79.038999999997,2,39.7520000000004,0,0,2,55.1339999999982,1,23.9049999999988,2,55.1339999999982,0,0,0,0,4,94.8859999999986,0,0,0,0,124.66399999999,26,25,8,11,16,8,11,17,254.744404135598,183.340999999986,3,3,206.487000000001,1,NA,NA,NA,NA
"G31_1","00072508EE",10.0430000000051,5,6.83299999999872,1,6.83299999999872,1,0,0,0,0,77.015999999996,2,68.9599999999991,1,68.9599999999991,1,1.21199999999953,1,0,0,0,0,8.05599999999686,1,1,6.83299999999872,2,77.015999999996,0,0,0,0,0,0,1,6.83299999999872,1,68.9599999999991,0,0,0,0,1,8.05599999999686,0,0,94.0579999999827,20,1,16,0,1,16,0,24,553.816900111313,131.800999999985,7,5,208.442999999999,2,NA,NA,NA,NA
"G31_2","000724D2AE",5.78800000000047,2,28.0529999999926,3,0,0,28.0529999999926,3,0,0,75.135000000002,7,69.3640000000014,6,53.7049999999945,3,0,0,0,0,0,0,5.77100000000064,1,3,28.0529999999926,7,75.135000000002,1,5.38100000000122,3,28.0529999999926,0,0,3,28.0529999999926,2,32.2479999999996,1,8.76599999999598,0,0,3,40.4249999999956,1,5.77100000000064,107.381999999991,23,6,16,6,6,17,6,34,869.187068165784,163.215999999986,11,6,398.260999999999,6,"1",30.4914756229564,45.2615549628247,50.5746972220635
"G31_2","000724DDBC",11.3150000000023,4,21.8259999999937,3,13.9349999999977,2,7.89099999999598,1,0,0,127.828999999998,6,73.900999999998,3,16.239999999998,1,0.440999999998894,1,0,0,0,0,53.9279999999999,3,3,21.8259999999937,6,127.828999999998,3,21.8259999999937,0,0,0,0,3,21.8259999999937,0,0,0,0,0,0,0,0,0,0,49.7810000000027,10,4,27,1,4,32,0,73,2360.56070916825,452.821999999986,15,7,172.014000000003,3,"2",30.4914756229564,46.1631722248427,46.8347630561904
"G31_2","000724E4F9",16.8650000000125,6,128.70199999999,14,51.1169999999911,7,77.5849999999991,7,0,0,0,0,0,0,0,0,0,0,0,0,0,0,0,0,14,128.70199999999,0,0,0,0,7,77.5849999999991,4,57.2589999999982,10,71.442999999992,0,0,1,7.35399999999936,6,46.2479999999996,0,0,1,5.54899999999907,179.114999999991,38,27,0,16,27,0,16,68,2335.09752160393,283.853999999999,21,12,135.131000000001,2,"3",37.4870658711062,45.2615549628247,46.8347630561904
"G31_2","000724EE79",23.6040000000139,9,46.5430000000124,6,14.5500000000029,2,31.9930000000095,4,11.5200000000041,1,70.9459999999963,6,70.9459999999963,6,48.5399999999936,2,4.13700000000244,3,0,0,0,0,0,0,6,46.5430000000124,6,70.9459999999963,2,14.5000000000073,4,31.9930000000095,1,13.7150000000038,5,32.8280000000086,0,0,0,0,0,0,0,0,0,0,93.9440000000104,20,12,15,6,10,18,6,92,2165.11231688974,530.216000000037,21,13,199.616999999998,5,NA,NA,NA,NA
"G31_2","0007250390",12.5449999999983,5,22.6910000000062,2,0,0,22.6910000000062,2,0,0,43.3479999999981,2,38.778999999995,1,38.778999999995,1,0.542000000001281,1,0,0,0,0,4.56900000000314,1,2,22.6910000000062,2,43.3479999999981,0,0,2,22.6910000000062,2,22.6910000000062,0,0,0,0,0,0,0,0,0,0,0,0,55.464000000029,11,4,9,4,4,9,4,44,1645.80519901798,186.542000000023,13,5,185.328999999998,4,NA,NA,NA,NA
"G31_2","00072508EE",30.4389999999985,11,173.76200000001,9,13.5740000000005,2,160.188000000009,7,47.3179999999993,4,30.1219999999958,3,5.13999999999942,1,0,0,0.69199999999546,1,0,0,0,0,24.9819999999963,2,9,173.76200000001,3,30.1219999999958,1,8.1820000000007,7,160.188000000009,1,32.7900000000009,8,140.972000000009,1,7.28299999999581,2,19.7250000000058,5,115.578000000009,0,0,2,20.8569999999963,248.168000000005,53,47,6,34,37,8,34,80,1992.27668173404,476.006999999983,25,14,129.088000000003,1,NA,NA,NA,NA
"G32_1","000724D1F3",2.69700000000012,1,101.517999999989,5,5.97099999999773,1,95.5469999999914,4,9.59900000000198,1,119.025999999998,2,103.304999999993,1,103.304999999993,1,0,0,0,0,0,0,15.721000000005,1,5,101.517999999989,2,119.025999999998,0,0,4,95.5469999999914,1,24.2289999999994,4,77.2889999999898,1,15.721000000005,1,15.5839999999953,2,143.28899999999,2,15.5699999999997,1,15.75,247.552000000003,53,23,25,20,21,25,20,30,518.103689904813,277.076000000001,6,4,104.677000000003,3,"1",29.1393985258102,37.1554131276203,20.0561460097699
"G32_1","000724D5A1",1.23300000000017,1,312.021000000001,9,0,0,312.021000000001,9,230.178,4,272.362999999998,3,272.362999999998,3,165.464,1,0.180999999996857,1,97.788999999997,1,0,0,0,0,9,312.021000000001,3,272.362999999998,1,26.2320000000036,9,312.021000000001,3,107.584999999999,6,204.436000000002,1,97.788999999997,1,38.1299999999974,10,413.320999999996,0,0,0,0,676.552999999993,145,116,58,67,67,64,67,39,611.656858788147,800.218999999983,9,8,99.0120000000024,2,"2",29.1393985258102,38.6344768903605,20.5725256325498
"G32_1","000724D729",11.8039999999964,5,81.2779999999912,10,10.9210000000021,2,70.3569999999891,8,0,0,32.6260000000038,5,24.3430000000008,4,0,0,16.2299999999814,8,10.0060000000012,1,0,0,8.28300000000309,1,10,81.2779999999912,5,32.6260000000038,1,11.2649999999994,8,70.3569999999891,1,11.2649999999994,9,70.0129999999917,1,5.98199999999633,2,23.4659999999931,2,18.3640000000014,0,0,5,35.4520000000048,167.125999999967,35,17,7,15,17,9,15,87,2089.45819894043,232.524999999965,12,8,112.534,4,"3",33.940109629383,37.1554131276203,20.5725256325498
"G32_1","000724D967",21.1840000000157,8,5.26800000000367,1,5.26800000000367,1,0,0,0,0,38.4079999999958,3,0,0,0,0,0,0,0,0,0,0,38.4079999999958,3,1,5.26800000000367,3,38.4079999999958,0,0,0,0,0,0,1,5.26800000000367,0,0,0,0,0,0,0,0,0,0,31.726999999999,6,1,8,0,1,8,0,56,1308.01165883229,253.186999999998,15,5,88.5899999999965,1,NA,NA,NA,NA
"G32_1","000724DE7A",12.3140000000058,5,0,0,0,0,0,0,0,0,7.96500000000378,2,7.96500000000378,2,5.79000000000087,1,0.512000000002445,1,0,0,0,0,0,0,0,0,2,7.96500000000378,0,0,0,0,0,0,0,0,0,0,0,0,0,0,0,0,0,0,13.1840000000011,2,0,1,0,0,1,0,40,1050.21106222607,218.208999999995,9,4,118.165000000001,5,NA,NA,NA,NA
"G32_1","000724DFEA",6.9230000000025,3,0,0,0,0,0,0,25.4469999999928,1,0,0,0,0,0,0,0,0,0,0,0,0,0,0,0,0,0,0,0,0,0,0,0,0,0,0,0,0,0,0,0,0,0,0,0,0,0,NA,5,0,0,0,0,0,15,293.42314312629,178.859000000011,5,2,133.927000000003,6,NA,NA,NA,NA
"G32_2","000724D1F3",5.08899999999994,3,83.2149999999965,5,11.1229999999923,2,72.0920000000042,3,0,0,0,0,0,0,0,0,0,0,0,0,0,0,0,0,5,83.2149999999965,0,0,0,0,3,72.0920000000042,2,55.1210000000065,3,28.09399999999,0,0,0,0,3,28.09399999999,0,0,0,0,111.922999999988,24,17,0,15,17,0,15,48,1161.76957366047,190.902999999969,9,4,123.260999999999,3,"1",36.1662660752924,31.1625818889596,NA
"G32_2","000724D5A1",6.14699999999721,3,5.15999999999622,1,5.15999999999622,1,0,0,0,0,0,0,0,0,0,0,0,0,0,0,0,0,0,0,1,5.15999999999622,0,0,0,0,0,0,0,0,1,5.15999999999622,0,0,0,0,0,0,0,0,0,0,8.50499999999738,1,1,0,0,1,0,0,7,111.272202067799,32.1290000000008,5,3,58.2189999999973,2,"2",36.1662660752924,NA,NA
"G32_2","000724D729",5.90099999999802,2,11.3929999999964,2,11.3929999999964,2,0,0,0,0,0,0,0,0,0,0,0,0,0,0,0,0,0,0,2,11.3929999999964,0,0,0,0,0,0,0,0,2,11.3929999999964,0,0,0,0,0,0,0,0,0,0,15.2990000000063,3,2,0,0,2,0,0,19,319.144404135598,28.9950000000099,3,1,159.279999999999,4,"3",NA,31.1625818889596,NA
"G32_2","000724D967",0,0,6.81400000000576,1,6.81400000000576,1,0,0,0,0,0,0,0,0,0,0,0,0,0,0,0,0,0,0,1,6.81400000000576,0,0,0,0,0,0,0,0,1,6.81400000000576,0,0,0,0,0,0,0,0,0,0,6.81400000000576,1,1,0,0,1,0,0,3,32.2,9.60900000000402,1,1,57.1449999999968,1,NA,NA,NA,NA
"G32_2","000724DE7A",2.94599999999627,1,0,0,0,0,0,0,0,0,0,0,0,0,0,0,0,0,0,0,0,0,0,0,0,0,0,0,0,0,0,0,0,0,0,0,0,0,0,0,0,0,0,0,0,0,1.49299999999494,0,0,0,0,0,0,0,5,194.122591325199,10.0999999999913,2,0,NA,NA,NA,NA,NA,NA
"G32_2","000724DFEA",0,0,0,0,0,0,0,0,0,0,0,0,0,0,0,0,0,0,0,0,0,0,0,0,0,0,0,0,0,0,0,0,0,0,0,0,0,0,0,0,0,0,0,0,0,0,0,NA,0,0,0,0,0,0,1,0,0.349999999998545,0,0,NA,NA,NA,NA,NA,NA
"G33_1","000724D2AE",0,0,0,0,0,0,0,0,0,0,0,0,0,0,0,0,0,0,0,0,0,0,0,0,0,0,0,0,0,0,0,0,0,0,0,0,0,0,0,0,0,0,0,0,0,0,4.55799999999726,0,0,0,0,0,0,0,1,0,4.55799999999726,1,0,NA,NA,"1",NA,NA,NA
"G33_1","000724DDBC",0,0,0,0,0,0,0,0,0,0,0,0,0,0,0,0,0,0,0,0,0,0,0,0,0,0,0,0,0,0,0,0,0,0,0,0,0,0,0,0,0,0,0,0,0,0,4.62899999999354,0,0,0,0,0,0,0,8,222.394223796192,5.05999999999767,0,0,NA,NA,"2",NA,NA,NA
"G33_1","000724E4F9",4.3640000000014,1,12.0889999999999,2,12.0889999999999,2,0,0,0,0,0,0,0,0,0,0,0,0,0,0,0,0,0,0,2,12.0889999999999,0,0,0,0,0,0,0,0,2,12.0889999999999,0,0,0,0,0,0,0,0,0,0,20.1260000000038,4,2,0,0,2,0,0,6,245.327764598405,63.2430000000095,6,3,401.593000000001,1,"3",NA,NA,NA
"G33_1","0007250390",0,0,0,0,0,0,0,0,0,0,0,0,0,0,0,0,1.82200000000012,1,0,0,0,0,0,0,0,0,0,0,0,0,0,0,0,0,0,0,0,0,0,0,0,0,0,0,0,0,1.82200000000012,0,0,0,0,0,0,0,1,0,1.82200000000012,0,0,NA,NA,NA,NA,NA,NA
"G33_1","00072508EE",1.30200000000332,1,0,0,0,0,0,0,0,0,0,0,0,0,0,0,0,0,0,0,0,0,0,0,0,0,0,0,0,0,0,0,0,0,0,0,0,0,0,0,0,0,0,0,0,0,0,NA,0,0,0,0,0,0,1,0,1.30200000000332,0,0,NA,NA,NA,NA,NA,NA
"G33_2","000724D2AE",5.79800000000978,2,57.2079999999987,1,0,0,57.2079999999987,1,0,0,70.2949999999983,2,67.5599999999977,1,0,0,0,0,0,0,0,0,2.73500000000058,1,1,57.2079999999987,2,70.2949999999983,0,0,1,57.2079999999987,0,0,1,57.2079999999987,1,67.5599999999977,0,0,0,0,1,57.2079999999987,0,0,130.278999999995,28,12,15,12,12,15,12,8,222.637962837305,149.062000000005,5,2,67.0089999999982,3,"1",44.4988297476841,24.2271706046781,34.6144080828796
"G33_2","000724DDBC",21.4399999999951,8,25.125,3,12.7749999999942,2,12.3500000000058,1,0,0,13.9000000000087,2,13.9000000000087,2,0,0,3.74800000000687,4,0,0,0,0,0,0,3,25.125,2,13.9000000000087,0,0,1,12.3500000000058,0,0,3,25.125,1,8.30800000000454,1,12.3500000000058,0,0,0,0,0,0,79.5460000000094,17,5,2,2,5,2,2,93,2292.64077578586,287.902000000009,22,13,71.7679999999964,4,"2",44.4988297476841,20.2133793465434,44.612969992267
"G33_2","000724E4F9",20.7300000000032,7,244.889999999992,12,42.6559999999881,4,202.234000000004,8,0,0,11.781999999992,2,5.06899999999587,1,0,0,11.4079999999958,4,0,0,0,0,6.7129999999961,1,12,244.889999999992,2,11.781999999992,0,0,8,202.234000000004,5,121.09599999999,7,123.794000000002,0,0,0,0,10,141.989999999998,0,0,0,0,287.847999999984,61,52,2,43,52,2,43,51,1423.21879115468,390.337999999982,16,10,58.6259999999966,1,"3",43.7270680020212,24.2271706046781,44.612969992267
"G33_2","000724EE79",15.9880000000048,5,132.944000000003,8,24.3570000000036,3,108.587,5,141.320999999996,3,11.0440000000017,1,11.0440000000017,1,0,0,1.04100000000471,1,0,0,0,0,0,0,8,132.944000000003,1,11.0440000000017,0,0,5,108.587,1,19.3940000000002,7,113.550000000003,0,0,1,42.6460000000006,0,0,0,0,3,48.4119999999966,170.914000000004,36,58,2,23,28,2,23,62,1421.36984400212,553.316999999988,19,12,71.887999999999,5,NA,NA,NA,NA
"G33_2","0007250390",19.4499999999971,8,111.345999999998,2,0,0,111.345999999998,2,110.173999999992,2,87.2599999999948,5,80.0669999999955,3,34.4320000000007,1,5.09000000001106,3,0,0,0,0,7.1929999999993,2,2,111.345999999998,5,87.2599999999948,0,0,2,111.345999999998,2,111.345999999998,0,0,1,20.7109999999957,0,0,2,61.3359999999957,2,108.193999999996,0,0,321.857999999971,69,47,18,23,23,18,23,50,1377.80671002929,465.128999999986,18,9,77.6100000000006,6,NA,NA,NA,NA
"G33_2","00072508EE",8.80199999998877,3,195.878000000004,9,29.7890000000043,3,166.089,6,284.620000000003,6,45.5309999999954,4,33.2389999999941,3,0,0,0,0,9.93999999999505,1,0,0,12.2920000000013,1,9,195.878000000004,4,45.5309999999954,1,14.0149999999994,6,166.089,1,14.0149999999994,8,181.863000000005,1,9.93999999999505,2,49.622000000003,0,0,3,69.7599999999948,3,77.5010000000038,335.413,72,103,9,35,42,12,35,62,1333.45451636785,732.529000000002,18,16,61.1050000000032,2,NA,NA,NA,NA
"G34_1","000724D1F3",6.9690000000046,3,41.5079999999944,2,10.9510000000009,1,30.5569999999934,1,0,0,115.677999999993,2,115.677999999993,2,0,0,0,0,0,0,0,0,0,0,2,41.5079999999944,2,115.677999999993,0,0,1,30.5569999999934,1,10.9510000000009,1,30.5569999999934,0,0,0,0,2,72.3609999999899,0,0,0,0,180.523999999983,38,8,24,6,8,24,6,34,688.446474263763,279.431000000004,8,4,217.667999999998,6,"1",23.1266169237687,23.0410892808052,27.8350631461873
"G34_1","000724D5A1",8.22799999999552,4,89.2030000000013,5,5.05799999999726,1,84.1450000000041,4,0,0,2.54300000000512,1,2.54300000000512,1,0,0,0,0,0,0,0,0,0,0,5,89.2030000000013,1,2.54300000000512,0,0,4,84.1450000000041,1,23.3570000000036,4,65.8459999999977,0,0,1,23.4029999999984,1,27.5720000000001,0,0,1,9.81300000000192,103.945999999996,22,19,0,18,19,0,18,41,914.134481021125,340.44000000001,12,12,76.2419999999984,1,"2",23.1266169237687,25.3251637779192,38.3649551923292
"G34_1","000724D729",8.42799999999988,3,53.0509999999922,5,8.50499999999738,1,44.5459999999948,4,8.875,1,12.8640000000014,2,5.51800000000367,1,0,0,0.510000000002037,1,0,0,0,0,7.34599999999773,1,5,53.0509999999922,2,12.8640000000014,0,0,4,44.5459999999948,1,11.3139999999985,4,41.7369999999937,0,0,1,8.50499999999738,3,28.7610000000059,0,0,2,23.8459999999977,94.1140000000014,20,13,2,9,11,2,9,64,1655.1846208049,147.214000000007,8,4,210.663999999997,5,"3",23.2100631461873,23.0410892808052,38.3649551923292
"G34_1","000724D967",9.00499999999738,4,23.7760000000053,3,16.1810000000041,2,7.59500000000116,1,87.3329999999987,2,0,0,0,0,0,0,0,0,0,0,0,0,0,0,3,23.7760000000053,0,0,0,0,1,7.59500000000116,0,0,3,23.7760000000053,0,0,1,7.59500000000116,0,0,0,0,0,0,28.2950000000055,6,23,0,1,5,0,1,22,509.81270695144,161.557999999997,9,5,122.231,2,NA,NA,NA,NA
"G34_1","000724DE7A",4.40700000000652,3,19.6930000000066,2,5.72000000000116,1,13.9730000000054,1,0,0,6.21199999999953,1,0,0,0,0,0,0,0,0,0,0,6.21199999999953,1,2,19.6930000000066,1,6.21199999999953,0,0,1,13.9730000000054,0,0,2,19.6930000000066,0,0,1,13.9730000000054,0,0,0,0,0,0,26.4590000000098,5,4,1,3,4,1,3,23,641.087026447012,88.8210000000181,5,3,204.93,4,NA,NA,NA,NA
"G34_1","000724DFEA",4.9890000000014,2,7.86500000000524,1,7.86500000000524,1,0,0,0,0,76.041999999994,1,0,0,0,0,0,0,0,0,0,0,76.041999999994,1,1,7.86500000000524,1,76.041999999994,0,0,0,0,0,0,1,7.86500000000524,1,76.041999999994,0,0,0,0,0,0,0,0,114.107000000011,24,1,16,0,1,16,0,26,598.37081524526,212.335000000036,9,5,188.669999999998,3,NA,NA,NA,NA
"G34_2","000724D1F3",6,2,10.2099999999991,1,10.2099999999991,1,0,0,83.5450000000055,2,0,0,0,0,0,0,0.411000000000058,1,0,0,0,0,0,0,1,10.2099999999991,0,0,0,0,0,0,1,10.2099999999991,0,0,0,0,0,0,0,0,0,0,0,0,35.362000000001,7,20,0,0,2,0,0,44,1167.05059942181,275.256000000001,10,7,123.097000000002,2,"1",34.5893862540756,19.7365945689369,15.467704554379
"G34_2","000724D5A1",6.06500000000233,2,132.670999999995,6,5.84099999999307,1,126.830000000002,5,195.626000000004,2,0,0,0,0,0,0,0,0,0,0,0,0,0,0,6,132.670999999995,0,0,0,0,5,126.830000000002,1,43.3029999999999,5,89.3679999999949,0,0,2,51.2580000000016,5,233.735999999997,0,0,0,0,345.170000000006,74,70,0,27,28,0,27,29,532.807186343985,403.845000000008,6,5,58.1200000000026,1,"2",34.5893862540756,30.7867969006752,22.6727310221193
"G34_2","000724D729",0,0,17.8329999999987,2,10.6089999999967,1,7.22400000000198,1,0,0,40.2490000000034,5,36.6840000000011,4,0,0,6.96800000000803,4,12.6470000000045,1,0,0,3.56500000000233,1,2,17.8329999999987,5,40.2490000000034,0,0,1,7.22400000000198,1,10.6089999999967,1,7.22400000000198,1,5.37999999999738,0,0,0,0,1,7.22400000000198,0,0,29.09399999999,6,3,8,1,3,8,1,60,1179.05935345163,124.809999999998,3,3,138.205999999998,4,"3",24.7615877174156,19.7365945689369,22.6727310221193
"G34_2","000724D967",15.3750000000073,5,12.6630000000005,2,0,0,12.6630000000005,2,0,0,0,0,0,0,0,0,0,0,0,0,0,0,0,0,2,12.6630000000005,0,0,0,0,2,12.6630000000005,0,0,2,12.6630000000005,0,0,1,6.44099999999889,0,0,0,0,1,6.22200000000157,34.6919999999955,7,2,0,2,2,0,2,29,644.541253254809,70.593000000008,8,2,127.285000000003,3,NA,NA,NA,NA
"G34_2","000724DE7A",0,0,14.9470000000001,2,0,0,14.9470000000001,2,0,0,0,0,0,0,0,0,0.94199999999546,1,0,0,0,0,0,0,2,14.9470000000001,0,0,0,0,2,14.9470000000001,0,0,2,14.9470000000001,0,0,0,0,0,0,0,0,0,0,17.4509999999937,3,3,0,3,3,0,3,6,106.218378072788,17.8809999999939,2,2,584.762999999999,5,NA,NA,NA,NA
"G34_2","000724DFEA",0,0,14.3660000000018,1,0,0,14.3660000000018,1,0,0,12.461000000003,1,0,0,0,0,0,0,0,0,0,0,12.461000000003,1,1,14.3660000000018,1,12.461000000003,0,0,1,14.3660000000018,1,14.3660000000018,0,0,1,12.461000000003,0,0,0,0,0,0,0,0,31.7459999999992,6,3,2,3,3,2,3,7,55.6361010338996,31.7459999999992,2,2,696.962,6,NA,NA,NA,NA
"G35_1","000724D2AE",4.17799999999988,3,97.0890000000072,6,24.0529999999999,2,73.0360000000073,4,9.43499999999767,1,5.88300000000163,1,5.88300000000163,1,0,0,0,0,0,0,0,0,0,0,6,97.0890000000072,1,5.88300000000163,0,0,4,73.0360000000073,1,14.2439999999988,5,82.8450000000084,0,0,0,0,8,116.376000000011,0,0,0,0,138.518000000011,29,22,1,15,20,1,15,21,405.204445458765,149.903000000013,2,2,493.970000000001,4,"1",51.1023126598859,105.152873211912,NA
"G35_1","000724DDBC",5.69099999999162,3,0,0,0,0,0,0,0,0,21.1330000000089,3,18.9290000000037,2,0,0,0,0,0,0,0,0,2.20400000000518,1,0,0,3,21.1330000000089,0,0,0,0,0,0,0,0,0,0,0,0,0,0,0,0,0,0,22.239999999998,4,0,4,0,0,4,0,31,1062.9201012105,55.6809999999896,8,3,482.582000000002,3,"2",51.1023126598859,NA,18.5680505169498
"G35_1","000724E4F9",10.5559999999969,4,12.5760000000009,2,12.5760000000009,2,0,0,0,0,0,0,0,0,0,0,0,0,0,0,0,0,0,0,2,12.5760000000009,0,0,0,0,0,0,0,0,2,12.5760000000009,0,0,0,0,0,0,0,0,0,0,12.5760000000009,2,2,0,0,2,0,0,7,208.329216873058,23.9239999999918,4,2,140.32,1,"3",NA,105.152873211912,18.5680505169498
"G35_1","000724EE79",2.3070000000007,1,11.1939999999959,1,11.1939999999959,1,0,0,0,0,0,0,0,0,0,0,0,0,0,0,0,0,0,0,1,11.1939999999959,0,0,0,0,0,0,1,11.1939999999959,0,0,0,0,0,0,0,0,0,0,0,0,12.0649999999951,2,2,0,0,2,0,0,4,116.44432091755,15.3449999999939,2,1,556.150000000001,6,NA,NA,NA,NA
"G35_1","0007250390",5.5089999999982,2,0,0,0,0,0,0,0,0,0,0,0,0,0,0,0,0,0,0,0,0,0,0,0,0,0,0,0,0,0,0,0,0,0,0,0,0,0,0,0,0,0,0,0,0,3.64800000000105,0,0,0,0,0,0,0,7,106.2,16.679999999993,3,0,479.114999999998,2,NA,NA,NA,NA
"G35_1","00072508EE",24.2890000000043,9,7.19000000000233,1,7.19000000000233,1,0,0,0,0,7.07400000000052,1,7.07400000000052,1,0,0,3.49599999999191,4,7.07400000000052,1,0,0,0,0,1,7.19000000000233,1,7.07400000000052,0,0,0,0,0,0,1,7.19000000000233,0,0,0,0,0,0,0,0,0,0,30.9499999999971,6,1,1,0,1,1,0,43,1247.59050823494,131.767,14,6,505.671999999999,5,NA,NA,NA,NA
"G35_2","000724D2AE",3.5570000000007,2,0,0,0,0,0,0,0,0,5.44000000000233,1,5.44000000000233,1,5.44000000000233,1,1.15199999999459,2,0,0,0,0,0,0,0,0,1,5.44000000000233,0,0,0,0,0,0,0,0,0,0,0,0,0,0,0,0,0,0,12.5209999999934,2,0,1,0,0,1,0,16,490.307372321261,26.6630000000005,4,1,214.874000000003,6,"1",27.9723076740882,73.5610426009139,NA
"G35_2","000724DDBC",15.5089999999982,6,64.260000000002,3,13.4440000000031,2,50.8159999999989,1,127.939999999995,2,60.5129999999917,3,60.5129999999917,3,5.07999999999447,1,1.6759999999922,3,0,0,0,0,0,0,3,64.260000000002,3,60.5129999999917,1,50.8159999999989,1,50.8159999999989,0,0,3,64.260000000002,1,53.3399999999965,0,0,0,0,3,88.4709999999977,0,0,289.742999999995,62,41,13,10,13,23,10,57,2073.48645805812,330.68,13,3,170.286,4,"2",27.9723076740882,NA,39.5217338402035
"G35_2","000724E4F9",14.1289999999863,5,0,0,0,0,0,0,0,0,0,0,0,0,0,0,0,0,0,0,0,0,0,0,0,0,0,0,0,0,0,0,0,0,0,0,0,0,0,0,0,0,0,0,0,0,26.2870000000039,5,0,0,0,0,0,0,23,648.807275065252,82.1779999999708,10,2,112.408000000003,3,"3",NA,73.5610426009139,39.5217338402035
"G35_2","000724EE79",15.0629999999946,5,40.6660000000047,2,15.5400000000009,1,25.1260000000038,1,68.8660000000018,1,64.0310000000027,1,64.0310000000027,1,0,0,0,0,0,0,0,0,0,0,2,40.6660000000047,1,64.0310000000027,0,0,1,25.1260000000038,2,40.6660000000047,0,0,0,0,0,0,1,68.8660000000018,0,0,0,0,208.826000000008,44,23,13,5,8,13,5,78,1898.83128072017,420.575999999986,19,9,108.572,2,NA,NA,NA,NA
"G35_2","0007250390",14.0489999999918,5,76.0160000000033,2,6.52100000000064,1,69.4950000000026,1,0,0,21.2940000000017,1,21.2940000000017,1,0,0,0,0,0,0,0,0,0,0,2,76.0160000000033,1,21.2940000000017,0,0,1,69.4950000000026,1,69.4950000000026,1,6.52100000000064,0,0,0,0,0,0,0,0,0,0,112.01400000001,24,16,4,14,16,4,14,55,1769.07748946695,209.267000000043,13,6,208.779999999999,5,NA,NA,NA,NA
"G35_2","00072508EE",19.2139999999999,8,55.9400000000023,2,5.45100000000093,1,50.4890000000014,1,0,0,20.2309999999925,4,20.2309999999925,4,8.53800000000047,1,1.50200000000041,2,0,0,0,0,0,0,2,55.9400000000023,4,20.2309999999925,0,0,1,50.4890000000014,1,50.4890000000014,1,5.45100000000093,0,0,0,0,0,0,0,0,0,0,118.495999999977,25,12,4,10,12,4,10,68,2043.02101149392,323.784999999996,21,10,104,1,NA,NA,NA,NA
"G36_1","000724D1F3",12.9399999999878,6,149.699999999997,4,15.1779999999999,2,134.521999999997,2,182.129999999997,4,74.4759999999951,5,36.6560000000027,2,29.6739999999991,1,1.03199999999924,1,0,0,0,0,37.8199999999924,3,4,149.699999999997,5,74.4759999999951,0,0,2,134.521999999997,0,0,4,149.699999999997,1,29.6739999999991,0,0,0,0,8,357.519999999997,0,0,414.174999999988,89,71,16,28,32,16,28,67,1421.76080099185,538.19599999996,13,7,59.349000000002,1,"1",41.1564089239593,34.0624853621789,35.8551507250272
"G36_1","000724D5A1",15.9360000000015,6,46.2299999999886,4,11.2099999999991,2,35.0199999999895,2,136.290000000001,2,225.449999999997,4,13.1789999999964,2,8.52099999999336,1,0,0,0,0,0,0,212.271000000001,2,4,46.2299999999886,4,225.449999999997,0,0,2,35.0199999999895,0,0,4,46.2299999999886,1,8.52099999999336,1,26.4929999999949,0,0,0,0,5,360.584999999999,411.006999999991,88,39,48,7,9,48,7,45,829.283539962634,618.205000000002,11,8,59.8589999999967,2,"2",41.1564089239593,32.0624394235026,33.9747052501892
"G36_1","000724D729",8.56399999999121,4,33.2580000000089,3,5.16900000000169,1,28.0890000000072,2,0,0,16.7760000000053,3,16.7760000000053,3,0,0,4.08600000001024,2,8.67900000000373,1,0,0,0,0,3,33.2580000000089,3,16.7760000000053,0,0,2,28.0890000000072,0,0,3,33.2580000000089,1,8.67900000000373,1,19.6440000000002,0,0,2,13.6140000000087,1,5.17299999999523,75.5490000000136,16,7,3,6,7,3,6,84,2637.63920444774,156.882000000041,12,5,184.658000000003,5,"3",43.2143909058442,34.0624853621789,33.9747052501892
"G36_1","000724D967",8.19399999999587,4,56.6750000000029,4,12.8070000000007,2,43.8680000000022,2,0,0,18.1850000000049,4,8.17500000000291,2,0,0,5.49000000000524,1,0,0,0,0,10.010000000002,2,4,56.6750000000029,4,18.1850000000049,0,0,2,43.8680000000022,1,25.148000000001,3,31.5270000000019,0,0,0,0,2,24.2100000000064,0,0,0,0,89.9890000000232,19,12,3,9,12,3,9,58,1364.55431964379,161.776000000005,14,6,89.6440000000002,3,NA,NA,NA,NA
"G36_1","000724DE7A",15.1549999999988,5,150.359000000004,2,0,0,150.359000000004,2,0,0,4.89100000000326,1,0,0,0,0,0.610999999997148,1,0,0,0,0,4.89100000000326,1,2,150.359000000004,1,4.89100000000326,0,0,2,150.359000000004,2,150.359000000004,0,0,0,0,0,0,0,0,0,0,0,0,163.620999999992,35,32,1,32,32,1,32,71,2071.32871070855,279.699000000001,14,6,179.93,4,NA,NA,NA,NA
"G36_1","000724DFEA",16.1299999999974,7,45.0219999999972,1,0,0,45.0219999999972,1,0,0,0,0,0,0,0,0,0,2,0,0,0,0,0,0,1,45.0219999999972,0,0,0,0,1,45.0219999999972,0,0,1,45.0219999999972,0,0,1,45.0219999999972,0,0,0,0,0,0,53.497999999985,11,9,0,9,9,0,9,55,1312.10073967245,155.592999999979,11,4,247.684999999998,6,NA,NA,NA,NA
"G36_2","000724D1F3",3.75699999999779,2,0,0,0,0,0,0,0,0,6.18300000000454,1,0,0,0,0,1.04300000000512,1,0,0,0,0,6.18300000000454,1,0,0,1,6.18300000000454,0,0,0,0,0,0,0,0,0,0,0,0,0,0,0,0,0,0,21.8360000000102,4,0,1,0,0,1,0,22,545.132714842318,81.5470000000059,10,6,392.349000000002,6,"1",29.3459668827185,27.9299243479199,49.1777642842779
"G36_2","000724D5A1",12.4149999999936,4,33.4600000000064,4,21.1050000000032,3,12.3550000000032,1,0,0,0,0,0,0,0,0,0,0,0,0,0,0,0,0,4,33.4600000000064,0,0,0,0,1,12.3550000000032,1,12.3550000000032,3,21.1050000000032,0,0,1,6.90400000000227,0,0,0,0,0,0,52.8590000000186,11,7,0,2,7,0,2,28,600.359940880891,149.107000000011,12,7,50.3810000000012,1,"2",29.3459668827185,48.9721604587749,33.4881909680798
"G36_2","000724D729",1.14299999999639,1,43.898000000001,3,22.112000000001,2,21.7860000000001,1,0,0,4.43000000000029,1,0,0,0,0,0,0,0,0,0,0,4.43000000000029,1,3,43.898000000001,1,4.43000000000029,0,0,1,21.7860000000001,1,15.6089999999967,2,28.2890000000043,0,0,0,0,1,21.7860000000001,0,0,0,0,60.8990000000049,13,9,0,4,9,0,4,27,433.148514077424,74.3770000000004,4,2,349.608,2,"3",49.0493628908674,27.9299243479199,33.4881909680798
"G36_2","000724D967",1.93399999999383,1,6.79200000000128,1,6.79200000000128,1,0,0,30.426999999996,1,53.0279999999984,1,0,0,0,0,0,0,0,0,0,0,53.0279999999984,1,1,6.79200000000128,1,53.0279999999984,0,0,0,0,0,0,1,6.79200000000128,1,53.0279999999984,0,0,0,0,1,30.426999999996,0,0,103.131999999998,22,8,11,0,1,11,0,23,523.60828745632,149.142000000007,6,5,357.743999999999,3,NA,NA,NA,NA
"G36_2","000724DE7A",13.4490000000005,5,52.2180000000008,3,14.1889999999985,2,38.0290000000023,1,0,0,32.8700000000026,2,32.8700000000026,2,32.8700000000026,2,0.531000000002678,1,0,0,0,0,0,0,3,52.2180000000008,2,32.8700000000026,1,5.38700000000244,1,38.0290000000023,0,0,3,52.2180000000008,1,24.4069999999992,0,0,0,0,2,46.4920000000056,0,0,98.5589999999938,21,11,7,8,11,8,8,28,644.414378378554,120.713999999993,10,3,391.817999999999,5,NA,NA,NA,NA
"G36_2","000724DFEA",13.0769999999902,4,36.1990000000005,2,15.1949999999997,1,21.0040000000008,1,0,0,0,0,0,0,0,0,0,0,0,0,0,0,0,0,2,36.1990000000005,0,0,0,0,1,21.0040000000008,1,15.1949999999997,1,21.0040000000008,0,0,1,21.0040000000008,0,0,0,0,0,0,44.9630000000107,9,7,0,4,7,0,4,21,390.295345194089,97.7029999999941,7,3,372.750999999997,4,NA,NA,NA,NA
"G37_1","000724D2AE",1.15400000000227,1,0,0,0,0,0,0,0,0,0,0,0,0,0,0,0,0,0,0,0,0,0,0,0,0,0,0,0,0,0,0,0,0,0,0,0,0,0,0,0,0,0,0,0,0,0,NA,0,0,0,0,0,0,1,0,1.15400000000227,0,0,NA,NA,"1",NA,18.5680505169498,NA
"G37_1","000724DDBC",1.29400000000169,1,0,0,0,0,0,0,0,0,0,0,0,0,0,0,0,0,0,0,0,0,0,0,0,0,0,0,0,0,0,0,0,0,0,0,0,0,0,0,0,0,0,0,0,0,0.862999999997555,0,0,0,0,0,0,0,3,67.6174134078172,2.58699999999953,0,0,NA,NA,"2",NA,NA,NA
"G37_1","000724E4F9",10.3339999999953,3,6.52199999999721,1,6.52199999999721,1,0,0,0,0,0,0,0,0,0,0,0,0,0,0,0,0,0,0,1,6.52199999999721,0,0,0,0,0,0,0,0,1,6.52199999999721,0,0,0,0,0,0,0,0,0,0,18.4760000000024,3,1,0,0,1,0,0,9,237.898406973257,36.0759999999937,8,2,531.231,1,"3",NA,18.5680505169498,NA
"G37_1","0007250390",0,0,0,0,0,0,0,0,0,0,0,0,0,0,0,0,0,0,0,0,0,0,0,0,0,0,0,0,0,0,0,0,0,0,0,0,0,0,0,0,0,0,0,0,0,0,0,NA,0,0,0,0,0,0,2,18.5680505169498,1.82299999999668,0,0,NA,NA,NA,NA,NA,NA
"G37_2","000724D2AE",5.45100000000093,2,0,0,0,0,0,0,0,0,121.413,3,69.0320000000065,2,0,0,0,0,0,0,0,0,52.3809999999939,1,0,0,3,121.413,0,0,0,0,0,0,0,0,1,20.2910000000047,0,0,0,0,2,101.121999999996,0,0,124.538999999997,26,0,26,0,0,26,0,11,319.353564540342,136.684000000001,4,2,80.2640000000029,6,"1",35.600987905933,53.7596894785339,49.3787155079706
"G37_2","000724DDBC",4.41100000000006,3,0,0,0,0,0,0,0,0,0,0,164.877,5,64.7139999999999,1,6.98400000000402,5,62.7479999999996,2,0.620999999999185,1,0,0,0,0,0,0,0,0,0,0,0,0,0,0,0,0,0,0,0,0,0,0,0,0,30.9820000000036,6,0,0,0,0,0,0,80,2378.68623978544,316.409000000036,17,7,71.023000000001,5,"2",35.600987905933,51.1299316459212,50.7887160097761
"G37_2","000724E4F9",22.8849999999948,8,80.1790000000037,2,0,0,80.1790000000037,2,0,0,2.39699999999721,1,0,0,0,0,4.15800000000309,1,0,0,0,0,2.39699999999721,1,2,80.1790000000037,1,2.39699999999721,0,0,2,80.1790000000037,1,74.6820000000007,1,5.49700000000303,0,0,0,0,0,0,0,0,0,0,146.61099999999,31,17,0,17,17,0,17,69,1835.91397500145,245.551999999989,20,4,58.2520000000004,2,"3",27.8293922697748,53.7596894785339,50.7887160097761
"G37_2","000724EE79",12.3969999999972,5,0,0,0,0,0,0,9.31999999999971,1,0,0,64.1200000000026,3,10.7940000000017,1,3.83599999999569,5,53.3260000000009,2,0,0,0,0,0,0,0,0,0,0,0,0,0,0,0,0,0,0,0,0,0,0,0,0,0,0,41.4090000000069,8,2,0,0,0,0,0,75,1746.81194939484,414.277999999977,15,10,59.5140000000029,3,NA,NA,NA,NA
"G37_2","0007250390",12.7350000000006,5,0,0,0,0,0,0,0,0,0,0,77.8479999999909,7,24.8039999999964,1,1.85199999999895,1,9.97800000000279,1,3.19700000000012,1,0,0,0,0,0,0,0,0,2,43.599000000002,0,0,0,0,0,0,0,0,0,0,0,0,0,0,72.0860000000102,15,0,0,0,0,0,9,72,2767.016497748,279.875,17,6,56.6690000000017,1,NA,NA,NA,NA
"G37_2","00072508EE",2.25299999999697,1,124.761000000006,6,44.9410000000062,2,79.8199999999997,4,14.9989999999962,1,103.354999999989,5,66.6809999999896,4,0,0,0,0,29.8109999999942,2,0,0,36.6739999999991,1,6,124.761000000006,5,103.354999999989,1,38.7700000000041,4,79.8199999999997,2,77.7680000000037,4,46.9930000000022,1,36.6739999999991,0,0,6,85.9820000000036,0,0,0,0,222.738999999994,47,30,22,17,26,30,17,35,844.566217534841,376.193999999989,13,9,62.5630000000019,4,NA,NA,NA,NA
"G38_1","000724D1F3",4.12799999999697,1,47.1189999999988,5,12.5610000000015,1,34.5579999999973,4,0,0,79.9000000000015,5,27.586000000003,2,0,0,0,0,7.67799999999988,1,0,0,37.7390000000014,2,5,47.1189999999988,5,79.9000000000015,1,9.71099999999569,4,34.5579999999973,1,12.5610000000015,4,34.5579999999973,2,19.0760000000009,0,0,1,9.71099999999569,6,85.6710000000021,0,0,153.561999999991,33,10,17,7,10,19,7,36,768.265733783474,171.982000000004,7,3,127.245999999999,3,"1",50.078805837785,31.0149990176973,44.6834598428072
"G38_1","000724D5A1",4.52999999999884,2,132.600000000006,3,0,0,132.600000000006,3,48.0630000000019,3,63.2189999999973,6,38.0570000000007,3,7.27199999999721,1,3.95799999999872,1,0,0,0,0,18.4159999999974,1,3,132.600000000006,6,63.2189999999973,1,17.3479999999981,3,132.600000000006,1,94.3870000000024,2,38.2130000000034,1,7.27199999999721,0,0,4,65.5360000000001,3,61.4560000000056,0,0,260.427999999993,55,38,13,28,28,17,28,68,1371.58682705466,448.139999999999,13,6,66.8609999999971,1,"2",50.078805837785,27.9572130476797,35.9736648154613
"G38_1","000724D729",7.88899999999558,3,72.583000000006,4,0,0,72.583000000006,4,0,0,69.3539999999921,3,53.2189999999973,1,0,0,3.85600000000704,4,0,0,0,0,16.1349999999948,2,4,72.583000000006,3,69.3539999999921,0,0,4,72.583000000006,0,0,4,72.583000000006,0,0,2,47.2150000000038,0,0,0,0,3,84.4479999999967,179.50999999998,38,15,14,15,15,14,15,100,2835.54975529721,253.709000000017,10,4,165.457000000002,5,"3",53.0843193676354,31.0149990176973,35.9736648154613
"G38_1","000724D967",12.2840000000142,5,88.7360000000044,3,0,0,88.7360000000044,3,0,0,9.03600000000006,2,9.03600000000006,2,5.93000000000029,1,3.10599999999977,1,0,0,0,0,0,0,3,88.7360000000044,2,9.03600000000006,0,0,3,88.7360000000044,0,0,3,88.7360000000044,0,0,1,21.4700000000012,0,0,0,0,3,73.1960000000036,131.985999999997,28,19,1,19,19,1,19,43,1217.01515988899,173.301999999996,11,2,118.279000000002,2,NA,NA,NA,NA
"G38_1","000724DE7A",5.24000000000524,2,0,0,0,0,0,0,0,0,29.5279999999984,1,0,0,0,0,0,0,0,0,0,0,29.5279999999984,1,0,0,1,29.5279999999984,0,0,0,0,0,0,0,0,1,29.5279999999984,0,0,0,0,0,0,0,0,37.9239999999991,8,0,6,0,0,6,0,13,339.869084333439,52.875,4,2,529.478999999999,6,NA,NA,NA,NA
"G38_1","000724DFEA",1.46300000000338,1,44.8009999999995,3,22.5089999999982,1,22.2920000000013,2,0,0,90.6160000000018,2,86.9210000000021,1,86.9210000000021,1,0,0,0,0,0,0,3.69499999999971,1,3,44.8009999999995,2,90.6160000000018,0,0,2,22.2920000000013,1,22.5089999999982,2,22.2920000000013,0,0,1,7.78699999999662,3,128.489000000001,0,0,0,0,168.168999999994,36,9,19,4,9,19,4,11,215.957665992566,172.505999999994,4,2,146.014000000003,4,NA,NA,NA,NA
"G38_2","000724D1F3",10.2189999999973,4,45.1679999999978,2,8.36699999999837,1,36.8009999999995,1,0,0,0,0,0,0,0,0,0,0,0,0,0,0,0,0,2,45.1679999999978,0,0,0,0,1,36.8009999999995,1,36.8009999999995,1,8.36699999999837,0,0,0,0,0,0,0,0,0,0,65.7039999999834,14,9,0,7,9,0,7,54,1280.68051559751,207.273999999961,11,7,195.457000000002,3,"1",39.9246981335341,46.6630604265807,46.0233841125273
"G38_2","000724D5A1",18.9200000000055,8,39.3210000000036,3,14.6460000000006,2,24.6750000000029,1,0,0,0,0,0,0,0,0,0,0,0,0,0,0,0,0,3,39.3210000000036,0,0,0,0,1,24.6750000000029,1,24.6750000000029,2,14.6460000000006,0,0,0,0,1,5.29099999999744,0,0,0,0,55.7839999999997,11,8,0,5,8,0,5,42,1032.7467366041,224.392,15,10,43.3000000000029,1,"2",39.9246981335341,58.4962631018348,61.6113351001259
"G38_2","000724D729",2.01499999999942,1,0,0,0,0,0,0,0,0,0,0,0,0,0,0,0,0,0,0,0,0,0,0,0,0,0,0,0,0,0,0,0,0,0,0,0,0,0,0,0,0,0,0,0,0,20.252999999997,4,0,0,0,0,0,0,21,683.76289386335,31.997999999985,5,0,NA,NA,"3",21.9125818889596,46.6630604265807,61.6113351001259
"G38_2","000724D967",9.06699999999546,3,0,0,0,0,0,0,0,0,0,0,0,0,0,0,0,0,0,0,0.171000000002095,1,0,0,0,0,0,0,0,0,0,0,0,0,0,0,0,0,0,0,0,0,0,0,0,0,19.839999999982,4,0,0,0,0,0,0,24,593.54788285522,52.2609999999622,8,1,174.673000000003,2,NA,NA,NA,NA
"G38_2","000724DE7A",0,0,0,0,0,0,0,0,0,0,0,0,0,0,0,0,0,0,0,0,0,0,0,0,0,0,0,0,0,0,0,0,0,0,0,0,0,0,0,0,0,0,0,0,0,0,7.416999999994,1,0,0,0,0,0,0,14,371.550260259993,20.9899999999907,2,1,268.014000000003,4,NA,NA,NA,NA
"G38_2","000724DFEA",9.86699999999109,4,5.42199999999866,1,5.42199999999866,1,0,0,0,0,0,0,0,0,0,0,0,0,0,0,0,0,0,0,1,5.42199999999866,0,0,0,0,0,0,0,0,1,5.42199999999866,0,0,0,0,0,0,0,0,0,0,23.1529999999984,4,1,0,0,1,0,0,36,700.107438642876,134.908999999992,9,4,313.635000000002,5,NA,NA,NA,NA
"G39_1","000724D2AE",0,0,33.3839999999982,1,0,0,33.3839999999982,1,0,0,43.4000000000015,1,43.4000000000015,1,0,0,0,0,0,0,0,0,0,0,1,33.3839999999982,1,43.4000000000015,0,0,1,33.3839999999982,0,0,1,33.3839999999982,1,43.4000000000015,0,0,0,0,1,33.3839999999982,0,0,76.7839999999997,16,7,9,7,7,9,7,2,0,76.7839999999997,1,1,652.527999999998,5,"1",18.5680505169498,71.2644547432481,NA
"G39_1","000724DDBC",1.875,1,8.47499999999854,1,8.47499999999854,1,0,0,0,0,0,0,0,0,0,0,0,0,0,0,0,0,0,0,1,8.47499999999854,0,0,0,0,0,0,0,0,1,8.47499999999854,0,0,0,0,0,0,0,0,0,0,18.3609999999899,3,1,0,0,1,0,0,11,269.494744039353,23.7519999999859,2,1,643.582999999999,4,"2",18.5680505169498,NA,NA
"G39_1","000724E4F9",11.6390000000101,3,5.78800000000047,1,5.78800000000047,1,0,0,0,0,0,0,0,0,0,0,0,0,0,0,0,0,0,0,1,5.78800000000047,0,0,0,0,0,0,0,0,1,5.78800000000047,0,0,0,0,0,0,0,0,0,0,6.21899999999732,1,1,0,0,1,0,0,10,373.34761881301,30.0339999999997,6,2,307.434000000001,1,"3",NA,71.2644547432481,NA
"G39_1","0007250390",1.23300000000017,1,101.019999999997,2,0,0,101.019999999997,2,8.7760000000053,1,0,0,0,0,0,0,0.961999999999534,1,0,0,0,0,0,0,2,101.019999999997,0,0,0,0,2,101.019999999997,2,101.019999999997,0,0,0,0,0,0,1,8.7760000000053,0,0,0,0,118.123999999996,25,23,0,21,21,0,21,13,248.490218936826,119.786999999997,2,2,568.290000000001,2,NA,NA,NA,NA
"G39_1","00072508EE",3.84599999999773,1,43.8170000000027,1,0,0,43.8170000000027,1,0,0,0,0,0,0,0,0,1.84199999999691,1,0,0,1.67499999999563,1,0,0,1,43.8170000000027,0,0,0,0,1,43.8170000000027,0,0,1,43.8170000000027,0,0,1,43.8170000000027,0,0,0,0,0,0,64.1280000000042,13,9,0,9,9,0,9,17,334.020757754247,96.6850000000049,7,3,608.644999999997,3,NA,NA,NA,NA
"G39_2","000724D2AE",10.7070000000022,4,0,0,0,0,0,0,133.812999999995,2,77.8240000000078,3,77.8240000000078,3,0,0,0,0,0,0,0.511000000005879,1,0,0,0,0,3,77.8240000000078,0,0,0,0,0,0,0,0,1,41.2910000000047,0,0,0,0,3,160.276999999995,0,0,218.488000000005,46,28,16,0,0,16,0,17,259.748555686448,232.719000000005,5,2,50.6449999999968,5,"1",28.5629875017508,27.5693290304313,31.1359370978859
"G39_2","000724DDBC",6.92399999999179,3,12.073000000004,2,5.20900000000256,1,6.8640000000014,1,129.525000000001,3,165.264999999992,10,160.680999999997,8,0,0,4.22800000000279,5,64.3099999999977,3,0,0,4.58399999999529,2,2,12.073000000004,10,165.264999999992,0,0,1,6.8640000000014,0,0,2,12.073000000004,1,7.56299999999464,1,6.8640000000014,0,0,5,151.186999999998,0,0,202.48799999999,43,30,35,1,2,35,1,81,1978.9124099931,350.917999999976,13,9,50.2130000000034,4,"2",28.5629875017508,26.329958275968,31.0409369612135
"G39_2","000724E4F9",8.64700000000448,4,39.3559999999998,3,6.7410000000018,1,32.614999999998,2,10.9650000000038,1,43.6490000000049,3,17.1670000000013,2,0,0,2.65200000000186,1,7.94400000000314,1,0,0,26.4820000000036,1,3,39.3559999999998,3,43.6490000000049,0,0,2,32.614999999998,1,21.5720000000001,2,17.7839999999997,1,9.22299999999814,1,11.0429999999978,3,80.083000000006,0,0,1,10.9650000000038,187.130999999994,40,10,9,7,8,9,7,50,1749.58627661383,250.36000000003,15,8,40.3280000000013,1,"3",29.7744735844109,27.5693290304313,31.0409369612135
"G39_2","000724EE79",6.47200000000157,4,87.0620000000126,6,0,0,87.0620000000126,6,181.577999999994,6,294.936000000016,11,278.424000000014,8,39.8840000000055,1,9.02699999998731,4,14.625,1,0,0,16.5120000000024,3,6,87.0620000000126,11,294.936000000016,3,29.3370000000068,4,73.3260000000082,1,14.3250000000044,5,72.7370000000083,1,14.625,1,5.56300000000192,4,49.4119999999966,6,159.427000000018,0,0,257.046000000009,55,57,63,18,18,69,15,51,1041.79927022233,571.023000000016,10,9,65.2869999999966,6,NA,NA,NA,NA
"G39_2","0007250390",19.1959999999963,10,47.7059999999983,5,47.7059999999983,5,0,0,0,0,100.187999999987,7,59.1369999999879,6,14.6579999999958,1,6.81299999999464,4,34.5559999999969,3,0,0,41.0509999999995,1,5,47.7059999999983,7,100.187999999987,1,5.65899999999965,0,0,1,23.510000000002,4,24.1959999999963,1,5.83299999999872,0,0,3,68.2209999999977,2,11.4069999999992,0,0,159.84699999998,34,10,21,0,10,22,0,57,1787.57818286263,235.279999999955,12,7,48.1290000000008,2,NA,NA,NA,NA
"G39_2","00072508EE",11.5580000000045,3,237.186000000009,9,10.2680000000037,1,226.918000000005,8,75.1239999999889,4,24.7869999999966,4,24.7869999999966,4,8.47499999999854,1,12.0480000000025,7,7.35199999999895,1,0,0,0,0,9,237.186000000009,4,24.7869999999966,2,53.4150000000081,8,226.918000000005,3,63.6830000000118,6,173.502999999997,1,7.35199999999895,0,0,6,102.162999999986,4,114.548999999999,0,0,322.311000000002,69,67,5,48,50,16,48,69,1542.34861988549,555.216000000015,16,11,48.5,3,NA,NA,NA,NA
"G4_1","000724C16B",8.60399999998481,5,71.4179999999978,3,6.6929999999993,1,64.7249999999985,2,40.2770000000019,1,34.6150000000052,2,34.6150000000052,2,34.6150000000052,2,0,0,0,0,0,0,0,0,3,71.4179999999978,2,34.6150000000052,1,41.8930000000037,2,64.7249999999985,1,41.8930000000037,2,29.5249999999942,0,0,0,0,4,88.2160000000003,0,0,0,0,145.025999999991,31,24,7,13,15,16,13,30,816.159743968971,194.749999999971,4,3,63.1730000000025,4,"1",27.5738409192337,58.2574563917299,55.0124876383665
"G4_1","000724C37F",13.3670000000056,7,13.3660000000018,2,13.3660000000018,2,0,0,6.916999999994,1,120.389000000003,2,120.389000000003,2,120.389000000003,2,0,0,0,0,0,0,0,0,2,13.3660000000018,2,120.389000000003,0,0,0,0,0,0,2,13.3660000000018,1,93.9500000000044,0,0,0,0,0,0,0,0,124.364000000016,26,4,25,0,2,25,0,33,1135.81943269263,254.446000000018,11,6,51.8050000000003,1,"2",27.5738409192337,71.4859334432313,59.5647022765829
"G4_1","000724D725",1.75500000000466,1,0,0,0,0,0,0,76.3899999999994,2,8.54999999999563,1,8.54999999999563,1,0,0,0,0,0,0,0,0,0,0,0,0,1,8.54999999999563,0,0,0,0,0,0,0,0,0,0,0,0,0,0,0,0,0,0,20.6649999999936,4,16,1,0,0,1,0,40,992.660805609375,370.669000000002,10,4,88.3989999999976,6,"3",32.2701231299206,58.2574563917299,59.5647022765829
"G4_1","000724E4F4",23.9189999999871,8,49,5,49,5,0,0,0,0,0,0,0,0,0,0,0,0,0,0,0,0,0,0,5,49,0,0,0,0,0,0,1,20.2669999999998,4,28.7330000000002,0,0,0,0,0,0,0,0,0,0,68.6280000000115,14,10,0,0,10,0,0,34,782.803287092027,184.305999999997,15,7,81.747000000003,5,NA,NA,NA,NA
"G4_1","000724FA70",13.2359999999971,6,55.3729999999996,7,40.5260000000053,5,14.8469999999943,2,0,0,41.6259999999966,3,16.875,2,16.875,2,0,0,0,0,3.93800000000192,1,24.7509999999966,1,7,55.3729999999996,3,41.6259999999966,1,10.6479999999938,2,14.8469999999943,2,22.4979999999996,5,32.875,0,0,0,0,0,0,0,0,0,0,135.288,29,11,8,3,11,11,3,100,2854.06684977637,358.033999999978,21,12,58.9680000000008,3,NA,NA,NA,NA
"G4_1","000724FE72",14.9259999999995,6,14.6670000000013,2,14.6670000000013,2,0,0,102.629000000001,2,114.48599999999,6,15.4749999999985,1,0,0,0.161000000000058,1,0,0,0,0,99.0109999999913,5,2,14.6670000000013,6,114.48599999999,2,14.6670000000013,0,0,0,0,2,14.6670000000013,0,0,0,0,0,0,0,0,0,0,26.0590000000011,5,25,24,0,3,27,0,62,1424.6508171597,387.559999999954,14,6,57.4830000000002,2,NA,NA,NA,NA
"G4_2","000724C16B",0,0,0,0,0,0,0,0,0,0,0,0,0,0,0,0,0,0,0,0,0,0,0,0,0,0,0,0,0,0,0,0,0,0,0,0,0,0,0,0,0,0,0,0,0,0,0.452000000004773,0,0,0,0,0,0,0,1,0,0.452000000004773,0,0,NA,NA,"1",NA,NA,NA
"G4_2","000724C37F",6.20500000000902,2,0,0,0,0,0,0,0,0,0,0,0,0,0,0,0,0,0,0,0,0,0,0,0,0,0,0,0,0,0,0,0,0,0,0,0,0,0,0,0,0,0,0,0,0,0.783000000003085,0,0,0,0,0,0,0,3,55.7041515508494,6.98800000001211,1,0,116.161999999997,2,"2",NA,NA,29.1631167241055
"G4_2","000724D725",8.50500000000466,4,0,0,0,0,0,0,0,0,6.45500000000175,1,6.45500000000175,1,6.45500000000175,1,0,0,0,0,0,0,0,0,0,0,1,6.45500000000175,0,0,0,0,0,0,0,0,0,0,0,0,0,0,0,0,0,0,22.2239999999947,4,0,1,0,0,1,0,30,916.426196668433,62.4229999999661,7,2,119.370999999999,4,"3",NA,NA,29.1631167241055
"G4_2","000724E4F4",5.3440000000046,4,7.5789999999979,1,7.5789999999979,1,0,0,0,0,0,0,0,0,0,0,0,0,0,0,0,0,0,0,1,7.5789999999979,0,0,0,0,0,0,0,0,1,7.5789999999979,0,0,0,0,0,0,0,0,0,0,18.8450000000012,4,1,0,0,1,0,0,14,381.302558524106,48.6700000000055,4,2,63.7330000000002,1,NA,NA,NA,NA
"G4_2","000724FA70",16.9759999999951,8,0,0,0,0,0,0,0,0,0,0,0,0,0,0,0,0,0,0,0,0,0,0,0,0,0,0,0,0,0,0,0,0,0,0,0,0,0,0,0,0,0,0,0,0,18.8559999999998,4,0,0,0,0,0,0,27,812.630545494882,57.4300000000076,13,1,117.675999999999,3,NA,NA,NA,NA
"G4_2","000724FE72",0,0,0,0,0,0,0,0,0,0,0,0,0,0,0,0,0,0,0,0,0,0,0,0,0,0,0,0,0,0,0,0,0,0,0,0,0,0,0,0,0,0,0,0,0,0,0,NA,0,0,0,0,0,0,1,0,0.260999999998603,0,0,NA,NA,NA,NA,NA,NA
"G40_1","000724D1F3",6.2300000000032,3,0,0,0,0,0,0,0,0,10.8329999999987,3,7.11499999999796,2,0,0,0.52100000000064,1,0,0,0,0,3.71800000000076,1,0,0,3,10.8329999999987,0,0,0,0,0,0,0,0,0,0,0,0,0,0,0,0,0,0,13.7779999999839,2,0,2,0,0,2,0,28,601.666933759236,54.0489999999918,7,2,114.137999999999,3,"1",42.9821320858317,33.976899065377,18.5056708764125
"G40_1","000724D5A1",13.3219999999856,4,431.206999999995,11,31.6800000000003,2,399.526999999995,9,48.760000000002,1,145.687000000005,3,136.487000000008,2,131.616000000002,1,2.9149999999936,2,0,0,0,0,0,0,11,431.206999999995,3,145.687000000005,1,6.23300000000017,8,393.293999999994,4,325.561999999998,7,105.644999999997,0,0,0,0,11,304.824999999997,0,0,0,0,647.762000000002,139,103,31,85,92,32,84,44,1026.47049950606,727.000999999982,10,6,70.9279999999999,1,"2",42.9821320858317,24.7902588620214,40.678874520351
"G40_1","000724D729",14.8959999999861,8,41.5959999999977,2,0,0,41.5959999999977,2,9.81899999999587,1,1.85400000000664,1,0,0,0,0,0,0,0,0,0,0,1.85400000000664,1,2,41.5959999999977,1,1.85400000000664,0,0,2,41.5959999999977,0,0,2,41.5959999999977,1,5.93800000000192,2,41.5959999999977,0,0,0,0,1,9.81899999999587,87.7330000000002,18,11,0,8,8,0,8,57,1790.1917663885,136.254999999976,9,3,402.659,4,"3",33.0067052967062,33.976899065377,40.678874520351
"G40_1","000724D967",15.2919999999867,6,34.6859999999942,4,19.3889999999956,3,15.2969999999987,1,33.0420000000013,1,0,0,0,0,0,0,0.169999999998254,1,0,0,0,0,0,0,4,34.6859999999942,0,0,0,0,1,15.2969999999987,0,0,4,34.6859999999942,0,0,1,15.2969999999987,0,0,0,0,0,0,62.4110000000292,13,14,0,3,7,0,3,73,2156.49892012602,367.328999999998,18,9,112.616000000002,2,NA,NA,NA,NA
"G40_1","000724DE7A",1.34100000000035,1,63.9569999999876,8,43.4999999999854,6,20.4570000000022,2,0,0,140.607000000004,3,140.607000000004,3,61.775999999998,1,0,0,10.7280000000028,1,0,0,0,0,8,63.9569999999876,3,140.607000000004,3,21.1889999999912,2,20.4570000000022,1,13.5250000000015,7,50.4319999999861,0,0,1,6.9320000000007,4,30.6469999999899,0,0,0,0,79.6909999999843,17,13,30,4,13,34,4,39,959.186051896729,297.467999999979,9,8,461.421000000002,6,NA,NA,NA,NA
"G40_1","000724DFEA",0,0,45.0399999999936,3,20.7639999999956,2,24.275999999998,1,48.7540000000008,1,54.5370000000039,2,48.7540000000008,1,0,0,0,0,0,0,0,0,0,0,3,45.0399999999936,2,54.5370000000039,0,0,1,24.275999999998,2,36.7569999999978,1,8.28299999999581,0,0,0,0,1,8.28299999999581,0,0,0,0,52.9430000000066,11,20,11,5,9,11,5,19,501.498613177461,137.649000000012,5,4,413.125999999997,5,NA,NA,NA,NA
"G40_2","000724D1F3",4.02799999999843,2,35.4420000000027,2,0,0,35.4420000000027,2,64.8240000000005,3,254.948999999993,9,196.232999999993,6,78.2710000000006,1,1.48300000000017,2,0,0,0,0,45.0629999999946,2,2,35.4420000000027,9,254.948999999993,0,0,2,35.4420000000027,1,15.8439999999973,1,19.5980000000054,1,16.637999999999,1,19.5980000000054,0,0,3,98.801999999996,0,0,180.027999999984,38,21,54,7,7,54,7,73,1486.71202120046,578.052999999985,12,7,52.0199999999968,2,"1",28.8777398713753,28.562011812775,65.4430792624563
"G40_2","000724D5A1",3.88700000000244,2,0,0,0,0,0,0,0,0,0,0,0,0,0,0,0,0,0,0,0,0,0,0,0,0,0,0,0,0,0,0,0,0,0,0,0,0,0,0,0,0,0,0,0,0,15.8089999999938,3,0,0,0,0,0,0,19,435.41210349023,30.8389999999854,5,1,39.3919999999998,1,"2",28.8777398713753,72.4724135204605,37.2772317049825
"G40_2","000724D729",5.72200000000157,3,52.3370000000068,3,20.1960000000036,2,32.1410000000033,1,0,0,97.5110000000059,4,17.6190000000061,3,0,0,8.67600000000675,5,0,0,0,0,79.8919999999998,1,3,52.3370000000068,4,97.5110000000059,0,0,1,32.1410000000033,2,45.3750000000073,1,6.96199999999953,0,0,0,0,2,90.7799999999988,0,0,0,0,174.820000000007,37,11,20,6,11,20,6,56,1528.69443373967,224.186999999998,9,5,117.364000000001,5,"3",32.2,28.562011812775,37.2772317049825
"G40_2","000724D967",8.88799999999901,3,17.6460000000079,3,17.6460000000079,3,0,0,0,0,9.62599999999657,2,5.03699999999662,1,0,0,0,0,0,0,0,0,4.58899999999994,1,3,17.6460000000079,2,9.62599999999657,0,0,0,0,0,0,3,17.6460000000079,0,0,0,0,0,0,0,0,0,0,43.9979999999996,9,3,2,0,3,2,0,33,912.62333659193,78.4639999999854,11,4,56.3790000000008,3,NA,NA,NA,NA
"G40_2","000724DE7A",6.72400000000198,4,9.56300000000192,1,0,0,9.56300000000192,1,93.7439999999915,2,111.868000000002,5,39.2880000000077,4,0,0,10.9469999999928,5,21.2070000000022,1,0,0,72.5799999999945,1,1,9.56300000000192,5,111.868000000002,0,0,1,9.56300000000192,0,0,1,9.56300000000192,2,83.6789999999964,1,9.56300000000192,0,0,3,100.575999999994,1,21.2070000000022,248.252,53,22,24,2,2,24,2,48,1110.72763242438,281.243000000002,7,4,118.434999999998,6,NA,NA,NA,NA
"G40_2","000724DFEA",6.19200000000274,2,323.849999999999,8,5.10100000000239,1,318.748999999996,7,0,0,0,0,0,0,0,0,0,0,0,0,0.521999999997206,1,0,0,8,323.849999999999,0,0,0,0,7,318.748999999996,2,172.542000000001,6,151.307999999997,0,0,0,0,5,146.258999999998,0,0,0,0,340.641999999985,73,69,0,68,69,0,68,24,411.681160281175,375.759999999995,7,4,101.072,4,NA,NA,NA,NA
"G41_1","000724C0B5",5.48199999999633,3,0,0,0,0,0,0,0,0,0,0,0,0,0,0,0,0,0,0,0,0,0,0,0,0,0,0,0,0,0,0,0,0,0,0,0,0,0,0,0,0,0,0,0,0,1.92599999999584,0,0,0,0,0,0,0,10,197.321564958667,18.3599999999933,2,1,81.5889999999999,1,"1",28.7669544616818,NA,NA
"G41_1","000724D4E5",2.64500000000044,2,10.2510000000002,1,10.2510000000002,1,0,0,0,0,0,0,0,0,0,0,0,0,0,0,0,0,0,0,1,10.2510000000002,0,0,0,0,0,0,1,10.2510000000002,0,0,0,0,0,0,0,0,0,0,0,0,10.5220000000008,2,2,0,0,2,0,0,6,106.218378072788,33.3359999999993,2,2,85.8899999999994,2,"2",28.7669544616818,NA,NA
"G41_2","000724B6DB",2.3739999999998,1,0,0,0,0,0,0,15.5289999999986,1,0,0,34.3050000000003,5,23.2409999999982,2,3.28600000000006,1,0,0,2.21600000000035,1,152.968000000008,4,0,0,0,0,0,0,0,0,0,0,0,0,0,0,0,0,0,0,0,0,0,0,32.1660000000011,6,3,0,0,0,0,0,34,762.814828730071,267.340000000015,9,5,145.789000000001,4,"1",40.3875920642739,44.2995145212631,54.6576737924431
"G41_2","000724C0B5",6.25399999999718,3,0,0,0,0,0,0,101.470000000001,3,0,0,7.65100000000166,1,0,0,0,0,0,0,0,0,213.348999999998,4,0,0,0,0,0,0,0,0,0,0,0,0,0,0,0,0,0,0,0,0,0,0,30.658999999996,6,21,0,0,0,0,0,43,941.525254863479,791.241999999998,10,6,71.2129999999997,1,"2",40.3875920642739,41.2456423025928,36.9704369517126
"G41_2","000724CB56",17.0950000000012,7,0,0,0,0,0,0,0,0,0,0,9.19099999999889,1,0,0,0,0,9.19099999999889,1,0,0,62.6140000000014,1,0,0,0,0,0,0,4,46.6989999999969,0,0,0,0,0,0,0,0,0,0,0,0,0,0,129.039999999994,27,0,0,0,0,0,10,69,1371.90781799914,523.213000000011,21,13,129.633999999998,3,"3",50.0443534636722,44.2995145212631,36.9704369517126
"G41_2","000724D2B0",11.5709999999963,5,27.4680000000008,3,0,0,27.4680000000008,3,0,0,60.1450000000004,3,60.1450000000004,3,56.4279999999999,2,3.71700000000055,1,0,0,0,0,0,0,3,27.4680000000008,3,60.1450000000004,1,12.752999999997,3,27.4680000000008,0,0,3,27.4680000000008,0,0,1,6.56200000000172,0,0,0,0,3,60.1939999999995,101.220000000005,21,5,12,5,5,15,5,46,1120.45643647167,167.914000000001,12,5,164.633999999998,5,NA,NA,NA,NA
"G41_2","000724D4E5",13.4649999999965,4,90.0049999999974,3,17.9119999999966,2,72.0930000000008,1,0,0,30.3109999999979,2,30.3109999999979,2,0,0,2.69499999999971,1,0,0,3.11499999999796,1,0,0,3,90.0049999999974,2,30.3109999999979,0,0,1,72.0930000000008,2,83.5839999999989,1,6.42099999999846,0,0,0,0,0,0,0,0,0,0,131.524999999994,28,19,6,15,19,6,15,27,558.275195251911,233.680999999997,12,7,127.216,2,NA,NA,NA,NA
"G41_2","000724EB89",6.520999999997,2,38.9499999999971,1,0,0,38.9499999999971,1,37.1749999999993,2,75.6190000000024,3,41.2870000000003,1,41.2870000000003,1,0,0,0,0,0,0,34.3320000000022,2,1,38.9499999999971,3,75.6190000000024,0,0,1,38.9499999999971,1,38.9499999999971,0,0,0,0,0,0,5,112.794000000002,0,0,0,0,155.280999999999,33,16,16,8,8,16,8,19,324.098883242286,178.667999999994,4,2,195.544999999998,6,NA,NA,NA,NA
"G42_1","000724D1F9",3.3760000000002,1,164.607999999993,8,41.1869999999944,4,123.420999999998,4,52.7789999999986,1,50.5799999999981,2,3.79899999999907,1,0,0,3.79899999999907,1,0,0,0,0,46.780999999999,1,8,164.607999999993,2,50.5799999999981,2,26.5409999999974,4,123.420999999998,1,17.0709999999999,7,147.536999999993,1,46.780999999999,1,8.76599999999962,1,5.87999999999738,5,176.199999999997,0,0,281.128999999986,60,46,10,26,35,16,26,22,379.208958213376,293.091999999986,6,5,-1677.359,2,"1",35.3258935683986,24.2833583533746,26.280744169922
"G42_1","000724D429",6.17499999999927,2,32.1789999999964,3,8.40699999999924,1,23.7719999999972,2,0,0,74.4609999999921,4,74.4609999999921,4,0,0,0.531000000002678,1,0,0,0,0,0,0,3,32.1789999999964,4,74.4609999999921,1,17.3289999999979,2,23.7719999999972,0,0,3,32.1789999999964,2,52.7589999999946,0,0,0,0,3,42.2359999999971,0,0,127.862999999983,27,6,16,5,6,19,5,31,742.249036299264,142.756999999976,7,3,-1587.747,4,"2",35.3258935683986,69.6612863162773,19.2927242038901
"G42_1","000724DE76",17.0600000000013,5,39.724000000002,2,39.724000000002,2,0,0,0,0,5.66100000000006,1,5.66100000000006,1,0,0,0,0,0,0,0,0,0,0,2,39.724000000002,1,5.66100000000006,0,0,0,0,2,39.724000000002,0,0,0,0,0,0,1,5.66100000000006,0,0,0,0,45.385000000002,9,8,1,0,8,1,0,10,180.422529623638,70.8990000000049,8,3,-1682.128,1,"3",50.8955864850819,24.2833583533746,19.2927242038901
"G42_1","000724F655",4.82200000000012,1,127.207000000002,7,28.4940000000024,3,98.7129999999997,4,0,0,6.95900000000256,1,6.95900000000256,1,6.95900000000256,1,0.511000000002241,1,0,0,0.159999999999854,1,0,0,7,127.207000000002,1,6.95900000000256,0,0,4,98.7129999999997,2,21.9619999999995,5,105.245000000003,0,0,1,5.57099999999991,1,6.53200000000288,0,0,3,93.1419999999998,149.176000000007,32,27,1,21,27,1,21,28,608.81695176178,196.519000000011,6,5,-1597.725,3,NA,NA,NA,NA
"G42_1","00072501AB",1.35199999999895,1,0,0,0,0,0,0,0,0,0,0,0,0,0,0,0,0,0,0,0,0,0,0,0,0,0,0,0,0,0,0,0,0,0,0,0,0,0,0,0,0,0,0,0,0,11.6549999999952,2,0,0,0,0,0,0,6,101.418378072788,13.0069999999942,2,0,-1572.029,5,NA,NA,NA,NA
"G42_2","000724D1F9",2.27200000000084,1,39.9729999999981,1,0,0,39.9729999999981,1,0,0,10.4889999999978,2,10.4889999999978,2,7.81399999999849,1,2.67499999999927,1,0,0,0,0,0,0,1,39.9729999999981,2,10.4889999999978,0,0,1,39.9729999999981,0,0,1,39.9729999999981,0,0,1,39.9729999999981,0,0,0,0,0,0,45.9629999999997,9,8,2,8,8,2,8,10,244.754479106688,63.8549999999996,5,3,58.0679999999993,4,"1",39.5018637977821,37.985466859151,41.1011259411221
"G42_2","000724D429",18.171999999995,6,89.4049999999988,8,27.5190000000002,4,61.8859999999986,4,0,0,81.9769999999953,2,81.9769999999953,2,0,0,4.80799999999726,2,78.5619999999981,1,0,0,0,0,8,89.4049999999988,2,81.9769999999953,0,0,4,61.8859999999986,0,0,8,89.4049999999988,1,78.5619999999981,1,9.64099999999962,0,0,0,0,3,52.244999999999,180.087999999996,38,19,17,13,19,17,13,61,1556.29491955314,345.329999999994,18,11,67.9880000000012,5,"2",39.5018637977821,35.7383545653218,42.8183585795519
"G42_2","000724DE76",21.6150000000016,9,52.2219999999979,3,28.6610000000001,2,23.5609999999979,1,26.5159999999996,1,75.1880000000019,4,62.0090000000018,2,0,0,4.52000000000407,2,58.1100000000006,1,0,0,13.1790000000001,2,3,52.2219999999979,4,75.1880000000019,0,0,1,23.5609999999979,1,22.8580000000002,2,29.3639999999978,0,0,1,23.5609999999979,0,0,0,0,0,0,62.1029999999992,13,16,16,5,11,16,5,32,837.15945435897,204.795000000006,13,7,50.9520000000011,3,"3",21.7354479106688,37.985466859151,42.8183585795519
"G42_2","000724E390",11.8679999999986,3,428.189999999991,19,0,0,428.189999999991,19,70.4509999999973,1,4.0779999999977,1,4.0779999999977,1,0,0,4.0779999999977,1,0,0,0,0,0,0,19,428.189999999991,1,4.0779999999977,1,6.43499999999767,19,428.189999999991,4,156.847999999998,15,271.341999999993,0,0,1,28.898000000001,15,312.89499999999,0,0,0,0,533.296999999984,114,107,0,92,92,2,92,64,1357.74927374611,634.392999999982,14,12,42.4850000000006,2,NA,NA,NA,NA
"G42_2","000724F655",8.67799999999988,4,76.4800000000032,2,0,0,76.4800000000032,2,0,0,16.0020000000004,3,11,2,8.35599999999977,1,3.11399999999776,2,0,0,0,0,5.00200000000041,1,2,76.4800000000032,3,16.0020000000004,0,0,2,76.4800000000032,1,64.2350000000006,1,12.2450000000026,0,0,1,12.2450000000026,0,0,0,0,0,0,106.391000000007,22,16,3,16,16,3,16,19,379.345059247275,123.508000000005,8,5,28.2750000000015,1,NA,NA,NA,NA
"G42_2","00072501AB",6.5,3,41.5859999999993,2,0,0,41.5859999999993,2,6.35000000000218,1,86.4099999999926,4,86.4099999999926,4,0,0,4.29000000000451,2,19.0859999999993,1,0,0,0,0,2,41.5859999999993,4,86.4099999999926,1,32.7350000000006,2,41.5859999999993,0,0,2,41.5859999999993,1,19.0859999999993,0,0,0,0,3,47.9360000000015,0,0,90.9309999999969,19,10,18,8,8,25,8,32,705.241856716018,228.480999999985,7,3,122.447,6,NA,NA,NA,NA
"G43_1","000724CB56",8.55099999999948,4,0,0,0,0,0,0,0,0,0,0,0,0,0,0,0,0,0,0,0,0,0,0,0,0,0,0,0,0,0,0,0,0,0,0,0,0,0,0,0,0,0,0,0,0,1.14300000000003,0,0,0,0,0,0,0,6,106.26805051695,10.5749999999971,2,0,282.505000000001,2,"1",37,75.0761734857109,66.7216044471354
"G43_1","000724D2B0",2.61799999999494,2,0,0,0,0,0,0,0,0,0,0,0,0,0,0,0,0,0,0,0,0,0,0,0,0,0,0,0,0,0,0,0,0,0,0,0,0,0,0,0,0,0,0,0,0,0,NA,0,0,0,0,0,0,6,283.284573502299,4.73499999999694,0,0,NA,NA,"2",37,32.0822770388886,66.7216044471354
"G43_1","000724D4E5",5.04599999999846,2,0,0,0,0,0,0,0,0,0,0,0,0,0,0,0,0,0,0,0,0,0,0,0,0,0,0,0,0,0,0,0,0,0,0,0,0,0,0,0,0,0,0,0,0,0,NA,0,0,0,0,0,0,6,155.267740963656,51.872999999996,4,2,263.286,1,"3",37,75.0761734857109,66.7216044471354
"G44_1","000724D1F9",11.8009999999995,4,63.2340000000113,5,12.445000000007,2,50.7890000000043,3,0,0,79.7439999999915,6,21.1549999999916,3,7.29899999999907,1,5.33499999999913,2,9.06299999999464,1,0,0,58.5889999999999,3,5,63.2340000000113,6,79.7439999999915,0,0,3,50.7890000000043,0,0,5,63.2340000000113,3,55.4699999999939,0,0,0,0,5,63.6630000000077,0,0,133.733000000007,28,13,17,10,13,17,10,35,796.578153681988,258.502000000008,11,8,494.733999999997,1,"1",24.8809249504132,26.9556012496947,33.2696690594392
"G44_1","000724D429",6.67500000000291,3,26.3610000000044,2,0,0,26.3610000000044,2,12.1510000000053,1,80.0689999999959,3,53.0449999999983,2,8.5,1,0.82999999999447,2,0,0,0,0,27.0239999999976,1,2,26.3610000000044,3,80.0689999999959,0,0,2,26.3610000000044,0,0,2,26.3610000000044,1,27.0239999999976,1,8.00400000000081,0,0,1,18.3570000000036,1,12.1510000000053,147.884000000005,31,8,17,5,5,17,5,21,402.898883242286,168.858000000007,5,4,567.533000000003,5,"2",24.8809249504132,25.979851679638,30.48898486488
"G44_1","000724DE76",12.2139999999927,4,97.018999999993,5,15.4910000000018,2,81.5279999999912,3,22.3440000000046,1,20.5679999999993,4,20.5679999999993,4,0,0,6.36800000000221,3,0,0,0,0,0,0,5,97.018999999993,4,20.5679999999993,0,0,3,81.5279999999912,2,30.5879999999961,3,66.4309999999969,0,0,1,40.9000000000015,2,42.3899999999994,0,0,1,8.01299999999901,154.708000000006,33,25,4,17,20,4,17,32,613.589421773849,209.807000000008,15,12,538.997000000003,2,"3",27.6474101776006,26.9556012496947,30.48898486488
"G44_1","000724E390",6.82800000000134,4,45.0710000000036,5,22.7490000000034,2,22.3220000000001,3,19.9020000000019,1,16.3110000000015,1,0,0,0,0,0,0,0,0,0,0,16.3110000000015,1,5,45.0710000000036,1,16.3110000000015,0,0,3,22.3220000000001,2,22.7490000000034,3,22.3220000000001,0,0,2,16.2339999999967,0,0,0,0,1,6.08800000000338,58.8709999999992,12,13,3,4,9,3,4,40,870.248010822363,236.464999999989,14,11,558.337,4,NA,NA,NA,NA
"G44_1","000724F655",12.7220000000016,4,65.2339999999967,4,17.2479999999996,1,47.9859999999971,3,0,0,24.9879999999976,2,14.9519999999975,1,0,0,2.38799999999901,3,0,0,0,0,10.0360000000001,1,4,65.2339999999967,2,24.9879999999976,1,6.91799999999785,3,47.9859999999971,3,58.3159999999989,1,6.91799999999785,0,0,0,0,2,16.9539999999979,0,0,0,0,96.4089999999997,20,14,5,10,14,6,10,40,834.863961914083,200.890999999981,12,8,544.873,3,NA,NA,NA,NA
"G44_1","00072501AB",1.54400000000169,1,6.33299999999872,1,0,0,6.33299999999872,1,77.2439999999988,1,118.047999999995,2,118.047999999995,2,0,0,0,0,0,0,0,0,0,0,1,6.33299999999872,2,118.047999999995,0,0,1,6.33299999999872,0,0,1,6.33299999999872,2,118.047999999995,0,0,0,0,1,77.2439999999988,0,0,202.075999999986,43,17,25,1,1,25,1,9,180.286428589738,213.517999999996,4,4,609.749000000003,6,NA,NA,NA,NA
"G44_2","000724D1F9",7.21700000000419,3,0,0,0,0,0,0,0,0,73.6730000000025,3,59.398000000001,2,40.9500000000044,1,0,0,0,0,0,0,14.2750000000015,1,0,0,3,73.6730000000025,0,0,0,0,0,0,0,0,1,18.4479999999967,0,0,0,0,2,126.493000000009,0,0,146.153000000006,31,0,15,0,0,15,0,26,704.41178182132,255.525000000016,7,7,143.040000000001,6,"1",27.4077248461838,19.0051821031747,44.7771264958248
"G44_2","000724D429",14.6339999999836,7,5.63999999999942,1,5.63999999999942,1,0,0,0,0,73.3580000000002,5,70.8819999999978,4,36.9049999999988,1,9.1759999999922,4,0,0,0,0,2.47600000000239,1,1,5.63999999999942,5,73.3580000000002,0,0,0,0,0,0,1,5.63999999999942,1,25.0500000000029,0,0,0,0,3,55.8599999999933,0,0,130.839999999982,28,1,15,0,1,15,0,66,1794.59952140974,198.926999999989,13,3,82.260000000002,5,"2",27.4077248461838,23.5516874443261,31.1999378330545
"G44_2","000724DE76",9.10599999999977,4,13.8739999999962,2,0,0,13.8739999999962,2,0,0,175.339,8,128.668000000005,7,0,0,12.775999999998,6,123.402000000009,5,0,0,46.6709999999948,1,2,13.8739999999962,8,175.339,2,13.8739999999962,0,0,0,0,2,13.8739999999962,1,35.1110000000044,0,0,0,0,5,134.962,0,0,225.767999999989,48,2,37,2,2,40,0,56,1451.5538905469,292.605999999985,11,6,66.8770000000004,2,"3",34.7436731198423,19.0051821031747,31.1999378330545
"G44_2","000724E390",23.2940000000235,9,41.2799999999988,3,27.3199999999997,2,13.9599999999991,1,23.6849999999977,2,0,0,0,0,0,0,0.351999999998952,1,0,0,0,0,0,0,3,41.2799999999988,0,0,0,0,1,13.9599999999991,2,27.3199999999997,1,13.9599999999991,0,0,0,0,1,13.9599999999991,0,0,0,0,70.4020000000091,15,13,0,3,8,0,3,67,1378.39894134832,240.008000000045,17,9,76.9329999999973,4,NA,NA,NA,NA
"G44_2","000724F655",14.1050000000032,7,24.0160000000033,2,6.52300000000105,1,17.4930000000022,1,47.8709999999992,2,52.3929999999964,3,24.7619999999952,2,0,0,6.27599999999074,4,20.862000000001,1,0.52100000000064,1,27.6310000000012,1,2,24.0160000000033,3,52.3929999999964,0,0,1,17.4930000000022,1,17.4930000000022,1,6.52300000000105,0,0,0,0,4,75.2560000000012,0,0,0,0,112.508999999998,24,15,11,3,5,11,3,42,1014.49829628774,169.529000000017,7,3,36.3029999999999,1,NA,NA,NA,NA
"G44_2","00072501AB",2.49700000000303,1,0,0,0,0,0,0,17.8329999999987,1,44.7229999999981,5,26.8899999999994,4,0,0,0.52100000000064,2,7.83000000000175,1,0,0,17.8329999999987,1,0,0,5,44.7229999999981,0,0,0,0,0,0,0,0,1,5.68800000000192,0,0,0,0,3,34.7010000000009,0,0,57.1810000000041,12,3,9,0,0,9,0,15,298.192748636855,62.3040000000037,4,1,74.3949999999968,3,NA,NA,NA,NA
"G45_1","000724B6DB",23.8310000000201,10,58.5720000000001,6,46.6489999999976,5,11.9230000000025,1,21.7609999999986,2,40.9130000000005,2,40.9130000000005,2,7.72099999999773,1,2.09299999999348,1,0,0,0,0,0,0,6,58.5720000000001,2,40.9130000000005,2,17.3150000000023,1,11.9230000000025,3,41.0690000000031,3,17.502999999997,1,33.1920000000027,0,0,3,26.8359999999957,1,7.72099999999773,0,0,144.150999999969,30,17,8,2,12,12,2,56,1273.23389454802,262.423999999999,16,11,114.466999999997,4,"1",52.3376021399271,55.4027810295714,NA
"G45_1","000724C0B5",14.6399999999994,5,13.8430000000008,1,13.8430000000008,1,0,0,5.67199999999866,1,0,0,0,0,0,0,0,0,0,0,0,0,0,0,1,13.8430000000008,0,0,0,0,0,0,1,13.8430000000008,0,0,0,0,0,0,1,5.67199999999866,0,0,0,0,33.141999999978,7,4,0,0,2,0,0,21,496.160927120948,55.3199999999779,7,1,574.832999999999,6,"2",52.3376021399271,NA,18.5
"G45_1","000724CB56",6.55599999999686,3,0,0,0,0,0,0,0,0,0,0,0,0,0,0,0,0,0,0,0,0,0,0,0,0,0,0,0,0,0,0,0,0,0,0,0,0,0,0,0,0,0,0,0,0,5.09600000000501,1,0,0,0,0,0,0,10,227.716522985349,13.2580000000089,2,0,131.012000000002,5,"3",NA,55.4027810295714,18.5
"G45_1","000724D2B0",4.52900000000227,2,16.4369999999981,1,0,0,16.4369999999981,1,0,0,203.417999999998,3,203.417999999998,3,203.417999999998,3,0,0,0,0,0,0,0,0,1,16.4369999999981,3,203.417999999998,0,0,1,16.4369999999981,1,16.4369999999981,0,0,0,0,0,0,3,203.417999999998,0,0,0,0,229.621999999981,49,3,43,3,3,43,3,22,647.708389201031,283.174999999988,8,3,102.021999999997,2,NA,NA,NA,NA
"G45_1","000724D4E5",1.79599999999482,1,83.419999999991,6,48.0979999999909,5,35.3220000000001,1,40.0430000000051,2,142.641000000011,3,30.0710000000036,1,30.0710000000036,1,0,0,0,0,0,0,112.570000000007,2,6,83.419999999991,3,142.641000000011,0,0,1,35.3220000000001,2,29.3240000000005,4,54.0959999999905,0,0,1,35.3220000000001,0,0,0,0,5,155.056000000004,242.767000000014,52,26,30,7,17,30,7,38,973.71181850765,427.300000000017,11,9,92.0429999999978,1,NA,NA,NA,NA
"G45_1","000724EB89",2.92599999999948,1,0,0,0,0,0,0,0,0,0,0,0,0,0,0,0,0,0,0,0,0,0,0,0,0,0,0,0,0,0,0,0,0,0,0,0,0,0,0,0,0,0,0,0,0,0,NA,0,0,0,0,0,0,2,32.2,7.95899999999529,2,1,103.285000000003,3,NA,NA,NA,NA
"G45_2","000724B6DB",4.56399999999849,3,11.7900000000009,1,0,0,11.7900000000009,1,0,0,135.938000000002,4,135.938000000002,4,0,0,7.87400000000343,4,0,0,0,0,0,0,1,11.7900000000009,4,135.938000000002,0,0,1,11.7900000000009,1,11.7900000000009,0,0,1,18.1560000000027,0,0,0,0,0,0,0,0,54.096999999987,11,2,29,2,2,29,2,40,857.279640710676,213.349999999969,8,3,161.016000000003,6,"1",31.2491214011031,20.0796111631734,33.8383237664757
"G45_2","000724C0B5",14.4929999999949,7,133.389000000003,8,0,0,133.389000000003,8,187.422999999995,2,53.4200000000055,5,53.4200000000055,5,20.7289999999994,1,6.43600000000151,3,23.2180000000008,1,0,0,0,0,8,133.389000000003,5,53.4200000000055,0,0,8,133.389000000003,1,11.5180000000037,7,121.870999999999,0,0,0,0,8,206.720999999998,0,0,0,0,280.697999999989,60,68,11,28,28,11,28,89,1957.33144173825,608.234999999964,15,9,37.9199999999983,3,"2",31.2491214011031,21.5629068907054,30.1868217204028
"G45_2","000724CB56",12.3919999999998,7,17.4270000000033,3,6.85900000000402,1,10.5679999999993,2,16.974000000002,1,68.9179999999978,3,38.9989999999962,2,0,0,1.21399999999994,1,21.9599999999991,1,1.32400000000052,1,29.9190000000017,1,3,17.4270000000033,3,68.9179999999978,1,5.16399999999703,1,5.40400000000227,0,0,3,17.4270000000033,1,21.9599999999991,0,0,0,0,1,7.1730000000025,0,0,101.826000000001,21,7,14,2,3,15,1,109,2647.06927418932,643.650000000009,15,9,29.7690000000002,1,"3",30.437685482817,20.0796111631734,30.1868217204028
"G45_2","000724D2B0",11.3929999999964,4,0,0,0,0,0,0,0,0,0,0,0,0,0,0,0,0,0,0,0,0,0,0,0,0,0,0,0,0,0,0,0,0,0,0,0,0,0,0,0,0,0,0,0,0,15.2849999999889,3,0,0,0,0,0,0,24,676.869442752414,36.5869999999777,5,0,45.4029999999984,5,NA,NA,NA,NA
"G45_2","000724D4E5",5.56600000000617,3,35.6440000000002,4,5.43400000000111,1,30.2099999999991,3,0,0,26.4230000000098,4,26.4230000000098,4,0,0,9.15899999999965,2,17.2640000000101,2,0,0,0,0,4,35.6440000000002,4,26.4230000000098,1,5.43400000000111,3,30.2099999999991,1,16.9270000000033,3,18.7169999999969,1,11.1790000000037,0,0,1,5.43400000000111,2,14.346000000005,0,0,75.4380000000092,16,7,5,6,7,6,6,43,1053.65847296086,169.069000000003,12,6,37.0869999999995,2,NA,NA,NA,NA
"G45_2","000724EB89",11.0640000000058,3,131.457000000009,5,12.2580000000016,1,119.199000000008,4,266.185999999994,6,140.243999999999,7,77.8169999999955,3,39.9079999999958,2,0,0,37.9089999999997,1,0,0,62.4270000000033,4,5,131.457000000009,7,140.243999999999,0,0,4,119.199000000008,3,77.226999999999,2,54.2300000000105,1,29.2819999999992,0,0,3,91.8659999999945,5,188.81500000001,0,0,428.354999999989,92,85,30,25,28,30,25,62,1394.94816267898,551.371999999974,14,9,44.3790000000008,4,NA,NA,NA,NA
"G46_1","000724D1F9",13.5279999999912,5,33.7950000000055,4,27.3820000000051,3,6.41300000000047,1,0,0,0,0,0,0,0,0,1.13300000000163,1,0,0,0,0,0,0,4,33.7950000000055,0,0,0,0,1,6.41300000000047,1,13.6370000000024,3,20.1580000000031,0,0,1,6.41300000000047,0,0,0,0,0,0,76.5879999999815,16,7,0,1,7,0,1,80,2037.0132820903,322.483999999968,15,9,70.8380000000034,3,"1",41.9602097702437,38.265883426727,41.8966003016394
"G46_1","000724D429",7.60899999998946,5,64.4559999999983,6,0,0,64.4559999999983,6,8.54299999999785,1,81.1759999999995,5,37.676999999996,3,5.42499999999563,1,1.61499999999796,1,0,0,0.811999999998079,1,43.4990000000034,2,6,64.4559999999983,5,81.1759999999995,0,0,6,64.4559999999983,0,0,6,64.4559999999983,1,12.3629999999976,0,0,0,0,6,91.1559999999954,0,0,181.478000000017,39,15,17,13,13,17,13,86,1999.10233223237,260.825000000041,10,4,85.1569999999992,5,"2",41.9602097702437,39.4015220927777,44.7058199428904
"G46_1","000724DE76",11.8660000000091,4,94.3580000000002,8,12.9449999999997,1,81.4130000000005,7,0,0,13.1860000000015,3,10.7000000000044,2,0,0,5.92500000000291,2,0,0,0,0,2.48599999999715,1,8,94.3580000000002,3,13.1860000000015,1,20.4680000000008,7,81.4130000000005,2,33.4130000000005,6,60.9449999999997,1,5.47400000000198,0,0,1,25.0010000000038,2,14.3699999999953,0,0,124.089999999989,26,20,2,17,20,7,17,34,873.898798180506,174.282999999996,14,8,65.9919999999984,1,"3",41.9903488390614,38.265883426727,44.7058199428904
"G46_1","000724E390",8.81500000000233,4,73.8110000000088,5,0,0,73.8110000000088,5,27.3450000000012,2,6,1,6,1,0,0,0,0,0,0,0,0,0,0,5,73.8110000000088,1,6,0,0,5,73.8110000000088,2,49.0540000000037,3,24.7570000000051,0,0,0,0,5,46.4460000000036,0,0,0,0,115.857000000018,24,21,1,15,15,1,15,38,787.619640996533,265.415000000023,10,5,68.8320000000022,2,NA,NA,NA,NA
"G46_1","000724F655",3.64899999999761,2,78.377999999997,6,17.7579999999944,2,60.6200000000026,4,0,0,29.3609999999971,4,15.0639999999985,1,0,0,4.31500000000233,4,15.0639999999985,1,0,0,14.2969999999987,3,6,78.377999999997,4,29.3609999999971,0,0,4,60.6200000000026,0,0,6,78.377999999997,0,0,1,34.7260000000024,0,0,0,0,2,18.8099999999977,120.318000000028,25,16,6,13,16,6,13,51,1749.09828075793,223.458000000013,14,7,88.5270000000019,6,NA,NA,NA,NA
"G46_1","00072501AB",1.79500000000553,1,16.9630000000034,1,0,0,16.9630000000034,1,5.72499999999854,1,139.016000000011,5,119.780000000006,4,0,0,0.641999999999825,1,0,0,0,0,19.2360000000044,1,1,16.9630000000034,5,139.016000000011,1,16.9630000000034,1,16.9630000000034,0,0,1,16.9630000000034,2,79.6050000000105,1,16.9630000000034,0,0,2,40.1749999999956,0,0,159.788000000008,34,4,29,3,3,33,3,16,336.950982667515,164.452000000012,4,4,81.7169999999969,4,NA,NA,NA,NA
"G46_2","000724D1F9",2.50999999999476,1,16.4290000000037,2,0,0,16.4290000000037,2,0,0,2.95999999999913,1,2.95999999999913,1,0,0,2.95999999999913,1,0,0,0,0,0,0,2,16.4290000000037,1,2.95999999999913,1,6.65099999999802,1,9.7780000000057,0,0,2,16.4290000000037,0,0,1,9.7780000000057,0,0,0,0,1,6.65099999999802,23.2740000000049,5,3,0,3,3,2,2,9,148.476353618649,26.6160000000018,3,1,695.408000000003,5,"1",NA,NA,NA
"G46_2","000724D429",7.46200000000681,3,6.63700000000244,1,6.63700000000244,1,0,0,0,0,0,0,0,0,0,0,0,0,0,0,0,0,0,0,1,6.63700000000244,0,0,0,0,0,0,0,0,1,6.63700000000244,0,0,0,0,0,0,0,0,0,0,15.1009999999951,3,1,0,0,1,0,0,13,311.240637631601,47.7100000000064,3,2,461.288,4,"2",NA,NA,34.4690484763116
"G46_2","000724DE76",10.7140000000072,4,13.390999999996,2,13.390999999996,2,0,0,0,0,0,0,0,0,0,0,1.23200000000361,2,0,0,0,0,0,0,2,13.390999999996,0,0,0,0,0,0,0,0,2,13.390999999996,0,0,0,0,0,0,0,0,0,0,18.041999999994,3,2,0,0,2,0,0,32,820.417213520142,151.761000000013,11,7,38.622000000003,1,"3",NA,NA,34.4690484763116
"G46_2","000724E390",12.7769999999946,5,142.387999999999,9,63.9049999999988,5,78.4830000000002,4,7.94400000000314,1,0,0,0,0,0,0,1.69400000000314,1,0,0,0,0,0,0,9,142.387999999999,0,0,0,0,4,78.4830000000002,4,92.9250000000029,5,49.4629999999961,0,0,0,0,4,40.0330000000031,0,0,0,0,173.668000000005,37,32,0,16,30,0,16,59,1497.12001434645,265.050999999992,15,9,44.9669999999969,2,NA,NA,NA,NA
"G46_2","000724F655",4.57300000000396,2,0,0,0,0,0,0,0,0,13.5690000000031,1,0,0,0,0,0,0,0,0,0,0,13.5690000000031,1,0,0,1,13.5690000000031,0,0,0,0,0,0,0,0,1,13.5690000000031,0,0,0,0,0,0,0,0,29.1420000000071,6,0,2,0,0,2,0,12,383.123184735315,39.8420000000115,8,2,798.993999999999,6,NA,NA,NA,NA
"G46_2","00072501AB",4.40200000000186,1,0,0,0,0,0,0,155.636999999995,2,87.8830000000016,2,87.8830000000016,2,0,0,0,0,0,0,0,0,0,0,0,0,2,87.8830000000016,0,0,0,0,0,0,0,0,1,77.5910000000003,0,0,0,0,3,165.928999999996,0,0,246.155999999995,52,33,18,0,0,18,0,14,284.542421081017,321.250999999989,3,2,82.1469999999972,3,NA,NA,NA,NA
"G47_1","000724B6DB",4.97800000000279,3,0,0,0,0,0,0,0,0,0,0,0,0,0,0,0,0,0,0,0,0,0,0,0,0,0,0,0,0,0,0,0,0,0,0,0,0,0,0,0,0,0,0,0,0,8.0819999999876,1,0,0,0,0,0,0,12,300.291235252264,35.5699999999924,4,2,384.523000000001,3,"1",NA,77.6236472731192,NA
"G47_1","000724CB56",1.333000000006,1,0,0,0,0,0,0,0,0,0,0,0,0,0,0,0,0,0,0,0,0,0,0,0,0,0,0,0,0,0,0,0,0,0,0,0,0,0,0,0,0,0,0,0,0,0,NA,0,0,0,0,0,0,2,18.5,1.5940000000046,0,0,NA,NA,"2",NA,NA,32.0822770388886
"G47_1","000724D2B0",8.45499999999447,3,116.717000000004,2,0,0,116.717000000004,2,0,0,0,0,0,0,0,0,0.600999999995111,1,0,0,0,0,0,0,2,116.717000000004,0,0,0,0,2,116.717000000004,1,106.553,1,10.1640000000043,0,0,0,0,1,10.1640000000043,0,0,0,0,128.54800000001,27,25,0,25,25,0,25,29,862.659376744857,164.455999999998,5,2,305.658000000003,2,"3",NA,77.6236472731192,32.0822770388886
"G47_1","000724D4E5",1.73400000000402,1,5.44900000000052,1,5.44900000000052,1,0,0,0,0,221.508000000002,1,221.508000000002,1,221.508000000002,1,0,0,0,0,0,0,0,0,1,5.44900000000052,1,221.508000000002,0,0,0,0,0,0,1,5.44900000000052,1,221.508000000002,0,0,0,0,0,0,0,0,232.233999999989,49,1,47,0,1,47,0,13,212.640907696426,257.743999999999,4,4,262.430999999997,1,NA,NA,NA,NA
"G47_2","000724B6DB",2.82400000000052,2,7.55999999999767,1,7.55999999999767,1,0,0,26.5560000000041,1,193.881000000001,7,113.474000000002,4,43.4379999999946,1,1.40200000000186,2,13.7750000000015,1,0,0,67.7869999999966,2,1,7.55999999999767,7,193.881000000001,0,0,0,0,0,0,1,7.55999999999767,1,12.6200000000026,0,0,0,0,3,83.7690000000002,0,0,111.581999999995,23,7,41,0,1,41,0,43,1128.34060247815,421.322999999989,8,5,69.7790000000023,5,"1",27.2988271536524,26.0113838955628,29.6960100588369
"G47_2","000724C0B5",9.41900000000169,3,80.8479999999981,3,0,0,80.8479999999981,3,17.8400000000038,1,71.0399999999936,3,71.0399999999936,3,65.4289999999964,2,2.42399999999179,2,0,0,0,0,0,0,3,80.8479999999981,3,71.0399999999936,0,0,3,80.8479999999981,1,30.7180000000008,2,50.1299999999974,0,0,0,0,6,139.009999999995,0,0,0,0,181.82699999999,39,21,15,17,17,15,17,44,1097.9521851267,339.759000000013,7,4,68.9460000000036,4,"2",27.2988271536524,25.3787986896324,30.7671137180784
"G47_2","000724CB56",13.330999999991,6,25.1370000000024,1,0,0,25.1370000000024,1,6.41100000000006,1,11.7420000000056,4,11.7420000000056,4,0,0,2.27399999999761,1,0,0,0,0,0,0,1,25.1370000000024,4,11.7420000000056,0,0,1,25.1370000000024,0,0,1,25.1370000000024,0,0,1,25.1370000000024,0,0,0,0,1,6.41100000000006,47.4020000000019,10,6,2,5,5,2,5,53,1091.70737980963,362.756000000001,11,8,60.012999999999,2,"3",29.5599368740469,26.0113838955628,30.7671137180784
"G47_2","000724D2B0",3.69600000000355,2,34.8070000000007,3,5.14700000000448,1,29.6599999999962,2,0,0,0,0,0,0,0,0,0.351999999998952,1,0,0,0,0,0,0,3,34.8070000000007,0,0,0,0,2,29.6599999999962,1,20.5069999999978,2,14.3000000000029,0,0,1,9.15299999999843,0,0,0,0,0,0,43.8420000000042,9,7,0,6,7,0,6,30,827.347031383751,71.4580000000205,6,3,672.572,6,NA,NA,NA,NA
"G47_2","000724D4E5",9.96700000001147,4,14.1419999999998,1,14.1419999999998,1,0,0,0,0,63.5840000000026,6,63.5840000000026,6,0,0,19.4860000000117,5,0,0,0,0,0,0,1,14.1419999999998,6,63.5840000000026,0,0,0,0,1,14.1419999999998,0,0,1,7.02000000000407,0,0,0,0,1,41.2359999999971,0,0,115.102000000021,24,3,13,0,3,13,0,34,748.209295960619,153.23000000004,10,6,58.9219999999987,1,NA,NA,NA,NA
"G47_2","000724EB89",3.89899999999761,1,0,0,0,0,0,0,0,0,286.029999999999,5,235.095000000001,3,218.294000000002,1,0,0,0,0,0,0,50.9349999999977,2,0,0,5,286.029999999999,0,0,0,0,0,0,0,0,1,12.2739999999976,0,0,0,0,1,218.294000000002,0,0,299.685000000005,64,0,61,0,0,61,0,31,748.603245483003,330.075000000004,8,3,65.7620000000024,3,NA,NA,NA,NA
"G48_1","000724D1F9",10.8499999999985,6,38.9510000000009,5,27.1510000000053,3,11.7999999999956,2,86.9360000000015,1,210.252000000015,7,103.773000000008,3,0,0,0.953000000001339,1,86.9360000000015,1,0,0,106.479000000007,4,5,38.9510000000009,7,210.252000000015,1,7.98300000000017,2,11.7999999999956,0,0,5,38.9510000000009,0,0,1,5.7699999999968,0,0,0,0,2,17.1750000000029,79.1580000000249,17,27,45,2,8,46,2,84,2117.87134181036,414.768000000033,13,9,118.478000000003,4,"1",44.1890274565523,35.4261934140652,43.4164617375303
"G48_1","000724D429",21.1440000000002,7,0,0,0,0,0,0,6.92000000000553,1,81.5490000000063,6,65.7419999999984,3,9.29499999999825,1,2.49500000000262,1,0,0,0,0,15.807000000008,3,0,0,6,81.5490000000063,0,0,0,0,0,0,0,0,1,9.29499999999825,0,0,0,0,4,68.4670000000042,0,0,98.2839999999997,21,1,17,0,0,17,0,45,1265.19477203154,164.899000000005,10,5,124.970999999998,5,"2",44.1890274565523,40.6532583705547,41.7354552864504
"G48_1","000724DE76",21.9229999999807,9,68.5269999999946,6,34.0829999999987,4,34.4439999999959,2,0,0,133.064999999981,7,118.158999999992,5,34.1619999999966,1,3.83599999999569,2,59.6129999999976,2,0,0,14.9059999999881,2,6,68.5269999999946,7,133.064999999981,1,5.09799999999814,2,34.4439999999959,2,45.4850000000006,4,23.041999999994,0,0,0,0,7,137.558999999979,0,0,0,0,215.516999999971,46,14,28,7,14,29,7,46,1174.94879249609,266.926999999945,13,6,107.463000000003,2,"3",49.9120174453855,35.4261934140652,41.7354552864504
"G48_1","000724E390",30.1009999999951,14,66.6380000000063,4,29.4820000000036,3,37.1560000000027,1,0,0,0,0,0,0,0,0,1.05999999999767,1,0,0,0,0,0,0,4,66.6380000000063,0,0,0,0,1,37.1560000000027,1,15.5040000000008,3,51.1340000000055,0,0,0,0,1,37.1560000000027,0,0,0,0,111.827000000019,24,14,0,7,14,0,7,77,1818.88469918101,262.81200000002,23,10,118.127999999997,3,NA,NA,NA,NA
"G48_1","000724F655",12.1479999999938,5,72.9699999999939,6,5.45000000000437,1,67.5199999999895,5,0,0,34.1430000000037,5,34.1430000000037,5,16.0349999999962,1,9.3660000000018,4,0,0,3.43400000000111,1,0,0,6,72.9699999999939,5,34.1430000000037,1,7.32400000000052,4,60.195999999989,2,48.7829999999958,4,24.1869999999981,0,0,0,0,4,35.4629999999961,0,0,0,0,171.006000000001,36,15,7,14,15,8,12,78,2138.32455440743,337.002999999997,9,6,105.139000000003,1,NA,NA,NA,NA
"G48_1","00072501AB",4.77899999999499,1,5.73699999999371,1,5.73699999999371,1,0,0,0,0,27.4650000000038,1,0,0,0,0,0,0,0,0,0,0,27.4650000000038,1,1,5.73699999999371,1,27.4650000000038,0,0,0,0,0,0,1,5.73699999999371,0,0,0,0,0,0,0,0,0,0,44.038999999997,9,1,5,0,1,5,0,14,455.366447728402,53.3279999999941,6,2,347.982000000004,6,NA,NA,NA,NA
"G48_2","000724D1F9",8.47300000000541,2,0,0,0,0,0,0,0,0,0,0,0,0,0,0,0,0,0,0,0,0,0,0,0,0,0,0,0,0,0,0,0,0,0,0,0,0,0,0,0,0,0,0,0,0,1.91500000000087,0,0,0,0,0,0,0,3,81.2493628908674,10.3880000000063,2,0,NA,NA,"1",NA,37.0816606203398,NA
"G48_2","000724D429",9.04299999999785,4,5.84100000000035,1,5.84100000000035,1,0,0,0,0,0,0,0,0,0,0,0,0,0,0,0,0,0,0,1,5.84100000000035,0,0,0,0,0,0,0,0,1,5.84100000000035,0,0,0,0,0,0,0,0,0,0,24.8020000000106,5,1,0,0,1,0,0,28,1092.31490958103,57.6920000000027,8,2,216.517,4,"2",NA,NA,47.9004903430986
"G48_2","000724DE76",5,2,6.03800000000047,1,6.03800000000047,1,0,0,0,0,9.23799999999756,2,3.17599999999948,1,0,0,0,0,0,0,0,0,6.06199999999808,1,1,6.03800000000047,2,9.23799999999756,0,0,0,0,0,0,1,6.03800000000047,0,0,0,0,0,0,0,0,0,0,33.5949999999939,7,1,1,0,1,1,0,22,692.743088308309,48.8849999999875,8,2,47.627999999997,2,"3",NA,37.0816606203398,47.9004903430986
"G48_2","000724E390",15.8089999999938,6,33.724000000002,4,33.724000000002,4,0,0,0,0,0,0,0,0,0,0,0,0,0,0,0,0,0,0,4,33.724000000002,0,0,0,0,0,0,1,12.862000000001,3,20.862000000001,0,0,0,0,0,0,0,0,0,0,62.4930000000168,13,7,0,0,7,0,0,59,1587.31393110898,179.149000000027,17,7,101.779999999999,3,NA,NA,NA,NA
"G48_2","000724F655",7.6530000000057,2,16.2359999999971,2,16.2359999999971,2,0,0,0,0,0,0,0,0,0,0,0,0,0,0,0,0,0,0,2,16.2359999999971,0,0,0,0,0,0,0,0,2,16.2359999999971,0,0,0,0,0,0,0,0,0,0,24.0920000000042,5,3,0,0,3,0,0,17,555.903078137139,68.3790000000226,5,3,41.148000000001,1,NA,NA,NA,NA
"G48_2","00072501AB",12.5639999999985,4,0,0,0,0,0,0,0,0,0,0,0,0,0,0,0,0,0,0,0,0,0,0,0,0,0,0,0,0,0,0,0,0,0,0,0,0,0,0,0,0,0,0,0,0,9.84299999999348,2,0,0,0,0,0,0,11,404.556325175869,31.6529999999912,6,1,517.023000000001,5,NA,NA,NA,NA
"G49_1","000724D2B0",3.0460000000021,2,5.66900000000169,1,5.66900000000169,1,0,0,0,0,13.3100000000049,1,13.3100000000049,1,13.3100000000049,1,0,0,0,0,0,0,0,0,1,5.66900000000169,1,13.3100000000049,1,5.66900000000169,0,0,0,0,1,5.66900000000169,0,0,0,0,0,0,0,0,0,0,43.7249999999985,9,1,2,0,1,4,0,20,464.022259558812,48.0829999999914,3,2,58.8000000000029,2,"1",18.2175188138924,96.2468311166659,NA
"G49_1","000724D4E5",9.52600000001257,4,0,0,0,0,0,0,0,0,2.3640000000014,1,2.3640000000014,1,0,0,0,0,0,0,0,0,0,0,0,0,1,2.3640000000014,0,0,0,0,0,0,0,0,0,0,0,0,0,0,0,0,0,0,4.63799999999901,0,0,0,0,0,0,0,10,303.747486228343,20.9470000000074,6,1,56.2549999999974,1,"2",18.2175188138924,NA,NA
"G49_1","000724EB89",0,0,0,0,0,0,0,0,0,0,0,0,0,0,0,0,0,0,0,0,0,0,0,0,0,0,0,0,0,0,0,0,0,0,0,0,0,0,0,0,0,0,0,0,0,0,0.620999999999185,0,0,0,0,0,0,0,1,0,0.620999999999185,0,0,NA,NA,"3",NA,96.2468311166659,NA
"G49_2","000724B6DB",9.60799999998562,3,0,0,0,0,0,0,0,0,0,0,46.0220000000045,4,14.8669999999984,1,5.34700000000157,4,9.76600000000326,1,0,0,5.84900000000198,1,0,0,0,0,0,0,0,0,0,0,0,0,0,0,0,0,0,0,0,0,0,0,36.8000000000029,7,0,0,0,0,0,0,35,750.610986732516,169.531999999985,9,7,84.4570000000022,5,"1",22.7967842670353,30.2455716429074,32.7366617629785
"G49_2","000724C0B5",7.53399999999237,2,0,0,0,0,0,0,25.3800000000047,2,0,0,32.6220000000103,2,0,0,3.88300000000163,3,0,0,0,0,7.50299999999697,1,0,0,0,0,0,0,0,0,0,0,0,0,0,0,0,0,0,0,0,0,0,0,13.510000000002,2,5,0,0,0,0,0,42,1035.42837579031,318.542999999983,10,7,47.6050000000032,3,"2",22.7967842670353,33.7672642863668,26.4555035792555
"G49_2","000724CB56",10.929999999993,4,0,0,0,0,0,0,0,0,0,0,20.8519999999917,2,13.5109999999986,1,2.84499999999389,4,0,0,0,0,3.3859999999986,1,0,0,0,0,0,0,1,28.0950000000012,0,0,0,0,0,0,0,0,0,0,0,0,0,0,43.40600000001,9,0,0,0,0,0,6,66,1565.49081414809,335.112999999983,11,6,44.0570000000007,1,"3",23.6869615733831,30.2455716429074,26.4555035792555
"G49_2","000724D2B0",3.29400000000896,2,152.215000000018,7,5.35700000000361,1,146.858000000015,6,0,0,0,0,0,0,0,0,0.349999999998545,1,0,0,0,0,0,0,7,152.215000000018,0,0,0,0,6,146.858000000015,3,59.9210000000094,4,92.294000000009,0,0,1,7.30500000000029,1,44.5290000000023,0,0,1,35.1030000000028,167.780000000013,36,32,0,31,32,0,31,51,1168.85855848538,198.914000000026,9,5,206.055999999997,6,NA,NA,NA,NA
"G49_2","000724D4E5",6.65799999999581,2,0,0,0,0,0,0,0,0,96.4549999999945,7,96.4549999999945,7,11.5179999999964,1,2.58499999999913,3,70.9839999999967,5,0,0,0,0,0,0,7,96.4549999999945,0,0,0,0,0,0,0,0,2,21.1779999999999,0,0,0,0,4,53.0459999999948,0,0,105.930000000008,22,0,20,0,0,20,0,31,567.193573324699,150.256000000016,9,5,65.9259999999995,4,NA,NA,NA,NA
"G49_2","000724EB89",4.24799999999959,3,196.213999999985,5,0,0,196.213999999985,5,94.7549999999974,1,115.439000000006,3,115.439000000006,3,46.0740000000005,2,0,0,0,0,0,0,0,0,5,196.213999999985,3,115.439000000006,0,0,5,196.213999999985,1,33.0279999999984,4,163.185999999987,0,0,1,19.7709999999934,3,143.414999999994,0,0,2,23.2489999999962,426.248999999996,91,62,24,42,42,24,42,29,703.181464230533,450.830999999984,6,5,46.663999999997,2,NA,NA,NA,NA
"G5_1","000724EF35",2.00499999999738,1,0,0,0,0,0,0,0,0,0,0,0,0,0,0,0,0,0,0,0,0,0,0,0,0,0,0,0,0,0,0,0,0,0,0,0,0,0,0,0,0,0,0,0,0,4.44200000000274,0,0,0,0,0,0,0,3,37.0680505169498,6.44700000000012,2,0,NA,NA,"1",NA,NA,NA
"G5_1","000726E250",5.32400000000052,2,0,0,0,0,0,0,0,0,0,0,0,0,0,0,0,0,0,0,0,0,0,0,0,0,0,0,0,0,0,0,0,0,0,0,0,0,0,0,0,0,0,0,0,0,0,NA,0,0,0,0,0,0,2,18.5680505169498,5.32400000000052,1,0,131.288,1,"2",NA,NA,NA
"G5_2","000724B642",6.09499999999389,3,0,0,0,0,0,0,0,0,0,0,114.006000000001,4,104.906999999999,2,0.511000000005879,1,0,0,0,0,4.89199999999983,1,0,0,0,0,0,0,0,0,0,0,0,0,0,0,0,0,0,0,0,0,0,0,48.2819999999992,10,0,0,0,0,0,0,40,884.413800299018,313.436999999998,9,5,60.6990000000005,2,"1",28.9688668340773,50.4297449634837,40.402863538159
"G5_2","000724D4F3",3.12799999999697,1,0,0,0,0,0,0,0,0,0,0,123.846000000005,1,123.846000000005,1,0,0,0,0,0,0,0,0,0,0,0,0,0,0,1,8.47899999999936,0,0,0,0,0,0,0,0,0,0,0,0,0,0,194.945999999996,41,0,0,0,0,0,1,23,621.58640062345,214.822999999982,6,4,49.7169999999969,1,"2",28.9688668340773,38.9149856149693,43.9227446485156
"G5_2","000724DF2A",17.265999999996,6,0,0,0,0,0,0,27.4720000000016,1,0,0,0,0,0,0,0,0,0,0,0,0,2.25400000000081,1,0,0,0,0,0,0,2,45.9549999999945,0,0,0,0,0,0,0,0,0,0,0,0,0,0,121.47800000001,26,5,0,0,0,0,9,22,557.374458900864,148.924000000006,10,4,106.637000000002,6,"3",33.6054538299035,50.4297449634837,43.9227446485156
"G5_2","000724EF35",5.1510000000053,3,30.247000000003,5,6.47699999999895,1,23.7700000000041,4,6.47100000000501,1,128.066999999988,5,60.8219999999928,3,6.12199999999575,1,0,0,49.8919999999998,1,0,0,67.2449999999953,2,5,30.247000000003,5,128.066999999988,0,0,4,23.7700000000041,0,0,5,30.247000000003,0,0,0,0,0,0,0,0,0,0,204.944000000003,44,7,27,5,6,27,5,62,1281.76320765934,307.768000000011,8,6,88.4069999999992,4,NA,NA,NA,NA
"G5_2","000724FD1B",5.22999999999593,2,192.644,3,12.0919999999969,1,180.552000000003,2,0,0,23.6419999999925,2,2.6559999999954,1,0,0,2.6559999999954,1,0,0,0,0,20.9859999999971,1,3,192.644,2,23.6419999999925,0,0,2,180.552000000003,3,192.644,0,0,0,0,0,0,0,0,0,0,0,0,232.62999999999,50,41,5,38,41,5,38,31,727.301324625306,302.616999999977,10,7,91.9270000000033,5,NA,NA,NA,NA
"G5_2","000726E250",7.13300000000891,4,91.8310000000056,4,40.9380000000019,2,50.8930000000037,2,0,0,146.222999999998,4,111.353000000003,3,0,0,0,0,12.7390000000014,1,0,0,34.8699999999953,1,4,91.8310000000056,4,146.222999999998,1,10.3539999999994,2,50.8930000000037,1,10.3539999999994,3,81.4770000000062,1,96.4470000000001,1,6.52400000000489,0,0,2,74.9530000000013,0,0,239.972999999998,51,19,31,10,19,33,10,27,929.633549626425,304.13900000001,9,8,64.775999999998,3,NA,NA,NA,NA
"G50_1","000724D1F9",19.2180000000008,8,0,0,0,0,0,0,0,0,69.3750000000073,2,12.9520000000048,1,0,0,0,0,0,0,0,0,56.4230000000025,1,0,0,2,69.3750000000073,0,0,0,0,0,0,0,0,1,12.9520000000048,0,0,0,0,1,56.4230000000025,0,0,118.434000000016,25,0,14,0,0,14,0,69,1909.7459656572,246.72500000002,13,5,162.389000000003,2,"1",68.8114504364377,44.7774638574959,75.9903062913295
"G50_1","000724D429",8.4629999999961,5,0,0,0,0,0,0,0,0,0,0,0,0,0,0,0,0,0,0,0,0,0,0,0,0,0,0,0,0,0,0,0,0,0,0,0,0,0,0,0,0,0,0,0,0,17.6160000000091,3,0,0,0,0,0,0,25,702.799189498118,49.5600000000122,7,2,230.290999999997,4,"2",68.8114504364377,40.2443037820178,55.6881944576793
"G50_1","000724DE76",11.5750000000044,6,79.4889999999941,2,0,0,79.4889999999941,2,47.0169999999998,1,0,0,0,0,0,0,0,0,0,0,0,0,0,0,2,79.4889999999941,0,0,0,0,2,79.4889999999941,1,52.6239999999962,1,26.864999999998,0,0,0,0,2,73.8819999999978,0,0,0,0,132.166999999987,28,27,0,17,17,0,17,29,683.913982530507,191.401999999987,8,3,188.421000000002,3,"3",52.911449137905,44.7774638574959,55.6881944576793
"G50_1","000724E390",9.04500000000553,3,0,0,0,0,0,0,0,0,0,0,0,0,0,0,0,0,0,0,0,0,0,0,0,0,0,0,0,0,0,0,0,0,0,0,0,0,0,0,0,0,0,0,0,0,20.650999999998,4,0,0,0,0,0,0,21,435.253362348974,43.695999999989,7,1,250.459999999999,5,NA,NA,NA,NA
"G50_1","000724F655",12.9510000000009,5,27.7549999999974,3,14.4799999999959,2,13.2750000000015,1,0,0,12.2560000000012,3,9.75299999999697,2,0,0,4.15399999999499,1,0,0,0,0,2.50300000000425,1,3,27.7549999999974,3,12.2560000000012,1,5.0460000000021,1,13.2750000000015,0,0,3,27.7549999999974,1,5.59900000000198,0,0,0,0,1,13.2750000000015,0,0,47.1339999999982,10,5,2,2,5,3,2,29,903.480532868123,107.288000000008,10,5,5.67500000000291,1,NA,NA,NA,NA
"G50_2","000724D1F9",5.04000000000815,2,32.2170000000042,3,14.375,2,17.8420000000042,1,0,0,9.48399999999674,3,9.48399999999674,3,0,0,6.63100000000122,4,0,0,0,0,0,0,3,32.2170000000042,3,9.48399999999674,0,0,1,17.8420000000042,0,0,3,32.2170000000042,0,0,1,17.8420000000042,0,0,0,0,1,5.39900000000489,97.9629999999961,21,6,2,3,6,2,3,25,430.063437320064,124.33600000001,7,5,59.9029999999984,5,"1",41.8117972592705,42.6811133730689,38.8146277018781
"G50_2","000724D429",13.9830000000002,6,52.9790000000066,6,26.2690000000002,3,26.7100000000064,3,0,0,58.9550000000017,5,22.3050000000003,3,0,0,5.38899999999558,1,0,0,0,0,36.6500000000015,2,6,52.9790000000066,5,58.9550000000017,1,6.87600000000384,3,26.7100000000064,1,14.7900000000009,5,38.1890000000058,1,32.0820000000022,1,6.87600000000384,2,52.6509999999907,3,25.833000000006,1,10.9170000000013,184.51999999999,39,11,12,5,11,14,5,56,1705.15352872527,236.537999999993,12,6,52.1290000000008,3,"2",41.8117972592705,39.6057663685738,38.8079942606488
"G50_2","000724DE76",5.80000000000291,3,0,0,0,0,0,0,15.8109999999942,1,89.3469999999943,7,30.2699999999968,6,0,0,3.95699999999488,2,11.4119999999966,1,4.47800000000279,1,0,0,0,0,7,89.3469999999943,0,0,0,0,0,0,0,0,2,16.8989999999976,0,0,0,0,0,0,0,0,117.148999999998,25,3,19,0,0,19,0,32,758.27696224499,142.237000000001,8,4,58.5509999999995,4,"3",38.4826872264722,42.6811133730689,38.8079942606488
"G50_2","000724E390",13.7880000000077,6,124.092000000019,12,44.8110000000161,5,79.2810000000027,7,141.123,6,29.7920000000013,4,24.5330000000031,3,7.07200000000012,1,0,0,0,0,3.88600000000588,1,5.2589999999982,1,12,124.092000000019,4,29.7920000000013,0,0,7,79.2810000000027,2,27.7830000000104,10,96.3090000000084,1,13.5749999999971,0,0,9,81.7799999999988,1,18.5580000000045,0,0,211.403000000071,45,57,6,17,26,6,17,117,2868.33433982146,521.708000000093,18,13,46.8389999999999,2,NA,NA,NA,NA
"G50_2","000724F655",9.79500000000553,4,20.0279999999984,2,0,0,20.0279999999984,2,43.198000000004,2,135.305,7,102.972999999998,5,0,0,0.529999999998836,1,67.9419999999955,3,0,0,32.3320000000022,2,2,20.0279999999984,7,135.305,1,12.7579999999944,2,20.0279999999984,0,0,2,20.0279999999984,2,24.5939999999973,1,12.7579999999944,0,0,5,145.917000000001,1,7.27000000000407,203.027000000002,43,13,29,4,4,31,4,47,1316.99169388724,275.179000000018,10,5,39.262999999999,1,NA,NA,NA,NA
"G50_2","00072501AB",5.29899999999179,2,9.28000000000611,1,0,0,9.28000000000611,1,76.8369999999995,3,36.8169999999955,3,15.2229999999981,2,0,0,0.529999999998836,1,6.98200000000361,1,0,0,21.5939999999973,1,1,9.28000000000611,3,36.8169999999955,0,0,1,9.28000000000611,0,0,1,9.28000000000611,1,21.5939999999973,0,0,0,0,2,69.4420000000027,0,0,124.312999999995,26,18,7,1,1,7,1,17,360.758630657537,132.696999999978,5,2,62.887999999999,6,NA,NA,NA,NA
"G51_1","000724CB56",2.09299999999348,1,0,0,0,0,0,0,0,0,2.01299999999901,1,2.01299999999901,1,0,0,0,0,0,0,0,0,0,0,0,0,1,2.01299999999901,0,0,0,0,0,0,0,0,0,0,0,0,0,0,0,0,0,0,4.2760000000053,0,0,0,0,0,0,0,7,74.2041515508494,11.515999999996,2,0,NA,NA,"1",103.309305002018,18.5680505169498,NA
"G51_1","000724D2B0",8.47600000000966,4,151.752999999997,1,0,0,151.752999999997,1,0,0,0,0,0,0,0,0,0,0,0,0,0,0,0,0,1,151.752999999997,0,0,0,0,1,151.752999999997,1,151.752999999997,0,0,0,0,0,0,0,0,0,0,0,0,177.576000000015,38,32,0,32,32,0,32,20,663.675551128214,186.483000000022,6,1,95.0199999999968,1,"2",103.309305002018,NA,101.734651525378
"G51_1","000724D4E5",1.9030000000057,1,0,0,0,0,0,0,0,0,0,0,0,0,0,0,0,0,0,0,0,0,0,0,0,0,0,0,0,0,0,0,0,0,0,0,0,0,0,0,0,0,0,0,0,0,11.6059999999998,2,0,0,0,0,0,0,7,170.519033184465,15.9729999999981,4,0,486.951000000001,2,"3",NA,18.5680505169498,101.734651525378
"G51_2","000724B6DB",8.84700000000157,4,35.6899999999951,3,0,0,35.6899999999951,3,19.5319999999992,1,224.724999999991,13,170.919999999991,9,81.7879999999859,5,1.00299999999697,1,49.9110000000001,1,0,0,53.8050000000003,4,3,35.6899999999951,13,224.724999999991,2,13.7949999999983,3,35.6899999999951,1,21.8949999999968,2,13.7949999999983,2,33.7440000000061,0,0,3,53.2549999999901,8,114.097999999998,0,0,294.111999999986,63,11,48,7,7,51,7,67,1637.82553535632,356.980999999992,13,6,64.2249999999985,5,"1",61.4937453923997,71.7082770369368,57.3826988731889
"G51_2","000724C0B5",11.6909999999989,4,43.2719999999899,4,5.62799999999697,1,37.643999999993,3,197.114000000009,2,63.2490000000107,4,61.0450000000128,3,0,0,0,0,0,0,0,0,2.2039999999979,1,4,43.2719999999899,4,63.2490000000107,0,0,3,37.643999999993,1,10.7309999999998,3,32.5409999999902,1,13.1110000000044,1,6.58299999999872,4,262.053000000007,0,0,1,25.8090000000011,354.298000000003,76,51,13,8,9,13,8,41,1162.68691596329,373.370999999992,9,4,33.4660000000003,2,"2",61.4937453923997,69.8714963141099,49.0842929567164
"G51_2","000724CB56",19.8390000000072,7,321.193999999981,10,19.1369999999952,3,302.056999999986,7,40.0920000000042,2,82.961000000003,5,57.8580000000002,3,0,0,2.91500000000087,3,15.7949999999983,1,0.629999999997381,1,25.1030000000028,2,10,321.193999999981,5,82.961000000003,1,9.85699999999633,7,302.056999999986,1,96.3099999999977,9,224.883999999984,1,10.3890000000029,2,17.913999999997,0,0,3,57.8580000000002,5,210.078999999991,455.154999999992,97,77,17,64,69,19,64,60,1887.11412336826,523.171000000002,19,9,33.2949999999983,1,"3",66.8799990752815,71.7082770369368,49.0842929567164
"G51_2","000724D2B0",8.21500000000378,3,23.7930000000051,3,5.46100000000297,1,18.3320000000022,2,0,0,0,0,0,0,0,0,0,0,0,0,0,0,0,0,3,23.7930000000051,0,0,0,0,2,18.3320000000022,0,0,3,23.7930000000051,0,0,2,18.3320000000022,0,0,0,0,0,0,41.9069999999992,9,5,0,3,5,0,3,29,594.731126633252,61.9629999999961,6,3,272.508000000002,6,NA,NA,NA,NA
"G51_2","000724D4E5",8.41399999999703,2,81.1560000000027,5,17.4779999999955,2,63.6780000000072,3,81.1520000000019,3,216.586999999992,13,207.652999999991,11,0,0,19.0749999999971,6,86.3059999999969,4,0,0,8.93400000000111,2,5,81.1560000000027,13,216.586999999992,2,17.4779999999955,3,63.6780000000072,1,12.3250000000044,4,68.8309999999983,1,5.33999999999651,1,6.66000000000349,5,198.998999999996,2,22.4649999999965,4,33.1139999999941,315.213999999978,67,34,46,13,17,50,13,42,1097.97904760502,353.424999999981,8,5,49.5789999999979,3,NA,NA,NA,NA
"G51_2","000724EB89",6.75400000000809,4,56.6120000000083,3,6.29700000000594,1,50.3150000000023,2,83.4370000000054,5,60.5449999999983,7,54.9159999999974,6,26.9549999999945,2,0,0,0,0,0,0,5.62900000000081,1,3,56.6120000000083,7,60.5449999999983,1,24.1500000000015,2,50.3150000000023,1,26.1650000000009,2,30.4470000000074,1,7.50299999999697,0,0,8,126.604000000007,0,0,0,0,204.357000000025,43,30,13,10,12,18,10,54,1433.4038001524,269.895000000033,9,5,55.5720000000001,4,NA,NA,NA,NA
"G52_1","000724D1F9",15.2719999999972,5,10.6059999999998,2,10.6059999999998,2,0,0,14.0840000000026,1,160.758000000002,2,160.758000000002,2,15.7229999999981,1,0,0,0,0,0,0,0,0,2,10.6059999999998,2,160.758000000002,0,0,0,0,0,0,2,10.6059999999998,0,0,0,0,0,0,0,0,0,0,176.868999999984,38,5,34,0,2,34,0,47,1401.02666171869,388.927999999964,13,7,90.6869999999981,2,"1",38.2232636272899,19.3005491896752,NA
"G52_1","000724D429",10.0020000000077,6,0,0,0,0,0,0,0,0,4.82499999999709,2,4.82499999999709,2,0,0,2.9629999999961,1,0,0,0,0,0,0,0,0,2,4.82499999999709,0,0,0,0,0,0,0,0,0,0,0,0,0,0,0,0,0,0,2.45099999999366,0,0,1,0,0,1,0,14,376.106975158794,28.9919999999984,3,1,82.3369999999995,1,"2",38.2232636272899,NA,NA
"G52_1","000724DE76",15.0829999999987,5,117.103000000003,4,0,0,117.103000000003,4,50.1070000000036,1,0,0,0,0,0,0,4.82800000000134,1,0,0,0,0,0,0,4,117.103000000003,0,0,0,0,4,117.103000000003,2,90.5699999999997,2,26.5330000000031,0,0,0,0,3,76.6400000000067,0,0,0,0,186.118999999999,40,35,0,25,25,0,25,20,493.571998055394,227.106,9,4,146.061999999998,3,"3",NA,19.3005491896752,NA
"G52_1","000724E390",0,0,11.0950000000012,1,11.0950000000012,1,0,0,0,0,0,0,0,0,0,0,0,0,0,0,0,0,0,0,1,11.0950000000012,0,0,0,0,0,0,1,11.0950000000012,0,0,0,0,0,0,0,0,0,0,0,0,22.4560000000056,4,2,0,0,2,0,0,12,367.704497109232,26.8820000000051,4,1,714.355000000003,6,NA,NA,NA,NA
"G52_1","000724F655",1.78199999999924,1,34.1319999999978,2,7.00999999999476,1,27.122000000003,1,0,0,0,0,0,0,0,0,0,0,0,0,0,0,0,0,2,34.1319999999978,0,0,0,0,1,27.122000000003,0,0,2,34.1319999999978,0,0,1,27.122000000003,0,0,0,0,0,0,40.4350000000049,8,7,0,5,7,0,5,9,364.724030223282,54.8860000000059,5,4,177.300999999999,4,NA,NA,NA,NA
"G52_1","00072501AB",1.34199999999691,1,0,0,0,0,0,0,0,0,7.62200000000303,1,7.62200000000303,1,0,0,0,0,0,0,0,0,0,0,0,0,1,7.62200000000303,0,0,0,0,0,0,0,0,1,7.62200000000303,0,0,0,0,0,0,0,0,8.05200000000332,1,0,1,0,0,1,0,3,103.360576720619,9.39400000000023,1,1,339.512000000002,5,NA,NA,NA,NA
"G52_2","000724D1F9",7.88300000000163,3,8.63200000000506,1,8.63200000000506,1,0,0,0,0,5.13999999999942,2,5.13999999999942,2,0,0,0,0,0,0,3.28699999999662,1,0,0,1,8.63200000000506,2,5.13999999999942,0,0,0,0,0,0,1,8.63200000000506,0,0,0,0,0,0,0,0,0,0,15.0020000000077,3,1,1,0,1,1,0,23,545.30974590972,50.5100000000093,4,3,60.7989999999991,3,"1",36.0725407046292,36.3408051991759,38.2497617128159
"G52_2","000724D429",5.08599999999569,4,85.015999999996,2,0,0,85.015999999996,2,58.3739999999962,1,312.947999999989,3,293.601999999992,2,0,0,1.35499999999593,2,0,0,0,0,19.3459999999977,1,2,85.015999999996,3,312.947999999989,1,74.9300000000003,2,85.015999999996,0,0,2,85.015999999996,1,115.735999999997,0,0,0,0,2,85.015999999996,0,0,243.594999999987,52,30,67,18,18,83,18,64,1790.10510153182,554.843999999975,11,5,115.347999999998,6,"2",36.0725407046292,33.8019811118992,36.6595502360717
"G52_2","000724DE76",7.82399999999325,3,0,0,0,0,0,0,0,0,31.4159999999902,6,14.0499999999956,3,0,0,8.12999999999738,2,0,0,1.19999999999709,1,9.82499999999709,2,0,0,6,31.4159999999902,0,0,0,0,0,0,0,0,0,0,0,0,0,0,0,0,0,0,25.6889999999767,5,0,6,0,0,6,0,48,1263.9548854925,120.038999999953,12,7,63.4340000000011,4,"3",34.6556332163568,36.3408051991759,36.6595502360717
"G52_2","000724E390",21.7240000000093,10,111.386999999988,12,35.8119999999981,6,75.5749999999898,6,81.7990000000063,2,38.8020000000033,5,4.77799999999843,1,0,0,0,0,0,0,0,0,34.0240000000049,4,12,111.386999999988,5,38.8020000000033,2,14.1990000000078,6,75.5749999999898,2,23.7019999999975,10,87.6849999999904,0,0,2,20.0649999999951,5,59.205999999991,0,0,0,0,283.904000000002,61,41,8,16,23,11,16,122,3021.03366636626,506.667999999976,26,14,64.4570000000022,5,NA,NA,NA,NA
"G52_2","000724F655",5.04899999999907,4,128.238000000005,8,58.2730000000083,4,69.9649999999965,4,12.5670000000027,2,27.2279999999955,4,0,0,0,0,3.15400000000227,2,0,0,0.682000000000698,1,27.2279999999955,4,8,128.238000000005,4,27.2279999999955,1,37.8790000000008,4,69.9649999999965,2,42.3040000000037,6,85.9340000000011,0,0,1,37.8790000000008,7,65.359000000004,0,0,1,10.5879999999961,199.832000000039,42,30,5,15,27,13,15,79,1781.98707217077,344.625000000022,13,10,39.3269999999975,1,NA,NA,NA,NA
"G52_2","00072501AB",7.80399999999645,3,5.0679999999993,1,0,0,5.0679999999993,1,19.0290000000095,2,70.6260000000038,8,17.7760000000126,4,24.2279999999955,1,5.5769999999975,2,0,0,4.77900000000227,1,23.5859999999957,2,1,5.0679999999993,8,70.6260000000038,0,0,1,5.0679999999993,0,0,1,5.0679999999993,0,0,1,5.0679999999993,0,0,0,0,0,0,13.1700000000055,2,5,15,1,1,15,1,38,945.853307324874,216.648999999998,5,3,55.4579999999987,2,NA,NA,NA,NA
"G53_1","000724D2B0",9.15299999999843,4,7.09999999999854,1,7.09999999999854,1,0,0,0,0,0,0,0,0,0,0,0,0,0,0,0,0,0,0,1,7.09999999999854,0,0,0,0,0,0,0,0,1,7.09999999999854,0,0,0,0,0,0,0,0,0,0,9.6140000000014,2,1,0,0,1,0,0,8,370,23.5509999999995,4,1,387.911999999997,2,"1",NA,NA,NA
"G53_1","000724D4E5",2.00299999999697,1,0,0,0,0,0,0,0,0,0,0,0,0,0,0,0,0,0,0,0,0,0,0,0,0,0,0,0,0,0,0,0,0,0,0,0,0,0,0,0,0,0,0,0,0,8.80199999999604,1,0,0,0,0,0,0,6,214.378471046422,11.2359999999971,4,0,108.883000000002,1,"2",NA,NA,NA
"G53_2","000724B6DB",14.2420000000056,5,27.3459999999977,2,0,0,27.3459999999977,2,0,0,91.6859999999942,8,89.7229999999981,7,61.273000000001,3,0,0,10.9479999999967,1,0,0,1.9629999999961,1,2,27.3459999999977,8,91.6859999999942,0,0,2,27.3459999999977,0,0,2,27.3459999999977,3,65.9529999999941,0,0,0,0,5,47.3289999999979,0,0,169.668999999973,36,5,19,5,5,19,5,75,1914.59000758704,220.807999999946,11,4,80.8830000000016,6,"1",34.4135926759975,44.4578025779201,45.6550147733003
"G53_2","000724C0B5",17.8700000000026,7,223.470999999998,7,0,0,223.470999999998,7,56.3810000000012,2,19.0859999999957,4,14.9719999999943,3,0,0,4.23700000000099,3,0,0,0,0,4.1140000000014,1,7,223.470999999998,4,19.0859999999957,0,0,7,223.470999999998,0,0,7,223.470999999998,1,5.97099999999773,3,44.5030000000042,0,0,2,198.599999999999,5,42.1339999999909,307.651999999987,66,60,4,48,48,4,48,74,1635.67132631446,422.017999999967,16,7,46.2980000000025,1,"2",34.4135926759975,38.9170480445766,34.5424767611663
"G53_2","000724CB56",19.0349999999962,7,211.658999999992,5,14.0040000000008,1,197.654999999992,4,0,0,27.4040000000023,3,20.5139999999956,2,8.37299999999959,1,1.86299999999756,1,0,0,0,0,6.89000000000669,1,5,211.658999999992,3,27.4040000000023,0,0,4,197.654999999992,2,52.801999999996,3,158.856999999996,1,6.89000000000669,1,14.0800000000017,2,55.538999999997,2,157.396000000001,1,12.140999999996,319.86299999999,68,45,5,42,45,5,42,62,1546.32293199222,431.802999999993,16,7,47.3309999999983,2,"3",34.7707311040108,44.4578025779201,34.5424767611663
"G53_2","000724D2B0",2.25300000000425,2,208.101999999992,10,7.09999999999854,1,201.001999999993,9,91.7980000000098,4,56.0219999999972,1,0,0,0,0,0,0,0,0,0,0,56.0219999999972,1,10,208.101999999992,1,56.0219999999972,0,0,9,201.001999999993,1,33.9119999999966,9,174.189999999995,0,0,1,29.0590000000011,9,236.048999999999,0,0,3,49.8020000000033,382.158999999985,82,64,12,43,44,12,43,43,922.712249922928,388.23599999999,4,3,52.1270000000004,5,NA,NA,NA,NA
"G53_2","000724D4E5",9.13199999999779,4,76.5839999999953,5,7.2589999999982,1,69.3249999999971,4,103.377999999997,2,75.5509999999995,7,44.859000000004,4,0,0,12.5219999999972,5,9.875,1,0.44999999999709,1,30.6919999999955,3,5,76.5839999999953,7,75.5509999999995,2,50.4939999999988,4,69.3249999999971,1,42.3240000000005,4,34.2599999999948,0,0,2,18.6419999999998,5,127.823999999993,0,0,0,0,226.804999999971,48,38,16,14,16,27,14,67,1599.60792601643,426.198999999993,12,10,48.9429999999993,4,NA,NA,NA,NA
"G53_2","000724EB89",7.73300000000017,3,0,0,0,0,0,0,50.4550000000017,2,240.373,8,128.447,4,36.648000000001,1,0,0,0,0,0,0,111.925999999999,4,0,0,8,240.373,0,0,0,0,0,0,0,0,1,6.16900000000169,0,0,0,0,3,102.639999999999,0,0,123.819000000003,26,10,51,0,0,51,0,41,948.548881736755,422.440999999992,8,3,48.1319999999978,3,NA,NA,NA,NA
"G54_1","000724D1F9",12.4319999999934,7,34.0349999999962,5,28.4839999999967,4,5.55099999999948,1,0,0,0,0,0,0,0,0,0,0,0,0,0,0,0,0,5,34.0349999999962,0,0,0,0,1,5.55099999999948,1,10.4459999999963,4,23.5889999999999,0,0,0,0,1,5.59999999999854,0,0,0,0,73.7490000000034,15,7,0,1,7,0,1,54,1562.91304016064,145.712999999989,12,7,78.0140000000029,4,"1",47.3396667476033,28.912527460022,NA
"G54_1","000724D429",8.2219999999943,5,0,0,0,0,0,0,0,0,0,0,0,0,0,0,0,0,0,0,0,0,0,0,0,0,0,0,0,0,0,0,0,0,0,0,0,0,0,0,0,0,0,0,0,0,17.7780000000057,3,0,0,0,0,0,0,14,295.462337786577,28.0139999999956,3,0,NA,NA,"2",47.3396667476033,NA,25.3644047649563
"G54_1","000724DE76",16.0590000000011,6,0,0,0,0,0,0,0,0,0,0,7.47899999999936,2,0,0,4.42700000000332,2,0,0,2.69099999999889,1,0,0,0,0,0,0,0,0,0,0,0,0,0,0,0,0,0,0,0,0,0,0,0,0,35.439000000013,7,0,0,0,0,0,0,30,971.395662945095,68.9630000000034,14,0,51.6809999999969,2,"3",NA,28.912527460022,25.3644047649563
"G54_1","000724E390",17.7410000000018,6,24.8329999999914,4,24.8329999999914,4,0,0,0,0,0,0,0,0,0,0,0.180000000000291,1,0,0,0,0,0,0,4,24.8329999999914,0,0,0,0,0,0,0,0,4,24.8329999999914,0,0,0,0,0,0,0,0,0,0,47.0580000000045,10,5,0,0,5,0,0,42,1157.60387881152,89.2150000000111,15,4,45.8300000000017,1,NA,NA,NA,NA
"G54_1","000724F655",3.23500000000058,1,31.5469999999987,1,31.5469999999987,1,0,0,11.1270000000004,1,37.8890000000029,4,15.8139999999985,2,0,0,0,0,0,0,0,0,22.0750000000044,2,1,31.5469999999987,4,37.8890000000029,1,31.5469999999987,0,0,1,31.5469999999987,0,0,0,0,0,0,0,0,0,0,0,0,59.150999999998,12,9,8,0,6,14,0,13,254.676353618649,82.4079999999958,5,3,51.9519999999975,3,NA,NA,NA,NA
"G54_2","000724D1F9",13.6869999999981,4,135.195,6,14.9320000000007,2,120.262999999999,4,21.275999999998,1,6.07300000000396,1,6.07300000000396,1,0,0,2.51299999999901,2,6.07300000000396,1,1.23200000000361,1,0,0,6,135.195,1,6.07300000000396,0,0,4,120.262999999999,0,0,6,135.195,0,0,3,108.822999999997,0,0,0,0,3,38.7890000000043,184.341000000015,39,33,1,25,29,1,25,31,966.882418584866,214.135000000002,11,5,307.567000000003,6,"1",45.0805716939631,50.1692181775261,61.602249916832
"G54_2","000724D429",24.9250000000029,9,0,0,0,0,0,0,5.24000000000524,1,0,0,20.6960000000108,3,12.1500000000015,1,11.6200000000099,4,0,0,0.601000000002387,1,78.9950000000026,2,0,0,0,0,0,0,1,51.7510000000038,0,0,0,0,0,0,0,0,0,0,0,0,0,0,195.343000000008,41,1,0,0,0,0,11,87,2766.79123027752,293.62900000003,18,5,53.2459999999992,3,"2",45.0805716939631,53.1857080416704,44.4020737476954
"G54_2","000724DE76",29.8189999999886,9,0,0,0,0,0,0,126.055,3,0,0,268.985000000001,11,0,0,4.19599999999627,2,34.0829999999987,3,0,0,39.5319999999992,2,0,0,0,0,0,0,0,0,0,0,0,0,0,0,0,0,0,0,0,0,0,0,171.294999999991,36,27,0,0,0,0,0,65,1909.71604169776,451.485999999975,17,7,28.6229999999996,2,"3",46.6263447657601,50.1692181775261,44.4020737476954
"G54_2","000724E390",12.9609999999957,5,157.389999999992,9,15.4559999999983,2,141.933999999994,7,0,0,92.0909999999931,2,0,0,0,0,0.530999999995402,1,0,0,0,0,92.0909999999931,2,9,157.389999999992,2,92.0909999999931,0,0,7,141.933999999994,1,16.5989999999947,8,140.790999999997,1,86.150999999998,1,46.6239999999962,3,37.6490000000049,2,45.3470000000016,0,0,284.557999999968,61,33,19,30,33,19,30,87,2381.66003359147,412.061999999969,19,10,62.4510000000009,4,NA,NA,NA,NA
"G54_2","000724F655",12.1430000000109,4,193.669000000002,8,26.3079999999973,3,167.361000000004,5,10.2790000000023,1,0,0,0,0,0,0,0.881000000001222,2,0,0,0,0,0,0,8,193.669000000002,0,0,0,0,5,167.361000000004,3,89.900999999998,5,103.768000000004,0,0,1,28.8000000000029,3,65.5849999999991,0,0,0,0,206.089,44,43,0,35,41,0,35,45,1068.0604089825,329.923999999999,13,11,21.7130000000034,1,NA,NA,NA,NA
"G54_2","00072501AB",7.96500000000378,3,0,0,0,0,0,0,0,0,0,0,5.15099999999802,1,5.15099999999802,1,0,0,0,0,0,0,12.6850000000049,2,0,0,0,0,0,0,0,0,0,0,0,0,0,0,0,0,0,0,0,0,0,0,26.5489999999991,5,0,0,0,0,0,0,33,1250.53003858656,207.895999999993,10,2,63.0809999999983,5,NA,NA,NA,NA
"G55_1","000724B6DB",5.75900000000547,2,107.042000000001,1,0,0,107.042000000001,1,0,0,121.981999999996,3,121.981999999996,3,87.010000000002,1,1.28199999999924,1,0,0,0,0,0,0,1,107.042000000001,3,121.981999999996,0,0,1,107.042000000001,0,0,1,107.042000000001,1,32.1089999999967,0,0,0,0,2,194.052000000003,0,0,236.144000000008,50,23,26,23,23,26,23,32,883.106345036512,288.190999999992,6,3,147.122000000003,5,"1",36.8123238237531,28.1218674036352,34.6680505169498
"G55_1","000724C0B5",8.74599999999919,4,0,0,0,0,0,0,0,0,13.3209999999963,1,13.3209999999963,1,0,0,0.350999999995111,1,0,0,0,0,0,0,0,0,1,13.3209999999963,0,0,0,0,0,0,0,0,1,13.3209999999963,0,0,0,0,0,0,0,0,29.7410000000018,6,0,2,0,0,2,0,31,847.03105013117,64.7950000000128,6,3,141.091,3,"2",36.8123238237531,60.8962631018348,58.1809494516228
"G55_1","000724CB56",7.85199999999168,4,6.65899999999965,1,6.65899999999965,1,0,0,0,0,6.36200000000099,1,0,0,0,0,3.70499999999447,3,0,0,0,0,0,0,1,6.65899999999965,1,6.36200000000099,0,0,0,0,0,0,1,6.65899999999965,1,6.36200000000099,0,0,0,0,0,0,0,0,32.4209999999948,6,1,1,0,1,1,0,34,950.690524990896,69.4470000000001,7,4,138.959000000003,2,"3",57.8854836690014,28.1218674036352,58.1809494516228
"G55_1","000724D2B0",8.15499999999884,4,58.7020000000048,3,0,0,58.7020000000048,3,0,0,0,0,0,0,0,0,0,0,0,0,0,0,0,0,3,58.7020000000048,0,0,0,0,3,58.7020000000048,0,0,3,58.7020000000048,0,0,1,46.7050000000017,0,0,0,0,2,11.997000000003,67.8950000000041,14,12,0,12,12,0,12,17,501.704765053502,80.0650000000096,5,1,189.161,6,NA,NA,NA,NA
"G55_1","000724D4E5",2.66600000000471,1,55.9590000000026,3,19.2439999999988,2,36.7150000000038,1,77.6500000000015,1,255.061000000009,5,255.061000000009,5,0,0,1.6530000000057,3,20.182000000008,2,0,0,0,0,3,55.9590000000026,5,255.061000000009,0,0,1,36.7150000000038,1,13.3430000000008,2,42.6160000000018,0,0,0,0,5,259.237000000016,0,0,0,0,293.368000000009,63,28,54,7,12,54,7,27,744.541540089875,415.333000000013,7,5,127.898000000001,1,NA,NA,NA,NA
"G55_1","000724EB89",0,0,0,0,0,0,0,0,0,0,3.24499999999534,1,0,0,0,0,0,0,0,0,0,0,3.24499999999534,1,0,0,1,3.24499999999534,0,0,0,0,0,0,0,0,0,0,0,0,0,0,0,0,0,0,2.17399999999907,0,0,0,0,0,0,0,5,118.240210975725,11.4289999999964,2,1,143.184999999998,4,NA,NA,NA,NA
"G55_2","000724B6DB",14.7239999999947,6,13.7609999999986,1,0,0,13.7609999999986,1,0,0,8.40600000000268,2,5.09999999999854,1,5.09999999999854,1,0,0,0,0,2.32099999999627,1,3.30600000000413,1,1,13.7609999999986,2,8.40600000000268,0,0,1,13.7609999999986,0,0,1,13.7609999999986,1,5.09999999999854,1,13.7609999999986,0,0,0,0,0,0,38.0759999999937,8,2,1,2,2,1,2,38,1380.5739600505,85.0760000000009,11,3,53.8969999999972,5,"1",47.1629107223085,57.9107588348549,50.3129952554037
"G55_2","000724C0B5",4.06600000000617,3,114.26400000001,7,10.0200000000041,1,104.244000000006,6,111.534999999996,3,63.1209999999992,9,10.0179999999964,2,6.64299999999639,1,1.11200000000827,2,0,0,0.991000000001804,1,53.1030000000028,7,7,114.26400000001,9,63.1209999999992,1,10.0200000000041,6,104.244000000006,2,23.0490000000063,5,91.2150000000038,0,0,0,0,11,349.704999999994,0,0,0,0,418.205000000016,89,48,13,22,24,15,22,90,2113.87574093326,586.531999999999,14,9,38.2940000000017,4,"2",47.1629107223085,56.0935909554091,37.110077302888
"G55_2","000724CB56",29.0009999999966,12,424.770999999993,5,0,0,424.770999999993,5,0,0,5.63999999999942,1,0,0,0,0,1.87299999999959,2,0,0,0,0,5.63999999999942,1,5,424.770999999993,1,5.63999999999942,0,0,5,424.770999999993,1,29.0509999999995,4,395.719999999994,0,0,0,0,4,395.719999999994,0,0,0,0,457.64499999999,98,91,1,91,91,1,91,98,2540.53988869988,592.01999999999,15,3,24.6739999999991,1,"3",44.3959530963423,57.9107588348549,37.110077302888
"G55_2","000724D2B0",5.87800000000425,2,0,0,0,0,0,0,0,0,0,0,0,0,0,0,0,0,0,0,0,0,0,0,0,0,0,0,0,0,0,0,0,0,0,0,0,0,0,0,0,0,0,0,0,0,7.45400000000518,1,0,0,0,0,0,0,13,455.976052554955,24.1010000000024,3,1,424.002,6,NA,NA,NA,NA
"G55_2","000724D4E5",11.7779999999984,5,11.9859999999971,2,11.9859999999971,2,0,0,14.4530000000013,1,77.0449999999983,4,64.2059999999983,2,0,0,3.4490000000078,3,14.5740000000005,1,0,0,12.8389999999999,2,2,11.9859999999971,4,77.0449999999983,2,11.9859999999971,0,0,0,0,2,11.9859999999971,2,64.2059999999983,0,0,0,0,1,5.25700000000506,0,0,89.0850000000064,19,5,16,0,2,19,0,38,949.288263265235,191.569999999992,14,9,37.4930000000022,3,NA,NA,NA,NA
"G55_2","000724EB89",10.4080000000031,5,187.095000000008,3,0,0,187.095000000008,3,137.588000000003,3,36.4380000000019,6,9.69399999999587,4,0,0,0,0,0,0,0.44100000000617,1,8.7870000000039,1,3,187.095000000008,6,36.4380000000019,0,0,3,187.095000000008,0,0,3,187.095000000008,1,17.9570000000022,0,0,0,0,6,324.683000000012,0,0,362.755000000019,77,69,7,40,40,7,40,62,1487.36116219561,437.398000000037,12,3,31.5489999999991,2,NA,NA,NA,NA
"G56_1","000724D1F9",22.3479999999981,12,5.02000000000407,1,5.02000000000407,1,0,0,0,0,44.4200000000055,3,44.4200000000055,3,0,0,10.2980000000025,4,0,0,0,0,0,0,1,5.02000000000407,3,44.4200000000055,0,0,0,0,0,0,1,5.02000000000407,0,0,0,0,0,0,0,0,0,0,35.4699999999939,7,1,9,0,1,9,0,71,2197.63908734515,244.825999999972,17,6,344.631999999998,2,"1",28.8996828810664,26.2249775813423,29.6113837597107
"G56_1","000724D429",6.16999999999825,3,0,0,0,0,0,0,76.9369999999981,1,119.550999999999,3,119.550999999999,3,29.0859999999957,1,2.74599999999919,2,13.5280000000057,1,0,0,0,0,0,0,3,119.550999999999,0,0,0,0,0,0,0,0,2,42.6140000000014,0,0,0,0,1,76.9369999999981,0,0,130.649999999994,28,16,25,0,0,25,0,23,605.391102235108,158.847000000002,5,3,473.267999999996,3,"2",28.8996828810664,24.9410684271082,27.2203687156236
"G56_1","000724DE76",10.7369999999937,4,70.8580000000002,4,41.9760000000024,3,28.8819999999978,1,0,0,0,0,0,0,0,0,0,0,0,0,0,0,0,0,4,70.8580000000002,0,0,0,0,1,28.8819999999978,3,65.0659999999989,1,5.79200000000128,0,0,0,0,0,0,0,0,0,0,78.6529999999984,16,15,0,6,15,0,6,19,593.806987015623,117.534,8,5,343.127999999997,1,"3",27.8906672645316,26.2249775813423,27.2203687156236
"G56_1","000724E390",10.9780000000028,5,8.01399999999558,1,8.01399999999558,1,0,0,0,0,10.0200000000041,1,10.0200000000041,1,0,0,2.10399999999936,1,0,0,0,0,0,0,1,8.01399999999558,1,10.0200000000041,0,0,0,0,0,0,1,8.01399999999558,0,0,0,0,0,0,0,0,0,0,15.5279999999984,3,1,2,0,1,2,0,21,461.991235252264,59.9100000000108,8,3,779.906000000003,5,NA,NA,NA,NA
"G56_1","000724F655",3.17599999999948,2,0,0,0,0,0,0,0,0,71.7279999999955,3,71.7279999999955,3,0,0,5.7329999999929,2,6.6820000000007,1,0,0,0,0,0,0,3,71.7279999999955,0,0,0,0,0,0,0,0,0,0,0,0,0,0,0,0,0,0,6.43100000000413,1,0,15,0,0,15,0,27,742.626871429974,135.957999999984,6,5,479.769,4,NA,NA,NA,NA
"G56_1","00072501AB",3.96800000000076,1,0,0,0,0,0,0,0,0,67.0210000000006,1,67.0210000000006,1,67.0210000000006,1,0,0,0,0,0,0,0,0,0,0,1,67.0210000000006,0,0,0,0,0,0,0,0,0,0,0,0,0,0,0,0,0,0,67.0210000000006,14,0,14,0,0,14,0,2,32.0822770388886,70.9890000000014,2,1,878.277000000002,6,NA,NA,NA,NA
"G56_2","000724D1F9",12.551999999996,5,39.1900000000096,3,32.731000000007,2,6.45900000000256,1,0,0,77.7120000000068,6,77.7120000000068,6,44.8309999999983,1,7.48400000000402,3,10.1280000000042,1,0,0,0,0,3,39.1900000000096,6,77.7120000000068,1,23.7410000000018,1,6.45900000000256,1,23.7410000000018,2,15.4490000000078,0,0,1,6.45900000000256,3,30.9190000000017,0,0,1,44.8309999999983,150.046000000002,32,8,16,1,8,21,1,43,1064.17324820242,201.699999999983,10,5,33.5670000000027,4,"1",29.2598162149537,27.262503646848,40.3712811471698
"G56_2","000724D429",8.63000000000466,4,7.42399999999907,1,0,0,7.42399999999907,1,68.2560000000012,1,163.926000000007,7,146.793000000005,5,0,0,1.02300000000105,2,66.4990000000034,2,0,0,17.1330000000016,2,1,7.42399999999907,7,163.926000000007,0,0,1,7.42399999999907,0,0,1,7.42399999999907,1,9.63700000000244,1,7.42399999999907,0,0,2,78.8060000000041,0,0,145.652999999998,31,16,35,1,1,35,1,60,1747.86902667143,323.392000000007,14,4,27.2339999999967,3,"2",29.2598162149537,25.8667832163127,35.9656431332308
"G56_2","000724DE76",7.19400000000314,3,121.923000000017,6,16.0760000000009,1,105.847000000016,5,109.700999999994,3,57.4170000000013,6,37.9950000000099,4,0,0,2.52300000000832,3,28.0480000000098,2,0,0,19.4219999999914,2,6,121.923000000017,6,57.4170000000013,2,59.2000000000044,5,105.847000000016,1,16.0760000000009,5,105.847000000016,3,36.333000000006,0,0,1,16.0299999999988,7,208.375,0,0,311.590000000018,66,49,12,22,26,25,22,49,1309.6052593918,373.239000000023,14,7,36.762999999999,6,"3",31.6581173994329,27.262503646848,35.9656431332308
"G56_2","000724E390",14.1769999999888,5,196.529999999999,8,16.4820000000036,2,180.047999999995,6,83.0310000000027,2,17.3600000000006,2,5.90000000000146,1,0,0,2.43700000000536,3,0,0,0,0,11.4599999999991,1,8,196.529999999999,2,17.3600000000006,1,5.24799999999959,5,174.799999999996,0,0,8,196.529999999999,1,5.90000000000146,3,98.7520000000004,0,0,2,85.3120000000054,4,94.387999999999,344.019000000037,73,60,3,38,42,4,37,87,2167.90204806075,445.202000000034,19,9,26.512999999999,2,NA,NA,NA,NA
"G56_2","000724F655",2.79699999999866,1,139.384999999995,6,24.8239999999932,2,114.561000000002,4,13.0080000000016,1,65.5250000000015,6,13.0630000000019,4,0,0,16.1970000000001,4,0,0,0,0,52.4619999999995,2,6,139.384999999995,6,65.5250000000015,1,48.5049999999974,4,114.561000000002,3,62.4629999999961,3,76.9219999999987,0,0,0,0,5,125.447,0,0,0,0,229.021999999983,49,32,14,24,29,24,24,31,632.302725239841,265.270999999979,9,6,18.7090000000026,1,NA,NA,NA,NA
"G56_2","00072501AB",1.04099999999744,1,0,0,0,0,0,0,60.2099999999991,1,225.174000000006,6,164.964000000007,5,17.9390000000058,1,2.92599999999948,1,0,0,0,0,60.2099999999991,1,0,0,6,225.174000000006,0,0,0,0,0,0,0,0,3,144.099000000002,0,0,0,0,2,78.1490000000049,0,0,229.619000000006,49,12,48,0,0,48,0,12,251.700829305368,231.831999999995,4,3,36.4930000000022,5,NA,NA,NA,NA
"G57_1","000724B6DB",9.1160000000018,3,156.415000000008,3,13.2840000000069,1,143.131000000001,2,0,0,95.6589999999997,4,57.1940000000031,1,0,0,0,0,0,0,0,0,38.4649999999965,3,3,156.415000000008,4,95.6589999999997,1,13.2840000000069,2,143.131000000001,2,147.022000000004,1,9.39300000000367,0,0,0,0,2,75.0370000000039,0,0,0,0,244.827000000005,52,33,20,30,33,23,30,28,617.757472290799,305.542000000016,11,7,59.6960000000036,2,"1",21.5388532149356,34.6785152857347,35.9398426845607
"G57_1","000724C0B5",6.7300000000032,3,144.928999999989,3,5.46899999999732,1,139.459999999992,2,269.025000000016,5,183.199999999997,2,99.3439999999973,1,99.3439999999973,1,0,0,0,0,0,0,83.8559999999998,1,3,144.928999999989,2,183.199999999997,0,0,2,139.459999999992,0,0,3,144.928999999989,1,99.3439999999973,1,70.0349999999962,0,0,2,88.2520000000004,6,339.523000000008,602.613000000005,129,88,39,29,31,39,29,30,622.117874817727,634.001000000011,6,3,207.307000000001,5,"2",21.5388532149356,36.5776799187898,21.5345099894226
"G57_1","000724CB56",7.12199999999575,4,51.9300000000003,2,0,0,51.9300000000003,2,0,0,0,0,0,0,0,0,0,0,0,0,0,0,0,0,2,51.9300000000003,0,0,0,0,2,51.9300000000003,0,0,2,51.9300000000003,0,0,1,44.9170000000013,0,0,0,0,1,7.01299999999901,53.0210000000006,11,11,0,11,11,0,11,20,600.468596723757,71.0700000000143,3,1,125.936999999998,3,"3",28.6387816324035,34.6785152857347,21.5345099894226
"G57_1","000724D2B0",4.95799999999872,1,356.519000000008,12,40.2880000000005,2,316.231000000007,10,26.6419999999998,1,0,0,0,0,0,0,0,0,0,0,0,0,0,0,12,356.519000000008,0,0,0,0,10,316.231000000007,3,84.1110000000044,9,272.408000000003,0,0,0,0,11,306.546999999999,0,0,0,0,419.571999999993,90,82,0,67,76,0,67,37,558.030523172042,428.094999999994,4,3,45.913999999997,1,NA,NA,NA,NA
"G57_1","000724D4E5",3.71600000000035,1,36.625,5,13.7330000000075,2,22.8919999999925,3,0,0,15.9500000000044,4,3.63199999999779,2,0,0,3.5049999999901,4,0,0,0,0,5.05600000000413,1,5,36.625,4,15.9500000000044,1,9.61199999999371,3,22.8919999999925,0,0,5,36.625,0,0,2,14.7229999999981,0,0,0,0,2,15.3319999999949,55.80799999999,11,7,3,4,7,5,4,50,1196.41177694501,226.766999999985,10,8,158.669000000002,4,NA,NA,NA,NA
"G57_1","000724EB89",1.58200000000215,1,0,0,0,0,0,0,0,0,0,0,0,0,0,0,0,0,0,0,0,0,0,0,0,0,0,0,0,0,0,0,0,0,0,0,0,0,0,0,0,0,0,0,0,0,0,NA,0,0,0,0,0,0,1,0,1.58200000000215,0,0,NA,NA,NA,NA,NA,NA
"G57_2","000724B6DB",12.528999999995,6,0,0,0,0,0,0,0,0,18.3140000000058,2,18.3140000000058,2,0,0,0,0,0,0,0,0,0,0,0,0,2,18.3140000000058,0,0,0,0,0,0,0,0,0,0,0,0,0,0,0,0,0,0,5.03900000000431,1,0,3,0,0,3,0,14,424.307339184482,47.9030000000057,8,2,77.2119999999995,5,"1",30.2766397970423,69.9032236082963,22.9865209189454
"G57_2","000724C0B5",7.13499999999476,3,0,0,0,0,0,0,6.33099999999831,1,22.8219999999928,3,11.4409999999916,2,0,0,6.38299999998708,4,0,0,0,0,11.3810000000012,1,0,0,3,22.8219999999928,0,0,0,0,0,0,0,0,0,0,0,0,0,0,0,0,0,0,17.8129999999946,3,1,4,0,0,4,0,39,966.25224559126,100.47100000002,7,3,44.0539999999964,1,"2",30.2766397970423,42.2572134771954,58.3904431182192
"G57_2","000724CB56",14.2900000000081,6,344.643000000004,4,0,0,344.643000000004,4,55.5669999999955,1,19.7290000000066,4,3.2190000000046,1,0,0,0,0,0,0,0,0,16.510000000002,3,4,344.643000000004,4,19.7290000000066,1,35.7610000000059,4,344.643000000004,1,178.940999999999,3,165.702000000005,0,0,0,0,5,228.527999999998,0,0,0,0,441.475999999988,94,86,4,74,74,11,74,57,1830.07970238396,534.902000000002,12,4,46.2989999999991,2,"3",24.0072202067799,69.9032236082963,58.3904431182192
"G57_2","000724D2B0",1.42299999999523,1,0,0,0,0,0,0,0,0,2.89600000000064,1,0,0,0,0,0,0,0,0,0,0,2.89600000000064,1,0,0,1,2.89600000000064,0,0,0,0,0,0,0,0,0,0,0,0,0,0,0,0,0,0,2.48399999999674,0,0,0,0,0,0,0,14,327.025716509516,14.3099999999831,1,0,86.2180000000008,6,NA,NA,NA,NA
"G57_2","000724D4E5",13.9409999999989,5,71.278999999995,4,12.7819999999992,2,58.4969999999958,2,7.61100000000442,1,155.717000000004,8,62.7830000000031,6,0,0,7.73500000000058,6,25.2940000000017,3,0,0,92.9340000000011,2,4,71.278999999995,8,155.717000000004,0,0,2,58.4969999999958,1,53.4309999999969,3,17.8479999999981,0,0,0,0,7,151.938000000002,0,0,0,0,255.889999999999,55,16,33,12,15,33,12,40,1043.60843004806,281.993000000002,10,4,55.7860000000001,4,NA,NA,NA,NA
"G57_2","000724EB89",4.54499999999825,2,0,0,0,0,0,0,224.51200000001,6,335.981000000014,8,296.293000000012,7,45.4600000000064,3,0,0,0,0,0,0,0,0,0,0,8,335.981000000014,0,0,0,0,0,0,0,0,2,20.9760000000024,0,0,0,0,9,477.214000000014,0,0,499.623000000007,107,48,72,0,0,72,0,31,803.690851493568,522.210999999981,7,3,54.3139999999985,3,NA,NA,NA,NA
"G58_1","000724D1F9",15.0789999999979,4,349.936999999998,9,41.6239999999962,3,308.313000000002,6,41.4530000000013,1,4.93899999999849,1,4.93899999999849,1,0,0,0,0,0,0,0,0,0,0,9,349.936999999998,1,4.93899999999849,0,0,6,308.313000000002,2,66.6159999999945,7,283.321000000004,0,0,1,22.5339999999997,5,290.578000000009,0,0,1,11.5069999999978,431.826999999997,92,84,1,66,75,1,66,47,1672.5837534038,489.225000000013,13,7,79.900999999998,1,"1",26.1790719474333,58.3513173137419,53.3807796940641
"G58_1","000724D429",19.8319999999876,7,181.118000000002,4,5.0480000000025,1,176.07,3,0,0,15.4950000000026,1,15.4950000000026,1,0,0,0,0,0,0,0,0,0,0,4,181.118000000002,1,15.4950000000026,0,0,3,176.07,0,0,4,181.118000000002,0,0,1,59.5579999999973,0,0,0,0,3,132.007000000005,205.835999999996,44,38,3,37,38,3,37,41,1150.1694784475,282.245999999985,12,5,86.9239999999991,2,"2",26.1790719474333,59.0935880926635,52.4585993693402
"G58_1","000724DE76",23.5670000000027,8,137.946000000004,7,41.9420000000027,2,96.0040000000008,5,0,0,69.3790000000008,2,69.3790000000008,2,0,0,2.23399999999674,1,0,0,0,0,0,0,7,137.946000000004,2,69.3790000000008,0,0,5,96.0040000000008,2,41.9420000000027,5,96.0040000000008,0,0,0,0,6,159.863000000005,0,0,0,0,214.128000000004,46,29,14,20,29,14,20,46,1259.27928628994,326.371000000006,14,7,157.186000000002,5,"3",26.2057713000154,58.3513173137419,52.4585993693402
"G58_1","000724E390",23.4759999999951,10,145.51200000001,6,0,0,145.51200000001,6,123.621000000006,2,0,0,0,0,0,0,0,0,0,0,0,0,0,0,6,145.51200000001,0,0,0,0,6,145.51200000001,0,0,6,145.51200000001,0,0,2,26.273000000001,0,0,0,0,6,242.860000000015,287.276000000027,61,57,0,31,31,0,31,52,1210.91635524723,402.539000000012,14,6,102.972999999998,4,NA,NA,NA,NA
"G58_1","000724F655",19.8400000000111,8,48.5670000000027,3,0,0,48.5670000000027,3,0,0,17.9129999999932,2,7.90399999999499,1,0,0,4.00500000000466,3,7.90399999999499,1,0,0,10.0089999999982,1,3,48.5670000000027,2,17.9129999999932,0,0,3,48.5670000000027,0,0,3,48.5670000000027,2,17.9129999999932,1,7.64500000000407,0,0,1,21.612000000001,1,19.3099999999977,91.1450000000041,19,10,3,10,10,3,10,59,1695.94457349048,205.393999999993,13,5,194.712,6,NA,NA,NA,NA
"G58_1","00072501AB",3.35700000000361,2,9.22499999999854,1,0,0,9.22499999999854,1,15.2669999999998,1,46.9720000000016,3,14.3079999999973,2,0,0,4.39699999999721,1,0,0,0,0,0,0,1,9.22499999999854,3,46.9720000000016,0,0,1,9.22499999999854,0,0,1,9.22499999999854,2,42.5750000000044,0,0,0,0,2,24.4919999999984,0,0,74.8690000000061,16,5,10,1,1,10,1,19,403.504135905471,87.1000000000204,4,2,101.377999999997,3,NA,NA,NA,NA
"G58_2","000724D1F9",20.7309999999998,6,30.9789999999994,1,0,0,30.9789999999994,1,0,0,4.26800000000367,1,0,0,0,0,0,0,0,0,0,0,4.26800000000367,1,1,30.9789999999994,1,4.26800000000367,0,0,1,30.9789999999994,0,0,1,30.9789999999994,0,0,1,30.9789999999994,0,0,0,0,0,0,40.0429999999906,8,6,0,6,6,0,6,15,566.668068756104,79.4380000000019,11,3,58.1549999999988,3,"1",21.925,27.4308603269019,32.0822770388886
"G58_2","000724D429",6.88199999999779,3,5.52999999999884,1,5.52999999999884,1,0,0,0,0,3.54799999999523,1,3.54799999999523,1,0,0,0,0,0,0,0,0,0,0,1,5.52999999999884,1,3.54799999999523,1,5.52999999999884,0,0,0,0,1,5.52999999999884,0,0,0,0,0,0,0,0,0,0,16.4929999999949,3,1,0,0,1,1,0,12,390.917069688885,33.3339999999735,7,2,79.7450000000026,6,"2",21.925,32.0822770388886,49.2624213116029
"G58_2","000724DE76",17.2319999999891,7,6.47299999999814,1,6.47299999999814,1,0,0,0,0,69.6620000000039,1,69.6620000000039,1,0,0,1.86299999999756,1,0,0,0,0,0,0,1,6.47299999999814,1,69.6620000000039,0,0,0,0,0,0,1,6.47299999999814,0,0,1,6.47299999999814,0,0,0,0,0,0,92.2129999999888,19,1,14,0,1,14,0,30,858.005100570442,155.462999999982,12,4,48.8159999999989,1,"3",32.2,27.4308603269019,49.2624213116029
"G58_2","000724E390",8.24700000000303,4,47.1290000000008,1,0,0,47.1290000000008,1,0,0,2.24199999999837,1,0,0,0,0,0,0,0,0,0,0,2.24199999999837,1,1,47.1290000000008,1,2.24199999999837,0,0,1,47.1290000000008,1,47.1290000000008,0,0,0,0,0,0,0,0,0,0,0,0,64.1389999999883,13,10,0,10,10,0,10,42,1588.48833543309,138.949999999983,10,3,61.6809999999969,5,NA,NA,NA,NA
"G58_2","000724F655",19.9130000000005,7,32.0069999999978,3,32.0069999999978,3,0,0,0,0,13.4110000000001,2,3.56500000000233,1,0,0,3.24599999999191,2,0,0,0,0,9.84599999999773,1,3,32.0069999999978,2,13.4110000000001,1,10.1229999999996,0,0,2,23.9099999999962,1,8.09700000000157,0,0,0,0,0,0,0,0,0,0,42.3039999999892,9,6,2,0,6,5,0,33,878.523036451723,107.342999999979,10,6,51.3000000000029,2,NA,NA,NA,NA
"G58_2","00072501AB",1.21199999999953,1,31.2669999999998,1,0,0,31.2669999999998,1,0,0,76.1100000000079,3,76.1100000000079,3,17.6330000000016,1,0,0,0,0,0,0,0,0,1,31.2669999999998,3,76.1100000000079,0,0,1,31.2669999999998,1,31.2669999999998,0,0,0,0,0,0,2,58.4770000000062,0,0,0,0,90.2040000000052,19,6,16,6,6,16,6,10,277.412142978699,110.814000000013,2,2,60.2779999999984,4,NA,NA,NA,NA
"G59_1","000724B6DB",13.9200000000055,6,0,0,0,0,0,0,0,0,123.858999999997,2,123.858999999997,2,110.192999999999,1,0.701000000000931,1,0,0,0,0,0,0,0,0,2,123.858999999997,0,0,0,0,0,0,0,0,1,110.192999999999,0,0,0,0,1,13.6659999999974,0,0,132.512999999999,28,0,26,0,0,26,0,17,396.705461774203,159.942999999999,5,2,154.584999999999,6,"1",39.1320764833885,22.9851291767051,20.1280922261954
"G59_1","000724C0B5",4.43999999999505,2,77.8950000000114,5,0,0,77.8950000000114,5,28.898000000001,2,245.278000000006,3,227.579000000005,2,227.579000000005,2,0,0,0,0,0.781999999999243,1,17.6990000000005,1,5,77.8950000000114,3,245.278000000006,1,15.012999999999,5,77.8950000000114,0,0,5,77.8950000000114,3,245.278000000006,0,0,0,0,7,106.793000000012,0,0,375.460000000021,80,22,52,16,16,55,16,43,918.507799846638,404.806000000026,7,5,74.1319999999978,2,"2",39.1320764833885,21.6322420722258,26.8366137649813
"G59_1","000724CB56",6.13400000000547,3,182.574999999997,7,5.72799999999552,1,176.847000000002,6,0,0,0,0,0,0,0,0,2.90499999999884,3,0,0,0,0,0,0,7,182.574999999997,0,0,0,0,6,176.847000000002,3,144.965999999993,4,37.609000000004,0,0,1,13.4270000000033,2,18.4540000000052,0,0,0,0,210.430999999975,45,39,0,38,39,0,38,40,1068.42435747851,237.864999999962,12,5,141.171000000002,5,"3",39.0940915679032,22.9851291767051,26.8366137649813
"G59_1","000724D2B0",1.07100000000355,1,27.7190000000046,1,0,0,27.7190000000046,1,0,0,11.4990000000034,2,0,0,0,0,1.70300000000134,4,0,0,0,0,11.4990000000034,2,1,27.7190000000046,2,11.4990000000034,0,0,1,27.7190000000046,1,27.7190000000046,0,0,0,0,0,0,0,0,0,0,0,0,48.346000000005,10,5,2,5,5,2,5,32,680.566850541188,202.840000000018,4,3,72.6889999999985,1,NA,NA,NA,NA
"G59_1","000724D4E5",0,0,54.114999999998,4,8.68499999999767,1,45.4300000000003,3,6.05099999999948,1,15.1349999999948,4,7.03899999999703,2,0,0,10.8149999999951,6,0,0,0,0,3.46600000000035,1,4,54.114999999998,4,15.1349999999948,0,0,3,45.4300000000003,1,16.198000000004,3,37.916999999994,0,0,1,24.0040000000008,1,8.68499999999767,0,0,0,0,91.9620000000068,19,12,3,9,11,3,9,46,1177.81522231569,287.034999999996,8,7,77.0369999999966,3,NA,NA,NA,NA
"G59_1","000724EB89",4.0989999999947,3,0,0,0,0,0,0,26.3070000000007,1,208.279000000002,6,113.165000000001,3,113.165000000001,3,0,0,0,0,0,0,87.4910000000018,2,0,0,6,208.279000000002,0,0,0,0,0,0,0,0,1,7.62299999999959,0,0,0,0,1,15.4239999999991,0,0,41.3379999999888,8,5,44,0,0,44,0,39,1047.88036692735,345.350999999981,9,3,106.945,4,NA,NA,NA,NA
"G59_2","000724B6DB",3.44600000001083,3,0,0,0,0,0,0,0,0,95.4110000000073,7,83.8020000000033,5,73.9180000000051,4,0,0,0,0,0,0,11.609000000004,2,0,0,7,95.4110000000073,0,0,0,0,0,0,0,0,0,0,0,0,0,0,0,0,0,0,12.1010000000097,2,0,20,0,0,20,0,32,592.221497662821,136.034000000036,3,2,642.639999999999,6,"1",27.6465005935514,62.6683308260212,50.8518178409428
"G59_2","000724C0B5",2.48400000000402,1,5.78900000000431,1,5.78900000000431,1,0,0,0,0,109.086999999992,6,35.4719999999943,2,35.4719999999943,2,0,0,0,0,0,0,73.614999999998,4,1,5.78900000000431,6,109.086999999992,1,5.78900000000431,0,0,0,0,1,5.78900000000431,0,0,0,0,0,0,0,0,0,0,11.0819999999949,2,1,23,0,1,24,0,42,984.233506314711,271.258000000016,6,4,405.917000000001,4,"2",27.6465005935514,59.2283017277474,56.1002487271712
"G59_2","000724CB56",11.1920000000027,4,0,0,0,0,0,0,35.2219999999943,1,12.3280000000013,1,0,0,0,0,1.48199999999633,1,0,0,0,0,12.3280000000013,1,0,0,1,12.3280000000013,0,0,0,0,0,0,0,0,0,0,0,0,0,0,0,0,0,0,7.8640000000014,1,7,2,0,0,2,0,35,958.710094748827,256.823000000011,10,4,82.1129999999976,1,"3",25.0290364550108,62.6683308260212,56.1002487271712
"G59_2","000724D2B0",3.6449999999968,2,6.55199999999604,1,6.55199999999604,1,0,0,0,0,0,0,0,0,0,0,0,0,0,0,0,0,0,0,1,6.55199999999604,0,0,0,0,0,0,0,0,1,6.55199999999604,0,0,0,0,0,0,0,0,0,0,10.1169999999984,2,1,0,0,1,0,0,11,273.244404135598,21.2419999999911,4,1,452.137999999999,5,NA,NA,NA,NA
"G59_2","000724D4E5",3.20899999999529,1,0,0,0,0,0,0,0,0,11.3889999999956,3,11.3889999999956,3,0,0,7.55199999999604,2,0,0,0,0,0,0,0,0,3,11.3889999999956,0,0,0,0,0,0,0,0,0,0,0,0,0,0,0,0,0,0,24.760000000002,5,0,2,0,0,2,0,26,765.562980245168,65.5290000000095,5,2,382.949000000001,3,NA,NA,NA,NA
"G59_2","000724EB89",4.82800000000134,3,0,0,0,0,0,0,0,0,0,0,0,0,0,0,0,0,0,0,0,0,0,0,0,0,0,0,0,0,0,0,0,0,0,0,0,0,0,0,0,0,0,0,0,0,12.1810000000041,2,0,0,0,0,0,0,18,583.382280894423,27.3080000000045,6,0,381.716999999997,2,NA,NA,NA,NA
"G6_1","000724C16B",2.25400000000081,1,58.4079999999958,1,0,0,58.4079999999958,1,106.479000000007,3,89.4879999999976,2,15.2149999999965,1,15.2149999999965,1,0,0,0,0,0,0,74.273000000001,1,1,58.4079999999958,2,89.4879999999976,0,0,1,58.4079999999958,1,58.4079999999958,0,0,0,0,0,0,0,0,0,0,0,0,201.548999999999,43,35,19,12,12,19,12,15,278.180505169498,209.195000000014,3,2,46.0480000000025,2,"1",55.6630969325623,44.6022700371808,40.4750436024011
"G6_1","000724C37F",6.36500000000524,3,107.661999999997,4,10.8340000000026,1,96.8279999999941,3,95.8160000000062,1,49.0049999999974,1,0,0,0,0,0,0,0,0,0,0,49.0049999999974,1,4,107.661999999997,1,49.0049999999974,0,0,3,96.8279999999941,2,41.6419999999998,2,66.0199999999968,1,49.0049999999974,0,0,2,112.077000000005,1,49.7589999999982,0,0,258.385999999999,55,43,10,20,23,10,20,18,420.259285769214,267.936000000009,6,3,42.1920000000027,1,"2",55.6630969325623,49.1099457758782,43.14984028382
"G6_1","000724D725",6.41999999999825,2,87.752999999997,2,5.9519999999975,1,81.8009999999995,1,0,0,172.211000000003,2,105.663,1,105.663,1,0,0,0,0,0,0,0,0,2,87.752999999997,2,172.211000000003,0,0,1,81.8009999999995,0,0,2,87.752999999997,0,0,1,81.8009999999995,0,0,0,0,0,0,88.7150000000038,19,18,37,17,18,37,17,17,423.741201604341,337.975000000006,8,6,53.1209999999992,5,"3",59.8743501435727,44.6022700371808,43.14984028382
"G6_1","000724E4F4",16.6260000000111,6,138.372000000003,3,51.3110000000015,2,87.0610000000015,1,25.773000000001,1,0,0,0,0,0,0,0,0,0,0,0,0,0,0,3,138.372000000003,0,0,0,0,1,87.0610000000015,2,51.3110000000015,1,87.0610000000015,0,0,0,0,2,112.834000000003,0,0,0,0,170.637999999999,36,35,0,18,29,0,18,22,564.881854722409,203.082000000017,8,4,49.7249999999985,4,NA,NA,NA,NA
"G6_1","000724FA70",11.890999999996,6,26.0769999999975,2,5.68799999999464,1,20.3890000000029,1,7.47899999999936,1,102.116000000002,3,5.55299999999988,1,0,0,5.70099999999366,7,0,0,0,0,96.5630000000019,2,2,26.0769999999975,3,102.116000000002,0,0,1,20.3890000000029,0,0,2,26.0769999999975,1,47.362000000001,0,0,0,0,1,20.3890000000029,0,0,121.176999999974,26,7,21,4,5,21,4,80,2076.06079613567,285.551999999974,17,7,57.0069999999978,6,NA,NA,NA,NA
"G6_1","000724FE72",6.291999999994,3,25.2620000000024,3,7.74399999999878,1,17.5180000000037,2,32.9170000000013,2,42.7430000000095,5,16.6900000000023,3,10.9550000000017,1,5.79200000000856,5,0,0,0,0,26.0530000000072,2,3,25.2620000000024,5,42.7430000000095,0,0,2,17.5180000000037,0,0,3,25.2620000000024,0,0,2,17.5180000000037,0,0,0,0,0,0,47.8780000000115,10,12,9,3,5,9,3,71,1886.82515086495,228.429000000026,13,7,49.5239999999976,3,NA,NA,NA,NA
"G6_2","000724C16B",0,0,0,0,0,0,0,0,0,0,0,0,0,0,0,0,0,0,0,0,0,0,0,0,0,0,0,0,0,0,0,0,0,0,0,0,0,0,0,0,0,0,0,0,0,0,0.801999999996042,0,0,0,0,0,0,0,1,0,0.801999999996042,0,0,NA,NA,"1",NA,NA,NA
"G6_2","000724D725",0,0,0,0,0,0,0,0,0,0,0,0,0,0,0,0,0,0,0,0,0,0,0,0,0,0,0,0,0,0,0,0,0,0,0,0,0,0,0,0,0,0,0,0,0,0,0.430999999996857,0,0,0,0,0,0,0,1,0,0.430999999996857,0,0,NA,NA,"2",NA,NA,NA
"G6_2","000724FA70",7.49899999999616,3,5.64800000000105,1,5.64800000000105,1,0,0,0,0,0,0,0,0,0,0,0,0,0,0,0,0,0,0,1,5.64800000000105,0,0,0,0,0,0,0,0,1,5.64800000000105,0,0,0,0,0,0,0,0,0,0,11.4920000000056,2,1,0,0,1,0,0,9,386.717913216599,24.9120000000039,6,2,683.290999999997,1,"3",NA,NA,NA
"G6_2","000724FE72",1.91700000000128,1,0,0,0,0,0,0,0,0,0,0,0,0,0,0,0,0,0,0,0,0,0,0,0,0,0,0,0,0,0,0,0,0,0,0,0,0,0,0,0,0,0,0,0,0,0,NA,0,0,0,0,0,0,3,37.1361010338996,2.85899999999674,0,0,NA,NA,NA,NA,NA,NA
"G60_1","000724D1F9",7.74500000000262,4,99.0910000000003,5,0,0,99.0910000000003,5,0,0,13.211000000003,1,0,0,0,0,0,0,0,0,0,0,13.211000000003,1,5,99.0910000000003,1,13.211000000003,0,0,5,99.0910000000003,0,0,5,99.0910000000003,1,13.211000000003,1,14.5,0,0,1,35.1260000000038,3,49.4649999999965,140.27800000002,30,21,2,21,21,2,21,76,2569.27839786081,449.758000000031,17,10,77.2350000000006,2,"1",34.9059015226387,37.9111629454705,25.3587013096145
"G60_1","000724D429",2.45500000000175,2,185.743000000009,7,9.76800000000367,1,175.975000000006,6,20.4850000000006,1,110.716,4,71.887999999999,2,20.4850000000006,1,0,0,0,0,0,0,38.8280000000013,2,7,185.743000000009,4,110.716,1,12.4170000000013,6,175.975000000006,3,87.807000000008,4,97.9360000000015,1,34.0970000000016,1,12.4170000000013,3,137.742999999995,1,9.89600000000064,0,0,307.56700000001,66,44,23,37,39,26,37,45,998.799137771481,354.090000000011,11,8,82.5650000000023,4,"2",34.9059015226387,26.9136108335066,24.3148184793699
"G60_1","000724DE76",15.2150000000038,6,47.3170000000027,3,31.5599999999977,2,15.7570000000051,1,0,0,39.8739999999962,4,10.6600000000035,2,0,0,10.0480000000025,4,7.06399999999849,1,0,0,29.2139999999927,2,3,47.3170000000027,4,39.8739999999962,0,0,1,15.7570000000051,1,23.3179999999993,2,23.9990000000034,1,12.5349999999962,1,15.7570000000051,1,16.6789999999964,1,8.24199999999837,0,0,129.724000000009,27,10,8,3,10,8,3,47,1022.44370233682,185.842000000019,14,7,79.4089999999997,3,"3",34.0035989532275,37.9111629454705,24.3148184793699
"G60_1","000724E390",12.2749999999942,6,213.607000000011,11,32.2400000000052,3,181.367000000006,8,50.390999999996,2,49.1500000000015,1,49.1500000000015,1,0,0,0.611000000004424,1,0,0,1.85399999999936,1,0,0,11,213.607000000011,1,49.1500000000015,0,0,8,181.367000000006,3,62.3220000000001,8,151.285000000011,0,0,0,0,9,204.652000000009,0,0,0,0,306.266000000018,65,56,10,38,45,10,38,69,1494.39775600433,537.551000000014,19,11,66.1659999999974,1,NA,NA,NA,NA
"G60_1","000724F655",12.0950000000012,4,68.7269999999917,3,17.525999999998,1,51.2009999999937,2,18.2430000000095,2,48.1580000000031,2,14.7150000000038,1,0,0,0,0,14.7150000000038,1,0,0,33.4429999999993,1,3,68.7269999999917,2,48.1580000000031,1,17.525999999998,2,51.2009999999937,0,0,3,68.7269999999917,0,0,2,63.5899999999965,0,0,0,0,2,11.3389999999999,98.1500000000087,21,18,10,11,14,14,11,44,962.375891972612,257.613000000012,10,5,170.284,6,NA,NA,NA,NA
"G60_1","00072501AB",2.67500000000291,2,0,0,0,0,0,0,16.1129999999976,1,98.7019999999902,9,59.0339999999997,5,13.8000000000029,1,0,0,0,0,0,0,39.6679999999906,4,0,0,9,98.7019999999902,0,0,0,0,0,0,0,0,2,22.1419999999925,0,0,0,0,2,26.1919999999955,0,0,118.768999999993,25,3,21,0,0,21,0,17,371.794461626612,121.443999999996,6,4,119.177000000003,5,NA,NA,NA,NA
"G60_2","000724D1F9",11.9000000000015,3,0,0,0,0,0,0,0,0,0,0,0,0,0,0,0,0,0,0,0,0,0,0,0,0,0,0,0,0,0,0,0,0,0,0,0,0,0,0,0,0,0,0,0,0,7.58100000000559,1,0,0,0,0,0,0,7,252.549362890867,19.481000000007,5,0,58.1730000000025,6,"1",32.0822770388886,26.1107590129629,32.2
"G60_2","000724D429",4.0460000000021,1,0,0,0,0,0,0,0,0,0,0,0,0,0,0,0,0,0,0,0.351000000002387,1,0,0,0,0,0,0,0,0,0,0,0,0,0,0,0,0,0,0,0,0,0,0,0,0,8.72299999999814,1,0,0,0,0,0,0,9,291.948617388009,16.8139999999985,4,0,51.112000000001,4,"2",32.0822770388886,32.0822770388886,34.5581246342618
"G60_2","000724DE76",5.50999999999476,2,60.7719999999972,3,6.36999999999534,1,54.4020000000019,2,44.372000000003,1,76.4089999999997,5,28.2180000000008,4,0,0,0.5,1,18.5710000000036,2,0.610000000000582,1,48.1909999999989,1,3,60.7719999999972,5,76.4089999999997,0,0,2,54.4020000000019,1,46.7180000000008,2,14.0539999999964,0,0,0,0,6,124.496000000006,0,0,0,0,199.264000000003,42,22,16,11,13,16,11,42,1251.14719589345,237.234000000019,10,3,40.2189999999973,3,"3",32.0822770388886,26.1107590129629,34.5581246342618
"G60_2","000724E390",1.06199999999808,1,0,0,0,0,0,0,0,0,1.96300000000338,1,1.96300000000338,1,0,0,0,0,0,0,0,0,0,0,0,0,1,1.96300000000338,0,0,0,0,0,0,0,0,0,0,0,0,0,0,0,0,0,0,11.6879999999874,2,0,0,0,0,0,0,20,744.076038945343,28.2699999999822,4,1,51.762999999999,5,NA,NA,NA,NA
"G60_2","000724F655",1.36199999999371,1,0,0,0,0,0,0,5.93300000000454,1,8.10600000000704,2,5.93300000000454,1,0,0,0,0,0,0,0,0,2.1730000000025,1,0,0,2,8.10600000000704,0,0,0,0,0,0,0,0,0,0,0,0,0,0,0,0,0,0,0,NA,1,1,0,0,1,0,13,280.250621463754,129.545000000013,5,3,31.4150000000009,1,NA,NA,NA,NA
"G60_2","00072501AB",1.6929999999993,1,0,0,0,0,0,0,0,0,111.226000000002,6,111.226000000002,6,9.15899999999965,1,0,0,8.95500000000175,1,0,0,0,0,0,0,6,111.226000000002,0,0,0,0,0,0,0,0,0,0,0,0,0,0,0,0,0,0,111.686999999998,24,0,23,0,0,23,0,9,92.7722020677992,113.811999999991,1,1,33.1080000000002,2,NA,NA,NA,NA
"G61_2","000724C377",4.61999999999898,1,0,0,0,0,0,0,0,0,0,0,0,0,0,0,0,0,0,0,0,0,0,0,0,0,0,0,0,0,0,0,0,0,0,0,0,0,0,0,0,0,0,0,0,0,0,NA,0,0,0,0,0,0,1,0,4.61999999999898,1,0,NA,NA,"1",NA,NA,NA
"G61_2","000724FC73",0,0,0,0,0,0,0,0,0,0,0,0,0,0,0,0,0,0,0,0,0,0,0,0,0,0,0,0,0,0,0,0,0,0,0,0,0,0,0,0,0,0,0,0,0,0,0,NA,0,0,0,0,0,0,1,0,5.7599999999984,1,1,339.022000000001,1,"2",NA,NA,NA
"G63_1","000724F217",6.32700000000477,2,0,0,0,0,0,0,0,0,0,0,2.73800000000483,1,0,0,0,0,0,0,0,0,0,0,0,0,0,0,0,0,0,0,0,0,0,0,0,0,0,0,0,0,0,0,0,0,2.5769999999975,0,0,0,0,0,0,0,11,199.040252584749,19.0590000000084,3,0,787.074999999997,2,"1",21.0774958029944,NA,NA
"G63_1","000724FC73",4.24200000000201,3,0,0,0,0,0,0,0,0,0,0,0,0,0,0,0.511000000005879,1,0,0,0,0,0,0,0,0,0,0,0,0,0,0,0,0,0,0,0,0,0,0,0,0,0,0,0,0,29.6049999999923,6,0,0,0,0,0,0,39,985.433555844623,77.8639999999868,9,3,101.888999999999,1,"2",21.0774958029944,NA,NA
"G63_2","000724F217",17.6090000000004,7,0,0,0,0,0,0,0,0,0,0,0,0,0,0,0,0,0,0,0,0,0,0,0,0,0,0,0,0,0,0,0,0,0,0,0,0,0,0,0,0,0,0,0,0,14.3710000000065,3,0,0,0,0,0,0,27,509.030832725336,83.2539999999935,10,3,337.544000000002,2,"1",18.6534431905506,NA,NA
"G63_2","000724FC73",12.8849999999984,7,0,0,0,0,0,0,0,0,0,0,18.0190000000002,5,0,0,0,0,0,0,2.52699999999459,1,0,0,0,0,0,0,0,0,2,20.2870000000039,0,0,0,0,0,0,0,0,0,0,0,0,0,0,76.8800000000047,16,0,0,0,0,0,4,84,2148.17323912236,377.322999999968,21,5,166.431,1,"2",18.6534431905506,NA,NA
"G64_1","000724B965",10.4800000000032,4,9.66600000000471,1,9.66600000000471,1,0,0,0,0,59.1599999999889,8,59.1599999999889,8,35.7569999999905,3,0,0,0,0,3.90499999999884,1,0,0,1,9.66600000000471,8,59.1599999999889,0,0,0,0,0,0,1,9.66600000000471,2,25.7029999999941,0,0,0,0,0,0,0,0,59.7339999999967,12,2,12,0,2,12,0,33,758.487438719268,131.856,13,7,157.720999999998,4,"1",26.8324829936068,18.8703234563168,NA
"G64_1","000724C2D7",1.2609999999986,1,5.89699999999721,1,0,0,5.89699999999721,1,0,0,0,0,0,0,0,0,0,0,0,0,0,0,0,0,1,5.89699999999721,0,0,0,0,1,5.89699999999721,0,0,1,5.89699999999721,0,0,1,5.89699999999721,0,0,0,0,0,0,10.3740000000034,2,1,0,1,1,0,1,7,111.204151550849,38.4470000000074,4,3,386.017999999996,6,"2",26.8324829936068,NA,NA
"G64_1","000724D4E8",2.92399999999907,2,23.1940000000104,3,23.1940000000104,3,0,0,9.00200000000041,1,0,0,0,0,0,0,0,0,0,0,0,0,0,0,3,23.1940000000104,0,0,0,0,0,0,0,0,3,23.1940000000104,0,0,0,0,0,0,0,0,0,0,34.7280000000173,7,6,0,0,4,0,0,21,478.745017638251,62.4900000000125,5,4,140.974999999999,3,"3",NA,18.8703234563168,NA
"G64_1","000724DF31",4.27400000000489,2,0,0,0,0,0,0,0,0,4.48599999999715,1,4.48599999999715,1,0,0,0,0,0,0,0,0,0,0,0,0,1,4.48599999999715,0,0,0,0,0,0,0,0,0,0,0,0,0,0,0,0,0,0,5.88699999998789,1,0,0,0,0,0,0,18,428.162740599362,54.5719999999783,4,4,57.0149999999994,2,NA,NA,NA,NA
"G64_1","000724E0AA",18.4820000000036,6,60.4069999999992,6,47.0529999999999,4,13.3539999999994,2,0,0,9.87900000000081,2,6.33099999999831,1,6.33099999999831,1,0,0,0,0,0,0,3.5480000000025,1,6,60.4069999999992,2,9.87900000000081,0,0,2,13.3539999999994,2,32.6710000000021,4,27.7359999999971,0,0,0,0,2,11.5,0,0,0,0,100.589999999982,21,12,2,2,12,2,2,41,835.462065983992,209.843999999997,15,10,50.2830000000031,1,NA,NA,NA,NA
"G64_1","000724FE77",0,0,0,0,0,0,0,0,0,0,0,0,0,0,0,0,0,0,0,0,0,0,0,0,0,0,0,0,0,0,0,0,0,0,0,0,0,0,0,0,0,0,0,0,0,0,6.2589999999982,1,0,0,0,0,0,0,8,161.786428589738,33.7719999999827,4,2,212.650000000001,5,NA,NA,NA,NA
"G64_2","000724B965",9.74599999999919,3,0,0,0,0,0,0,0,0,19.8689999999988,2,14.8329999999987,1,14.8329999999987,1,0,0,0,0,0.521999999997206,1,0,0,0,0,2,19.8689999999988,0,0,0,0,0,0,0,0,0,0,0,0,0,0,0,0,0,0,34.5910000000076,7,0,4,0,0,4,0,31,761.280009602033,110.612000000016,13,6,632.997000000003,4,"1",26.3123763791455,66.9719732087449,34.0399835704051
"G64_2","000724C2D7",6.79200000000128,3,6.70900000000256,1,6.70900000000256,1,0,0,0,0,42.2940000000017,3,38.4979999999996,1,38.4979999999996,1,2.2039999999979,1,0,0,0,0,1.59200000000419,1,1,6.70900000000256,3,42.2940000000017,1,6.70900000000256,0,0,0,0,1,6.70900000000256,0,0,0,0,0,0,0,0,0,0,45.2070000000022,9,1,9,0,1,10,0,8,223.073906641344,63.7610000000059,5,3,633.288,5,"2",26.3123763791455,36.6211065942438,55.3940726794775
"G64_2","000724D4E8",21.1579999999958,9,7.91600000000471,1,7.91600000000471,1,0,0,0,0,0,0,0,0,0,0,0,0,0,0,0,0,0,0,1,7.91600000000471,0,0,0,0,0,0,0,0,1,7.91600000000471,0,0,0,0,0,0,0,0,0,0,42.0250000000087,9,1,0,0,1,0,0,59,1336.08485018599,110.623000000021,18,3,486.262000000002,2,"3",26.1953670112999,66.9719732087449,55.3940726794775
"G64_2","000724DF31",7.90399999999499,2,6.69900000000052,1,6.69900000000052,1,0,0,0,0,0,0,0,0,0,0,0,0,0,0,0,0,0,0,1,6.69900000000052,0,0,0,0,0,0,0,0,1,6.69900000000052,0,0,0,0,0,0,0,0,0,0,11.2260000000024,2,1,0,0,1,0,0,6,140.857705481035,36.7239999999947,6,3,832.099000000002,6,NA,NA,NA,NA
"G64_2","000724E0AA",19.1059999999998,7,0,0,0,0,0,0,9.54400000000169,1,26.5379999999932,2,0,0,0,0,0,0,0,0,0,0,26.5379999999932,2,0,0,2,26.5379999999932,0,0,0,0,0,0,0,0,0,0,0,0,0,0,0,0,0,0,33.74099999998,7,2,5,0,0,5,0,18,382.584615111323,81.9349999999758,10,3,622.262999999999,3,NA,NA,NA,NA
"G64_2","000724FE77",2.70300000000134,1,0,0,0,0,0,0,8.53399999999965,1,13.3830000000016,1,13.3830000000016,1,0,0,0,0,0,0,0,0,0,0,0,0,1,13.3830000000016,0,0,0,0,0,0,0,0,0,0,0,0,0,0,0,0,0,0,33.7129999999961,7,1,2,0,0,2,0,17,409.545017638251,107.532000000007,10,5,199.248,1,NA,NA,NA,NA
"G65_1","000724CD8E",0,0,18.1209999999992,1,18.1209999999992,1,0,0,0,0,0,0,0,0,0,0,0,0,0,0,0,0,0,0,1,18.1209999999992,0,0,0,0,0,0,1,18.1209999999992,0,0,0,0,0,0,0,0,0,0,0,0,26.7599999999948,5,3,0,0,3,0,0,4,55.5,26.7599999999948,2,1,384.637000000002,2,"1",NA,15.7934221652544,NA
"G65_1","000724F217",1.95200000000477,1,0,0,0,0,0,0,0,0,0,0,0,0,0,0,0,0,0,0,0,0,0,0,0,0,0,0,0,0,0,0,0,0,0,0,0,0,0,0,0,0,0,0,0,0,6.08099999999831,1,0,0,0,0,0,0,7,170.382932150565,8.90499999999884,1,0,561.904000000002,3,"2",NA,NA,39.3870651327348
"G65_1","000724FC73",15.4810000000143,7,7.72299999999814,1,7.72299999999814,1,0,0,0,0,6.52100000000064,1,6.52100000000064,1,0,0,0,0,0,0,1.49000000000524,1,0,0,1,7.72299999999814,1,6.52100000000064,0,0,0,0,0,0,1,7.72299999999814,1,6.52100000000064,0,0,0,0,0,0,0,0,31.8449999999866,6,1,1,0,1,1,0,29,705.161760289013,89.1610000000073,7,3,76.2459999999992,1,"3",NA,15.7934221652544,39.3870651327348
"G65_2","000724C225",3.00700000000506,1,0,0,0,0,0,0,0,0,0,0,0,0,0,0,0,0,0,0,0,0,0,0,0,0,0,0,0,0,0,0,0,0,0,0,0,0,0,0,0,0,0,0,0,0,0,NA,0,0,0,0,0,0,2,18.5,5.11200000000827,2,0,650.349999999999,5,"1",18.5680505169498,NA,NA
"G65_2","000724CD8E",4.34999999999854,1,0,0,0,0,0,0,68.205999999991,2,0,0,0,0,0,0,0,0,0,0,0,0,0,0,0,0,0,0,0,0,0,0,0,0,0,0,0,0,0,0,0,0,0,0,0,0,48.6229999999996,10,14,0,0,0,0,0,13,217.626681174487,235.517999999989,6,5,420.904999999999,3,"2",18.5680505169498,NA,30.7609132407067
"G65_2","000724F217",5.38800000000629,3,0,0,0,0,0,0,5.36000000000058,1,17.6489999999976,3,17.6489999999976,3,6.30999999999767,1,5.35499999999593,5,0,0,0,0,0,0,0,0,3,17.6489999999976,0,0,0,0,0,0,0,0,1,9.01699999999983,0,0,0,0,1,6.15999999999622,0,0,59.4340000000084,12,1,3,0,0,3,0,65,1576.54904741086,148.326000000015,10,4,576.036,4,"3",NA,NA,30.7609132407067
"G65_2","000724FA69",2.04299999999785,1,8.02500000000146,1,0,0,8.02500000000146,1,0,0,18.5570000000007,1,0,0,0,0,0,0,0,0,0,0,18.5570000000007,1,1,8.02500000000146,1,18.5570000000007,0,0,1,8.02500000000146,0,0,1,8.02500000000146,0,0,0,0,0,0,0,0,0,0,17.8919999999998,3,1,3,1,1,3,1,11,167.044404135598,64.6430000000037,5,3,127.944000000003,2,NA,NA,NA,NA
"G65_2","000724FC73",19.801999999996,10,163.784999999996,2,0,0,163.784999999996,2,115.275000000001,1,124.829999999994,3,124.829999999994,3,0,0,0.171000000002095,1,121.633999999998,2,0,0,0,0,2,163.784999999996,3,124.829999999994,2,163.784999999996,2,163.784999999996,1,68.650999999998,1,95.1339999999982,0,0,0,0,2,210.409,0,0,0,0,322.357999999986,69,59,26,35,35,62,35,69,1730.29151964877,395.196999999971,9,4,69.1100000000006,1,NA,NA,NA,NA
"G66_1","000724B965",8.125,4,0,0,0,0,0,0,0,0,0,0,0,0,0,0,0,0,0,0,0,0,0,0,0,0,0,0,0,0,0,0,0,0,0,0,0,0,0,0,0,0,0,0,0,0,38.2219999999943,8,0,0,0,0,0,0,17,353.167983221104,60.541999999994,8,4,125.148999999998,3,"1",22.2340252584749,18.5340252584749,NA
"G66_1","000724C2D7",0,0,0,0,0,0,0,0,0,0,0,0,0,0,0,0,0,0,0,0,0,0,0,0,0,0,0,0,0,0,0,0,0,0,0,0,0,0,0,0,0,0,0,0,0,0,0,NA,0,0,0,0,0,0,1,0,14.0749999999971,1,1,118.677000000003,2,"2",22.2340252584749,NA,NA
"G66_1","000724D4E8",3.0769999999975,2,0,0,0,0,0,0,0,0,6.67000000000553,1,0,0,0,0,0,0,0,0,0,0,6.67000000000553,1,0,0,1,6.67000000000553,0,0,0,0,0,0,0,0,0,0,0,0,0,0,0,0,0,0,20.856000000007,4,0,1,0,0,1,0,10,239.886428589738,31.4449999999997,6,2,646.059999999998,4,"3",NA,18.5340252584749,NA
"G66_1","000724E0AA",11.3780000000042,4,0,0,0,0,0,0,0,0,0,0,0,0,0,0,0,0,0,0,0,0,0,0,0,0,0,0,0,0,0,0,0,0,0,0,0,0,0,0,0,0,0,0,0,0,24.9839999999967,5,0,0,0,0,0,0,13,222.612454652548,41.7609999999986,8,1,79.4300000000003,1,NA,NA,NA,NA
"G66_2","000724B965",6.55899999999383,3,0,0,0,0,0,0,5.43899999999849,1,0,0,56.2650000000067,6,9.87700000000041,1,3.35700000000361,2,0,0,0,0,79.195000000007,3,0,0,0,0,0,0,4,51.7439999999988,0,0,0,0,0,0,0,0,0,0,0,0,0,0,168.094999999994,36,1,0,0,0,0,11,106,2379.97365285325,486.961999999978,20,16,102.673999999999,4,"1",35.0676985111196,33.6177016521431,22.2754855317309
"G66_2","000724C2D7",11.5920000000115,6,0,0,0,0,0,0,37.8069999999934,3,0,0,226.010999999999,5,0,0,8.30499999999302,3,0,0,0,0,15.3850000000093,2,0,0,0,0,0,0,2,19.5889999999999,0,0,0,0,0,0,0,0,0,0,0,0,0,0,90.5240000000194,19,8,0,0,0,0,4,53,1067.98653314675,531.243000000024,12,11,97.0650000000023,3,"2",35.0676985111196,31.8201573075588,24.0899597652273
"G66_2","000724D4E8",6.8640000000014,5,64.9970000000103,2,5.35700000000361,1,59.6400000000067,1,155.528000000006,1,30.4239999999991,4,5.09300000000076,1,0,0,5.09300000000076,1,0,0,0,0,25.3309999999983,3,2,64.9970000000103,4,30.4239999999991,0,0,1,59.6400000000067,0,0,2,64.9970000000103,1,17.4199999999983,1,59.6400000000067,0,0,0,0,1,155.528000000006,294.000999999967,63,47,6,12,13,6,12,98,2075.70650221824,530.059999999939,18,11,71.010000000002,2,"3",38.4540986472263,33.6177016521431,24.0899597652273
"G66_2","000724DF31",20.0139999999956,6,104.597999999998,6,5.49799999999959,1,99.0999999999985,5,32.648000000001,3,41.5480000000098,6,19.0820000000022,3,0,0,1.59300000000076,2,0,0,0,0,22.4660000000076,3,6,104.597999999998,6,41.5480000000098,0,0,5,99.0999999999985,2,41.5849999999991,4,63.012999999999,0,0,1,38.9949999999953,4,30.3190000000031,0,0,1,9.0460000000021,159.255000000005,34,29,8,21,22,8,21,74,1503.48075694294,383.642000000036,12,9,149.790000000001,5,NA,NA,NA,NA
"G66_2","000724E0AA",14.2649999999921,6,0,0,0,0,0,0,144.425999999999,6,0,0,35.6520000000019,2,22.2459999999992,1,0,0,0,0,0,0,14.4400000000023,1,0,0,0,0,0,0,10,177.746999999996,0,0,0,0,0,0,0,0,0,0,0,0,0,0,313.216999999997,67,31,0,0,0,0,38,83,1531.96054869296,638.297999999988,17,15,67.6549999999988,1,NA,NA,NA,NA
"G66_2","000724FE77",9.34399999999732,5,58.7090000000098,5,18.648000000001,1,40.0610000000088,4,16.2949999999983,2,45.3600000000006,4,5.68699999999808,1,5.68699999999808,1,0,0,0,0,0,0,39.6730000000025,3,5,58.7090000000098,4,45.3600000000006,0,0,4,40.0610000000088,2,32.0660000000062,3,26.6430000000037,0,0,0,0,4,33.1830000000045,0,0,0,0,88.5760000000082,19,16,9,8,12,9,8,70,1434.91983446217,480.087999999974,15,11,198.614000000001,6,NA,NA,NA,NA
"G67_1","000724C377",3.55500000000757,2,0,0,0,0,0,0,0,0,0,0,0,0,0,0,0,0,0,0,0,0,0,0,0,0,0,0,0,0,0,0,0,0,0,0,0,0,0,0,0,0,0,0,0,0,9.37100000000646,2,0,0,0,0,0,0,8,157.122529623638,15.3920000000144,3,0,66.7309999999998,2,"1",18.5680505169498,18.5680505169498,NA
"G67_1","000724F217",5.87999999999738,2,0,0,0,0,0,0,0,0,0,0,0,0,0,0,0,0,0,0,0,0,0,0,0,0,0,0,0,0,0,0,0,0,0,0,0,0,0,0,0,0,0,0,0,0,8.61499999999069,1,0,0,0,0,0,0,16,372.576312009624,19.8229999999821,4,0,322.635000000002,3,"2",18.5680505169498,NA,NA
"G67_1","000724FA69",1.06300000000192,1,0,0,0,0,0,0,0,0,0,0,0,0,0,0,0,0,0,0,0,0,0,0,0,0,0,0,0,0,0,0,0,0,0,0,0,0,0,0,0,0,0,0,0,0,0,NA,0,0,0,0,0,0,1,0,1.06300000000192,0,0,NA,NA,"3",NA,18.5680505169498,NA
"G67_1","000724FC73",2.49399999999878,1,0,0,0,0,0,0,0,0,1.77499999999418,1,0,0,0,0,0,0,0,0,0,0,1.77499999999418,1,0,0,1,1.77499999999418,0,0,0,0,0,0,0,0,0,0,0,0,0,0,0,0,0,0,6.64399999999296,1,0,0,0,0,0,0,12,281.872202067799,16.4619999999995,3,0,57.8580000000002,1,NA,NA,NA,NA
"G67_2","000724C225",4.01499999999942,1,0,0,0,0,0,0,0,0,45.474000000002,3,45.474000000002,3,0,0,0.610999999997148,1,0,0,0,0,0,0,0,0,3,45.474000000002,0,0,0,0,0,0,0,0,1,6.16900000000169,0,0,0,0,0,0,0,0,24.3919999999998,5,0,9,0,0,9,0,23,469.703491562861,123.245999999999,11,7,300.923000000003,6,"1",27.4554199573015,30.4044604525761,48.1416492985435
"G67_2","000724C377",13.3130000000019,6,49.1429999999964,4,49.1429999999964,4,0,0,0,0,27.0610000000015,3,14.9239999999991,1,0,0,2.02300000000105,2,14.9239999999991,1,0,0,12.1370000000024,2,4,49.1429999999964,3,27.0610000000015,1,23.7350000000006,0,0,2,33.9650000000038,2,15.1779999999926,1,14.9239999999991,0,0,0,0,1,7.6710000000021,0,0,108.712000000014,23,10,5,0,10,10,0,60,1337.6270011558,336.996000000028,23,16,61.8580000000002,2,"2",27.4554199573015,34.6104722564835,44.0912618294231
"G67_2","000724CD8E",14.3290000000052,6,32.247000000003,3,18.6150000000052,1,13.6319999999978,2,0,0,44.0340000000069,4,30.6010000000024,2,23.6310000000012,1,4.06500000000233,1,0,0,0,0,13.4330000000045,2,3,32.247000000003,4,44.0340000000069,0,0,2,13.6319999999978,1,18.6150000000052,2,13.6319999999978,0,0,0,0,2,17.1000000000058,0,0,0,0,82.7099999999991,17,6,9,2,6,9,2,62,1424.11227126905,334.622000000003,17,9,217.824999999997,4,"3",24.9675536682855,30.4044604525761,44.0912618294231
"G67_2","000724F217",10.127000000015,5,74.226999999999,2,6.9320000000007,1,67.2949999999983,1,121.942999999992,3,38.5229999999938,7,36.5089999999982,6,10.4569999999949,1,11.580999999991,10,7.1510000000053,1,1.95200000000477,2,2.01399999999558,1,2,74.226999999999,7,38.5229999999938,0,0,1,67.2949999999983,1,67.2949999999983,1,6.9320000000007,1,7.1510000000053,0,0,4,172.381999999991,0,0,0,0,322.047999999988,69,42,8,14,15,8,14,119,2560.24333691079,633.344000000012,18,9,129.442999999999,3,NA,NA,NA,NA
"G67_2","000724FA69",8.23200000000361,3,77.3620000000083,3,12.038999999997,1,65.3230000000112,2,6.5789999999979,1,1.61300000000483,1,1.61300000000483,1,0,0,0.611000000004424,1,0,0,0,0,0,0,3,77.3620000000083,1,1.61300000000483,0,0,2,65.3230000000112,1,12.038999999997,2,65.3230000000112,0,0,1,6.28900000000431,0,0,0,0,1,59.0340000000069,110.940000000024,23,18,0,14,16,0,14,63,1400.48894448243,302.597000000023,15,10,242.141000000003,5,NA,NA,NA,NA
"G67_2","000724FC73",11.1589999999997,6,213.539999999994,7,0,0,213.539999999994,7,316.116000000009,4,47.7270000000062,1,47.7270000000062,1,47.7270000000062,1,0,0,0,0,1.82600000000093,1,0,0,7,213.539999999994,1,47.7270000000062,0,0,7,213.539999999994,2,108.623999999996,5,104.915999999997,0,0,0,0,10,475.776000000005,0,0,0,0,647.872000000003,139,113,10,45,45,10,45,62,1156.77645817566,825.537999999993,11,6,45.0740000000005,1,NA,NA,NA,NA
"G68_1","000724B965",15.0480000000025,4,0,0,0,0,0,0,14.7949999999983,1,2.51200000000244,1,0,0,0,0,1.77300000000105,1,0,0,0,0,0,0,0,0,1,2.51200000000244,0,0,0,0,0,0,0,0,0,0,0,0,0,0,0,0,0,0,27.4869999999937,5,3,0,0,0,0,0,32,651.116900111313,103.873999999974,11,3,164.133000000002,1,"1",32.6539928677409,40.6148722655725,38.4020401613926
"G68_1","000724C2D7",1.77399999999761,1,115.549999999996,5,11.2779999999984,2,104.271999999997,3,0,0,33.234000000004,2,33.234000000004,2,0,0,0,0,0,0,0,0,0,0,5,115.549999999996,2,33.234000000004,0,0,3,104.271999999997,2,61.3240000000005,3,54.2259999999951,0,0,0,0,3,56.9989999999889,0,0,0,0,150.473999999987,32,24,7,22,24,7,22,26,529.288538206372,327.108999999997,7,6,201.177000000003,2,"2",32.6539928677409,39.6581252369356,35.1125829245644
"G68_1","000724D4E8",13.2160000000149,5,112.692999999999,2,6.19099999999889,1,106.502,1,0,0,0,0,0,0,0,0,0,0,0,0,0,0,0,0,2,112.692999999999,0,0,0,0,1,106.502,1,106.502,1,6.19099999999889,0,0,0,0,0,0,0,0,0,0,138.621999999981,29,24,0,22,24,0,22,39,787.651507261535,205.362999999983,17,7,379.485999999997,4,"3",32.788797832373,40.6148722655725,35.1125829245644
"G68_1","000724DF31",1.25200000000041,1,31.2079999999987,2,19.8709999999992,1,11.3369999999995,1,7.56300000000192,1,0,0,0,0,0,0,0.400000000001455,1,0,0,0,0,0,0,2,31.2079999999987,0,0,0,0,1,11.3369999999995,1,19.8709999999992,1,11.3369999999995,0,0,0,0,1,11.3369999999995,0,0,0,0,36.3159999999989,7,8,0,2,6,0,2,10,199.312454652548,56.7690000000002,4,3,252.142,3,NA,NA,NA,NA
"G68_1","000724E0AA",9.74399999999878,3,28.5590000000084,3,0,0,28.5590000000084,3,0,0,0,0,0,0,0,0,0,0,0,0,0,0,0,0,3,28.5590000000084,0,0,0,0,3,28.5590000000084,0,0,3,28.5590000000084,0,0,2,16.708000000006,0,0,0,0,1,11.8510000000024,48.9470000000074,10,6,0,6,6,0,6,25,470.644698043514,198.352000000014,8,6,476.892999999996,5,NA,NA,NA,NA
"G68_1","000724FE77",1.77300000000105,1,0,0,0,0,0,0,0,0,0,0,0,0,0,0,0,0,0,0,0,0,0,0,0,0,0,0,0,0,0,0,0,0,0,0,0,0,0,0,0,0,0,0,0,0,5.11699999999837,1,0,0,0,0,0,0,4,69.3361010338996,7.05999999999767,1,0,762.673999999999,6,NA,NA,NA,NA
"G68_2","000724B965",14.5829999999987,7,60.3580000000002,7,27.1299999999974,3,33.2280000000028,4,0,0,182.054999999993,6,37.8240000000005,2,32.8729999999996,1,0.531000000002678,1,0,0,0.960999999995693,2,144.230999999992,4,7,60.3580000000002,6,182.054999999993,0,0,4,33.2280000000028,3,35.8349999999991,4,24.523000000001,1,11.679999999993,1,6.19800000000396,1,6.83899999999994,0,0,0,0,86.4339999999866,18,12,39,7,12,39,7,95,2282.35676789164,497.744999999959,21,16,50.7989999999991,2,"1",45.8011540443152,37.139232924897,42.8688132456635
"G68_2","000724C2D7",5.48999999999796,2,49.875,1,0,0,49.875,1,60.3759999999966,2,0,0,0,0,0,0,0,0,0,0,0,0,0,0,1,49.875,0,0,0,0,1,49.875,1,49.875,0,0,0,0,0,0,0,0,0,0,0,0,83.1950000000143,17,23,0,10,10,0,10,39,893.979427741342,433.601000000002,13,6,56.9990000000034,3,"2",45.8011540443152,47.1504946296114,42.5259500402924
"G68_2","000724D4E8",16.3659999999945,7,203.685000000005,6,5.92700000000332,1,197.758000000002,5,97.1419999999925,4,101.272999999994,3,99.8189999999959,2,95.7119999999995,1,4.10699999999633,1,0,0,0,0,1.4539999999979,1,6,203.685000000005,3,101.272999999994,1,6.50799999999435,4,191.250000000007,2,140.992000000006,4,62.6929999999993,0,0,0,0,11,318.785999999986,0,0,0,0,486.71899999999,104,64,21,42,43,23,41,46,1065.97888287726,540.523999999998,9,4,57.5599999999977,4,"3",47.811017371028,37.139232924897,42.5259500402924
"G68_2","000724DF31",3.28600000000006,2,143.224000000009,9,25.112000000001,2,118.112000000008,7,52.3550000000032,2,3.11499999999796,1,3.11499999999796,1,0,0,9.15400000000227,4,0,0,0,0,0,0,9,143.224000000009,1,3.11499999999796,0,0,7,118.112000000008,2,38.9470000000074,7,104.277000000002,0,0,2,48.6810000000041,3,57.9909999999945,0,0,2,26.2850000000035,236.617000000006,50,42,0,25,30,0,25,82,1952.73615422926,479.690000000031,13,10,109.817000000003,6,NA,NA,NA,NA
"G68_2","000724E0AA",5.97299999999814,2,129.243999999992,9,31.8090000000011,4,97.4349999999904,5,39.4619999999995,3,3.94800000000396,1,3.94800000000396,1,0,0,5.01900000000751,2,0,0,0,0,0,0,9,129.243999999992,1,3.94800000000396,1,14.5009999999966,5,97.4349999999904,1,12.2450000000026,8,116.998999999989,0,0,1,31.4599999999991,2,22.0619999999981,0,0,7,110.071999999993,219.852999999981,47,36,0,20,27,3,20,76,1488.85939032622,507.289999999994,13,10,49.5869999999995,1,NA,NA,NA,NA
"G68_2","000724FE77",16.5170000000144,7,86.2309999999852,7,16.9629999999961,3,69.2679999999891,4,30.5290000000023,1,0,0,0,0,0,0,2.55399999999645,1,0,0,0,0,0,0,7,86.2309999999852,0,0,0,0,4,69.2679999999891,1,33.6579999999958,6,52.5729999999894,0,0,1,12.6229999999996,1,30.5290000000023,0,0,2,22.9869999999937,192.236999999979,41,25,0,14,18,0,14,119,2819.51490558139,501.984999999993,20,13,76.3099999999977,5,NA,NA,NA,NA
"G69_1","000724C377",0,0,0,0,0,0,0,0,0,0,0,0,0,0,0,0,0,0,0,0,0,0,0,0,0,0,0,0,0,0,0,0,0,0,0,0,0,0,0,0,0,0,0,0,0,0,0,NA,0,0,0,0,0,0,1,0,0.431000000004133,0,0,NA,NA,"1",NA,NA,NA
"G69_2","000724C225",2.74399999999878,2,0,0,0,0,0,0,81.4510000000082,3,0,0,33.791999999994,6,11.0709999999963,1,7.66400000000431,2,6.41100000000006,1,0,0,121.385000000002,4,0,0,0,0,0,0,0,0,0,0,0,0,0,0,0,0,0,0,0,0,0,0,23.7709999999934,5,17,0,0,0,0,0,38,734.491801455308,320.93,8,7,79.8419999999969,5,"1",29.439281775244,25.5211536161156,27.8716960206106
"G69_2","000724C377",14.9499999999825,6,58.7690000000075,4,20.5370000000039,2,38.2320000000036,2,31.3629999999976,1,50.1109999999971,3,18.7479999999996,2,11.9569999999949,1,2.00400000000081,1,6.79100000000471,1,2.25299999999697,1,31.3629999999976,1,4,58.7690000000075,3,50.1109999999971,0,0,2,38.2320000000036,1,13.2030000000013,3,45.5660000000062,1,6.79100000000471,1,9.89500000000407,1,28.3369999999995,0,0,0,0,105.92300000001,22,19,10,8,12,10,8,56,1111.03801906932,286.860000000037,15,9,42.635000000002,2,"2",29.439281775244,23.7595940491818,28.3490684670008
"G69_2","000724CD8E",21.3960000000006,6,0,0,0,0,0,0,14.21899999999,2,0,0,45.5430000000051,4,0,0,11.2340000000113,9,0,0,1.90299999999843,1,19.7779999999912,3,0,0,0,0,0,0,3,26.2230000000054,0,0,0,0,0,0,0,0,0,0,0,0,0,0,93.4739999999874,20,3,0,0,0,0,5,86,1753.77912023139,377.606999999996,21,12,45.6200000000026,3,"3",33.5276608969582,25.5211536161156,28.3490684670008
"G69_2","000724F217",4.12900000000081,2,258.353999999992,8,48.7739999999976,5,209.579999999994,3,134.181999999993,4,160.111999999994,5,91.4639999999927,3,0,0,3.78599999999278,2,65.7229999999981,2,0,0,45.3159999999989,1,8,258.353999999992,5,160.111999999994,1,5.21099999999569,3,209.579999999994,2,31.1800000000003,6,227.173999999992,2,78.1159999999945,1,5.21099999999569,3,82.4309999999969,6,291.575999999994,0,0,501.01499999997,107,84,34,45,55,35,45,70,1397.79664972686,752.722999999947,16,14,48.4150000000009,4,NA,NA,NA,NA
"G69_2","000724FA69",26.6409999999887,11,0,0,0,0,0,0,11.6750000000029,2,0,0,40.3280000000013,2,31.2330000000002,1,7.32600000000821,6,9.09500000000116,1,0,0,0,0,0,0,0,0,0,0,1,13.1749999999956,0,0,0,0,0,0,0,0,0,0,0,0,0,0,48.4060000000027,10,2,0,0,0,0,2,85,1661.33491645489,354.515000000029,18,11,94.3960000000006,6,NA,NA,NA,NA
"G69_2","000724FC73",19.8470000000016,7,230.781999999985,7,6.83499999999913,1,223.946999999986,6,142.389000000003,5,127.896000000008,6,124.21100000001,5,0,0,4.7809999999954,2,0,0,0,0,3.68499999999767,1,7,230.781999999985,6,127.896000000008,1,63.9369999999981,6,223.946999999986,2,124.255999999994,5,106.525999999991,0,0,1,48.125,7,181.618999999999,0,0,1,59.5060000000012,437.744999999981,94,80,27,48,49,41,48,75,1542.08514632421,762.867999999995,15,10,29.7819999999992,1,NA,NA,NA,NA
"G7_1","000724EF35",17.5579999999973,7,0,0,0,0,0,0,0,0,0,0,0,0,0,0,0,0,0,0,0,0,0,0,0,0,0,0,0,0,0,0,0,0,0,0,0,0,0,0,0,0,0,0,0,0,14.4519999999975,3,0,0,0,0,0,0,18,322.176044065354,48.4449999999997,6,1,491.586000000003,2,"1",NA,NA,NA
"G7_1","000724FD1B",0,0,8.77700000000186,1,8.77700000000186,1,0,0,0,0,0,0,0,0,0,0,0,0,0,0,0,0,0,0,1,8.77700000000186,0,0,0,0,0,0,0,0,1,8.77700000000186,0,0,0,0,0,0,0,0,0,0,8.77700000000186,1,1,0,0,1,0,0,1,0,8.77700000000186,1,1,841.811999999998,3,"2",NA,NA,NA
"G7_1","000726E250",1.39400000000023,1,5.15200000000186,1,5.15200000000186,1,0,0,0,0,0,0,0,0,0,0,0,0,0,0,0,0,0,0,1,5.15200000000186,0,0,0,0,0,0,0,0,1,5.15200000000186,0,0,0,0,0,0,0,0,0,0,6.12400000001071,1,1,0,0,1,0,0,6,123.253514441717,14.8130000000092,2,2,330.730000000003,1,"3",NA,NA,NA
"G7_2","000724B642",9.77999999999884,4,0,0,0,0,0,0,0,0,0,0,28.6010000000024,2,23.7900000000009,1,5.333000000006,3,0,0,0,0,0,0,0,0,0,0,0,0,4,62.1650000000009,0,0,0,0,0,0,0,0,0,0,0,0,0,0,167.45100000003,35,0,0,0,0,0,13,46,1170.26071230788,230.935000000041,9,3,170.567999999999,6,"1",31.6088655834422,54.5850324079486,NA
"G7_2","000724D4F3",1.64400000000023,1,0,0,0,0,0,0,44.7769999999946,1,0,0,0,0,0,0,0.942999999999302,1,0,0,0,0,0,0,0,0,0,0,0,0,4,167.925999999999,0,0,0,0,0,0,0,0,0,0,0,0,0,0,225.653999999995,48,9,0,0,0,0,36,19,437.566709002839,229.865999999987,3,2,36.1080000000002,1,"2",31.6088655834422,NA,34.839008280077
"G7_2","000724DF2A",1.34200000000419,1,0,0,0,0,0,0,43.8479999999981,1,0,0,0,0,0,0,0,0,0,0,0,0,7.00300000000425,1,0,0,0,0,0,0,0,0,0,0,0,0,0,0,0,0,0,0,0,0,0,0,45.9760000000097,9,9,0,0,0,0,0,28,867.313439456189,141.295000000027,9,7,117.563999999998,4,"3",NA,54.5850324079486,34.839008280077
"G7_2","000724EF35",3.08600000000297,2,30.4340000000011,3,30.4340000000011,3,0,0,0,0,114.328000000001,2,98.8029999999999,1,98.8029999999999,1,1.82399999999325,2,0,0,0,0,15.5250000000015,1,3,30.4340000000011,2,114.328000000001,0,0,0,0,1,16.3340000000026,2,14.0999999999985,1,98.8029999999999,0,0,1,6.54200000000128,0,0,0,0,150.858999999989,32,6,24,0,6,24,0,39,1252.39466703752,199.508999999991,11,6,61.7209999999977,3,NA,NA,NA,NA
"G7_2","000724FD1B",6.84500000000844,3,128.975000000013,3,25.2710000000079,2,103.704000000005,1,27.0500000000029,1,0,0,0,0,0,0,1.13300000000163,1,0,0,0,0,0,0,3,128.975000000013,0,0,0,0,1,103.704000000005,1,20.2700000000041,2,108.705000000009,0,0,0,0,2,130.754000000008,0,0,0,0,171.790000000023,36,33,0,22,27,0,22,33,795.280783432035,337.984999999993,7,5,60.2989999999991,2,NA,NA,NA,NA
"G7_2","000726E250",3.06800000000658,2,20.9300000000003,1,0,0,20.9300000000003,1,0,0,190.232000000011,4,190.232000000011,4,0,0,9.52200000000448,5,71.9630000000034,1,0,0,0,0,1,20.9300000000003,4,190.232000000011,0,0,1,20.9300000000003,0,0,1,20.9300000000003,1,71.9630000000034,0,0,0,0,1,20.9300000000003,0,0,104.555,22,4,40,4,4,40,4,24,523.77423058694,328.820000000007,9,5,141.091,5,NA,NA,NA,NA
"G70_1","000724B965",14.4790000000139,6,0,0,0,0,0,0,0,0,48.7189999999973,5,33.7250000000058,3,0,0,3.99699999999575,2,0,0,3.31599999999889,3,14.9939999999915,2,0,0,5,48.7189999999973,0,0,0,0,0,0,0,0,0,0,0,0,0,0,0,0,0,0,0,NA,0,10,0,0,10,0,48,984.763008820457,227.519,9,6,80.9130000000005,4,"1",33.9658571533582,26.6415056942508,54.3122692289477
"G70_1","000724C2D7",7.67399999999907,2,48.2549999999974,2,6.85399999999936,1,41.400999999998,1,22.7139999999999,2,21.775999999998,2,0,0,0,0,0.260999999998603,1,0,0,0,0,21.775999999998,2,2,48.2549999999974,2,21.775999999998,0,0,1,41.400999999998,1,41.400999999998,1,6.85399999999936,0,0,0,0,0,0,0,0,0,0,56.3989999999903,12,15,4,8,10,4,8,71,1286.32613061982,715.178,15,12,68.3029999999999,2,"2",33.9658571533582,29.7946363789355,40.0872459295705
"G70_1","000724D4E8",4.47800000000279,2,69.2599999999875,7,14.8959999999934,2,54.3639999999941,5,0,0,0,0,0,0,0,0,0,0,0,0,0,0,0,0,7,69.2599999999875,0,0,0,0,5,54.3639999999941,0,0,7,69.2599999999875,0,0,1,16.7079999999987,0,0,0,0,1,14.8810000000012,98.6139999999796,21,14,0,11,14,0,11,45,848.975169565089,150.986999999986,9,7,127.565999999999,5,"3",36.190768268611,26.6415056942508,40.0872459295705
"G70_1","000724DF31",4.46600000000035,2,98.3269999999902,8,59.9459999999963,3,38.3809999999939,5,167.885999999999,2,69.2620000000024,2,1.75400000000081,1,0,0,3.95699999999488,4,0,0,0,0,67.5080000000016,1,8,98.3269999999902,2,69.2620000000024,1,7.77100000000064,5,38.3809999999939,1,43.8709999999992,7,54.455999999991,0,0,0,0,6,219.030999999995,0,0,0,0,329.219999999979,70,57,14,8,21,16,8,38,788.530329470275,459.912999999964,10,7,79.9210000000021,3,NA,NA,NA,NA
"G70_1","000724E0AA",34.2259999999951,11,56.9469999999928,4,28.9989999999889,3,27.948000000004,1,179.312000000013,4,74.0479999999952,3,54.9679999999935,2,0,0,4.20699999999488,1,0,0,0,0,19.0800000000017,1,4,56.9469999999928,3,74.0479999999952,0,0,1,27.948000000004,2,43.3139999999985,2,13.6329999999944,0,0,0,0,0,0,0,0,0,0,67.9149999999863,14,50,15,6,12,15,6,67,1255.73860688515,708.832999999977,18,14,56.5639999999985,1,NA,NA,NA,NA
"G70_1","000724FE77",7.54100000001199,3,0,0,0,0,0,0,0,0,2.30299999999988,1,2.30299999999988,1,0,0,0,0,0,0,0,0,0,0,0,0,1,2.30299999999988,0,0,0,0,0,0,0,0,0,0,0,0,0,0,0,0,0,0,13.5800000000017,2,0,0,0,0,0,0,13,366.126720504044,26.8300000000163,5,0,682.722999999998,6,NA,NA,NA,NA
"G70_2","000724B965",14.6630000000077,6,95.481000000007,10,30.9340000000011,3,64.5470000000059,7,29.7429999999949,3,42.6290000000008,5,16.0959999999977,2,0,0,0.440000000002328,1,16.0959999999977,2,0,0,26.5330000000031,3,10,95.481000000007,5,42.6290000000008,0,0,7,64.5470000000059,0,0,10,95.481000000007,1,6.14800000000105,2,28.9789999999994,0,0,5,44.1530000000057,0,0,161.360000000044,34,26,9,13,20,9,13,80,1673.15901758882,355.888000000057,14,9,43.1319999999978,4,"1",28.8704713404834,30.1819388159052,37.988048019796
"G70_2","000724C2D7",11.0899999999965,4,22.8429999999935,2,22.8429999999935,2,0,0,0,0,20.9700000000012,1,0,0,0,0,0.451000000000931,1,0,0,0,0,20.9700000000012,1,2,22.8429999999935,1,20.9700000000012,0,0,0,0,2,22.8429999999935,0,0,0,0,0,0,0,0,0,0,0,0,27.9499999999898,6,4,4,0,4,4,0,13,340.460778132642,61.2629999999917,7,3,11.1339999999982,2,"2",28.8704713404834,18.5,29.0438925990836
"G70_2","000724D4E8",5.64800000000105,3,266.028999999995,9,6.5199999999968,1,259.508999999998,8,62.7059999999983,3,0,0,0,0,0,0,0,0,0,0,0,0,0,0,9,266.028999999995,0,0,0,0,8,259.508999999998,1,42.1070000000036,8,223.921999999991,0,0,1,6.5199999999968,11,374.660999999993,0,0,1,20.1610000000001,465.143999999993,99,70,0,55,57,0,55,56,1111.44493159793,582.870999999992,10,5,9.71199999999953,1,"3",40.3293875794492,30.1819388159052,29.0438925990836
"G70_2","000724DF31",4.6359999999986,2,37.0219999999972,3,0,0,37.0219999999972,3,5.10899999999674,1,0,0,0,0,0,0,1.2219999999943,1,0,0,0,0,0,0,3,37.0219999999972,0,0,0,0,3,37.0219999999972,0,0,3,37.0219999999972,0,0,1,20.1369999999952,0,0,0,0,2,16.885000000002,47.2509999999893,10,9,0,7,7,0,7,28,541.775236860935,122.890999999989,9,6,51.7779999999984,6,NA,NA,NA,NA
"G70_2","000724E0AA",4.24799999999959,1,10.6270000000004,1,10.6270000000004,1,0,0,0,0,11.5559999999969,2,6.16799999999785,1,0,0,3.93399999999383,1,6.16799999999785,1,0,0,5.38799999999901,1,1,10.6270000000004,2,11.5559999999969,0,0,0,0,1,10.6270000000004,0,0,0,0,0,0,0,0,0,0,0,0,16.0169999999998,3,2,2,0,2,2,0,13,234.525716509516,38.7919999999795,5,3,42.9619999999995,3,NA,NA,NA,NA
"G70_2","000724FE77",14.6859999999942,5,88.8470000000016,12,58.0470000000059,8,30.7999999999956,4,0,0,0,0,0,0,0,0,0,0,0,0,0,0,0,0,12,88.8470000000016,0,0,0,0,4,30.7999999999956,1,10.7890000000043,11,78.0579999999973,0,0,2,18.2569999999978,0,0,0,0,0,0,158.796000000024,34,19,0,6,19,0,6,132,3681.1973817965,440.613000000056,28,19,43.4230000000025,5,NA,NA,NA,NA
"G71_1","000724C377",1.23099999999977,1,0,0,0,0,0,0,0,0,0,0,0,0,0,0,0,0,0,0,0,0,0,0,0,0,0,0,0,0,0,0,0,0,0,0,0,0,0,0,0,0,0,0,0,0,0.529999999998836,0,0,0,0,0,0,0,5,122.972160458775,21.1560000000027,2,1,219.436000000002,2,"1",39.3125,47.9970695219763,50.8920126292374
"G71_1","000724CD8E",0,0,0,0,0,0,0,0,0,0,0,0,0,0,0,0,0,0,0,0,0,0,0,0,0,0,0,0,0,0,0,0,0,0,0,0,0,0,0,0,0,0,0,0,0,0,5.41899999999441,1,0,0,0,0,0,0,4,37,10.2999999999956,2,1,225.063999999998,3,"2",39.3125,26.1180401146937,27.2650327555838
"G71_1","000724FC73",2.6140000000014,1,0,0,0,0,0,0,0,0,0,0,0,0,0,0,1.48300000000017,1,0,0,0,0,0,0,0,0,0,0,0,0,0,0,0,0,0,0,0,0,0,0,0,0,0,0,0,0,18.5960000000123,3,0,0,0,0,0,0,24,816.234654836402,44.9770000000062,7,2,212.004000000001,1,"3",41.625,47.9970695219763,27.2650327555838
"G71_2","000724C225",4.47699999999895,3,65.4959999999919,3,0,0,65.4959999999919,3,0,0,0,0,0,0,0,0,0,0,0,0,0,0,0,0,3,65.4959999999919,0,0,0,0,3,65.4959999999919,0,0,3,65.4959999999919,0,0,2,51.4619999999923,0,0,0,0,1,14.0339999999997,79.669000000009,17,14,0,14,14,0,14,18,473.836446592282,93.6719999999987,6,2,128.644,6,"1",40.9280635752468,42.8038418677794,26.5621098062542
"G71_2","000724C377",2.64500000000407,1,41.2929999999978,4,7.31999999999971,1,33.9729999999981,3,20.0959999999977,3,61.4959999999846,7,56.3849999999875,6,0,0,10.8399999999965,5,34.5049999999974,2,0,0,0,0,4,41.2929999999978,7,61.4959999999846,1,11.6749999999956,3,33.9729999999981,0,0,4,41.2929999999978,1,22.7359999999971,3,33.9729999999981,0,0,0,0,2,16.8799999999974,130.681999999979,28,13,13,7,8,15,7,55,1142.26075938283,309.508999999991,10,10,54.1370000000024,5,"2",40.9280635752468,52.8037480024356,42.3676389750222
"G71_2","000724CD8E",6.64300000000367,3,93.4639999999927,7,33.0899999999965,3,60.3739999999962,4,13.5750000000044,1,0,0,0,0,0,0,0,0,0,0,0,0,0,0,7,93.4639999999927,0,0,0,0,4,60.3739999999962,2,28.0210000000006,5,65.442999999992,0,0,1,6.55099999999948,5,72.9579999999987,0,0,1,5.06899999999587,158.665999999983,34,23,0,12,20,0,12,77,2257.77146193794,258.800999999999,16,9,42.1970000000001,1,"3",45.5181458325545,42.8038418677794,42.3676389750222
"G71_2","000724F217",6.26100000000588,2,268.547000000028,11,33.7000000000116,4,234.847000000016,7,0,0,14.3960000000079,3,3.57600000000093,1,0,0,7.291999999994,4,0,0,0,0,10.820000000007,2,11,268.547000000028,3,14.3960000000079,0,0,7,234.847000000016,4,76.2700000000186,7,192.277000000009,0,0,0,0,5,177.098000000005,0,0,0,0,314.306000000026,67,57,3,50,57,3,50,69,1209.13624719993,576.190000000046,12,12,43.7819999999992,3,NA,NA,NA,NA
"G71_2","000724FA69",12.752999999997,4,0,0,0,0,0,0,15.2479999999996,1,0,0,0,0,0,0,0,0,0,0,0,0,0,0,0,0,0,0,0,0,0,0,0,0,0,0,0,0,0,0,0,0,0,0,0,0,4.36699999999837,0,3,0,0,0,0,0,18,404.277409263644,83.6129999999976,9,5,50.6310000000012,4,NA,NA,NA,NA
"G71_2","000724FC73",9.96499999999651,3,55.8930000000037,3,0,0,55.8930000000037,3,50.099000000002,2,47.0099999999948,3,47.0099999999948,3,38.7010000000009,1,8.38499999998749,9,0,0,3.98899999999412,5,0,0,3,55.8930000000037,3,47.0099999999948,1,10.1880000000019,3,55.8930000000037,2,48.5210000000006,1,7.37200000000303,0,0,1,7.37200000000303,1,12.9530000000013,0,0,0,0,166.563000000031,35,22,10,12,12,12,12,119,3321.56591013926,428.193000000036,17,10,42.788999999997,2,NA,NA,NA,NA
"G72_1","000724B965",7.14099999999598,3,19.3960000000006,1,0,0,19.3960000000006,1,0,0,0,0,0,0,0,0,0,0,0,0,0,0,0,0,1,19.3960000000006,0,0,0,0,1,19.3960000000006,0,0,1,19.3960000000006,0,0,1,19.3960000000006,0,0,0,0,0,0,19.8459999999977,4,4,0,4,4,0,4,10,241.827730636355,39.8759999999893,6,2,853.379000000001,5,"1",42.3650011758317,40.3881686639576,77.535553213128
"G72_1","000724C2D7",4.98800000000483,2,89.7190000000046,4,20.2150000000038,2,69.5040000000008,2,32.4390000000058,2,4.51600000000326,1,4.51600000000326,1,0,0,2.01400000000285,1,0,0,4.51600000000326,1,0,0,4,89.7190000000046,1,4.51600000000326,0,0,2,69.5040000000008,3,84.2909999999974,1,5.42800000000716,0,0,0,0,1,14.0360000000001,0,0,0,0,111.583000000006,23,26,0,14,19,0,14,29,440.288808271197,395.998000000036,12,9,237.076999999997,1,"2",42.3650011758317,41.5514917638704,46.3616228891333
"G72_1","000724D4E8",0,0,22.3279999999941,2,22.3279999999941,2,0,0,0,0,125.098000000005,2,107.137000000002,1,0,0,0.430000000000291,1,0,0,0,0,17.961000000003,1,2,22.3279999999941,2,125.098000000005,0,0,0,0,2,22.3279999999941,0,0,0,0,0,0,0,0,0,0,0,0,166.784999999996,35,4,26,0,4,26,0,22,398.080505169498,224.31900000001,7,7,293.332000000002,2,"3",47.09906353501,40.3881686639576,46.3616228891333
"G72_1","000724DF31",0,0,0,0,0,0,0,0,0,0,28.359000000004,1,0,0,0,0,0,0,0,0,0,0,28.359000000004,1,0,0,1,28.359000000004,0,0,0,0,0,0,0,0,0,0,0,0,0,0,0,0,0,0,32.724000000002,7,0,6,0,0,6,0,2,18.5680505169498,32.724000000002,2,1,723.254999999997,4,NA,NA,NA,NA
"G72_1","000724E0AA",3.72800000000279,1,0,0,0,0,0,0,5.0679999999993,1,5.0679999999993,1,5.0679999999993,1,0,0,5.0679999999993,1,0,0,0,0,0,0,0,0,1,5.0679999999993,0,0,0,0,0,0,0,0,0,0,0,0,0,0,0,0,0,0,0,NA,1,1,0,0,1,0,13,203.976353618649,193.862000000008,2,2,718.989000000001,3,NA,NA,NA,NA
"G72_1","000724FE77",0,0,7.54100000000471,1,7.54100000000471,1,0,0,0,0,0,0,0,0,0,0,0,0,0,0,0,0,0,0,1,7.54100000000471,0,0,0,0,0,0,0,0,1,7.54100000000471,0,0,0,0,0,0,0,0,0,0,8.24100000000908,1,1,0,0,1,0,0,4,148.272202067799,10.8680000000168,2,1,913.686999999998,6,NA,NA,NA,NA
"G72_2","000724B965",1.73200000000361,1,67.7319999999891,5,13.3710000000065,1,54.3609999999826,4,341.789000000004,4,146.966999999997,5,120.415999999997,4,51.9179999999978,1,1.34199999999691,1,11.6589999999997,1,0,0,26.5509999999995,1,5,67.7319999999891,5,146.966999999997,0,0,4,54.3609999999826,2,25.7940000000017,3,41.9379999999874,1,40.4080000000031,1,5.82099999999627,1,15.8979999999938,2,74.8679999999949,0,0,180.769999999997,38,88,31,11,14,31,11,58,1302.65037485844,694.809999999983,17,14,48.3459999999977,3,"1",28.1491053349624,46.8860106694301,38.9900799645417
"G72_2","000724C2D7",12.179999999993,5,166.849999999999,6,140.839999999997,4,26.010000000002,2,0,0,13.2309999999998,1,13.2309999999998,1,0,0,1.08199999999488,1,0,0,0,0,0,0,6,166.849999999999,1,13.2309999999998,0,0,2,26.010000000002,4,140.839999999997,2,26.010000000002,0,0,0,0,1,16.3539999999994,0,0,0,0,172.71699999999,37,35,2,5,35,2,5,25,712.31262571207,323.788999999975,13,9,70.8629999999976,5,"2",28.1491053349624,49.832893320056,40.4818300158296
"G72_2","000724D4E8",12.9830000000002,4,220.390000000007,5,5.36900000000605,1,215.021000000001,4,26.4250000000029,2,73.8710000000065,3,0,0,0,0,0.991000000001804,2,0,0,0,0,73.8710000000065,3,5,220.390000000007,3,73.8710000000065,0,0,4,215.021000000001,1,88.8070000000007,4,131.583000000006,1,64.2739999999976,0,0,0,0,1,108.061999999998,0,0,308.555000000008,66,53,15,46,47,15,46,68,1467.54155151358,519.951000000037,20,11,19.9279999999999,1,"3",27.3890458781904,46.8860106694301,40.4818300158296
"G72_2","000724DF31",12.75,6,183.563000000002,10,6.9719999999943,1,176.591000000008,9,214.23000000001,6,34.8950000000041,6,24.9670000000042,4,0,0,19.5579999999973,6,11.9130000000005,1,0,0,9.92799999999988,2,10,183.563000000002,6,34.8950000000041,3,95.6940000000031,8,170.418000000005,2,24.1140000000014,8,159.449000000001,0,0,1,73.2669999999998,14,313.018000000011,0,0,2,11.5489999999991,467.006000000016,100,85,7,37,39,28,36,83,1568.53482088892,612.791000000041,12,7,58.9919999999984,4,NA,NA,NA,NA
"G72_2","000724E0AA",8.93600000000879,3,91.8309999999983,8,52.0060000000012,5,39.8249999999971,3,61.7459999999992,4,48.1919999999955,4,44.2459999999919,3,33.6979999999967,2,0.451000000000931,1,0,0,0.560999999994237,1,3.94600000000355,1,8,91.8309999999983,4,48.1919999999955,0,0,3,39.8249999999971,1,10.2249999999985,7,81.6059999999998,0,0,1,23.7900000000009,3,44.2520000000004,0,0,1,6.3289999999979,161.779000000002,34,33,10,8,19,10,8,68,1303.80049172441,524.648000000008,18,11,46.3810000000012,2,NA,NA,NA,NA
"G72_2","000724FE77",12.601999999999,5,22.8489999999874,4,0,0,22.8489999999874,4,0,0,39.3189999999959,5,38.0969999999943,4,0,0,9.09500000000116,5,0,0,0,0,1.22200000000157,1,4,22.8489999999874,5,39.3189999999959,0,0,4,22.8489999999874,0,0,4,22.8489999999874,1,5.0789999999979,2,11.5769999999902,0,0,4,41.773000000001,1,5.45100000000093,98.1259999999747,21,4,8,4,4,8,4,150,3590.17051147261,449.303999999916,16,12,106.860999999997,6,NA,NA,NA,NA
"G73_1","000724C225",1.99399999999878,1,0,0,0,0,0,0,0,0,0,0,0,0,0,0,0,0,0,0,0,0,0,0,0,0,0,0,0,0,0,0,0,0,0,0,0,0,0,0,0,0,0,0,0,0,0,NA,0,0,0,0,0,0,3,50.6503275558384,3.38700000000244,0,0,NA,NA,"1",18.5510378877124,NA,NA
"G73_1","000724C377",4.1160000000018,2,27.3799999999974,1,27.3799999999974,1,0,0,0,0,0,0,0,0,0,0,0,0,0,0,0,0,0,0,1,27.3799999999974,0,0,0,0,0,0,1,27.3799999999974,0,0,0,0,0,0,0,0,0,0,0,0,36.4870000000083,7,5,0,0,5,0,0,8,205.840866087402,40.6030000000101,4,1,79.4879999999976,1,"2",18.5510378877124,NA,21.2708958213376
"G73_1","000724CD8E",0,0,0,0,0,0,0,0,0,0,0,0,0,0,0,0,0,0,0,0,0,0,0,0,0,0,0,0,0,0,0,0,0,0,0,0,0,0,0,0,0,0,0,0,0,0,2.20100000000093,0,0,0,0,0,0,0,6,74,6.19599999999627,1,0,845.881999999998,4,"3",NA,NA,21.2708958213376
"G73_1","000724FA69",0,0,0,0,0,0,0,0,0,0,0,0,0,0,0,0,0,0,0,0,0,0,0,0,0,0,0,0,0,0,0,0,0,0,0,0,0,0,0,0,0,0,0,0,0,0,13.6069999999963,2,0,0,0,0,0,0,1,0,13.6069999999963,1,1,844.110000000001,3,NA,NA,NA,NA
"G73_1","000724FC73",6.54900000000634,2,5.85099999999511,1,5.85099999999511,1,0,0,0,0,0,0,0,0,0,0,0,0,0,0,0,0,0,0,1,5.85099999999511,0,0,0,0,0,0,0,0,1,5.85099999999511,0,0,0,0,0,0,0,0,0,0,8.57399999999325,1,1,0,0,1,0,0,6,106.218378072788,15.3139999999985,2,1,826.080999999998,2,NA,NA,NA,NA
"G73_2","000724C225",0,0,0,0,0,0,0,0,0,0,0,0,36.9590000000026,5,0,0,9.36500000000524,4,0,0,0.541000000004715,1,0,0,0,0,0,0,0,0,1,12.8029999999999,0,0,0,0,0,0,0,0,0,0,0,0,0,0,71.9839999999895,15,0,0,0,0,0,2,53,1422.53539916189,307.789999999994,18,12,61.7960000000021,4,"1",36.4492227922715,32.9721551357667,35.5082773106448
"G73_2","000724C377",3.97699999999895,1,47.3190000000031,3,10.398000000001,1,36.9210000000021,2,5.29899999999907,1,21.3950000000041,1,0,0,0,0,0.610999999997148,2,0,0,0,0,21.3950000000041,1,3,47.3190000000031,1,21.3950000000041,0,0,2,36.9210000000021,2,31.6580000000031,1,15.6610000000001,0,0,0,0,1,15.6610000000001,0,0,0,0,59.612000000001,12,11,4,7,10,4,7,50,1132.53872813794,328.041999999979,12,10,55.4530000000013,3,"2",36.4492227922715,36.071264284213,40.7125205092407
"G73_2","000724CD8E",15.0780000000013,7,0,0,0,0,0,0,31.6469999999972,3,0,0,32.3250000000044,5,0,0,13.0409999999829,7,7.23500000000058,1,0.531000000002678,1,10.650999999998,2,0,0,0,0,0,0,7,68.9940000000061,0,0,0,0,0,0,0,0,0,0,0,0,0,0,173.123,37,6,0,0,0,0,14,141,3152.12575315321,570.537999999993,18,11,32.237000000001,1,"3",36.5331396222597,32.9721551357667,40.7125205092407
"G73_2","000724F217",9.02700000000186,4,151.387999999992,9,39.268999999993,4,112.118999999999,5,7.37299999999959,1,101.864999999998,6,33.9890000000014,4,0,0,2.58299999999872,3,0,0,1.04200000000128,1,67.8759999999966,2,9,151.387999999992,6,101.864999999998,1,21.1170000000056,5,112.118999999999,3,47.6659999999902,6,103.722000000002,2,70.8869999999952,1,6.80999999999767,6,88.1869999999981,4,109.601999999999,0,0,359.190999999977,77,34,21,24,32,26,24,95,1924.21209756352,661.203000000001,17,14,45.2649999999994,2,NA,NA,NA,NA
"G73_2","000724FA69",21.0759999999937,8,0,0,0,0,0,0,0,0,0,0,0,0,0,0,0.64100000000326,1,0,0,0,0,13.7920000000013,1,0,0,0,0,0,0,5,97.9019999999946,0,0,0,0,0,0,0,0,0,0,0,0,0,0,127.008000000002,27,0,0,0,0,0,21,61,1360.68467791743,341.139000000003,13,7,65.9329999999973,5,NA,NA,NA,NA
"G73_2","000724FC73",3.54699999999866,2,270.955999999998,10,5.2390000000014,1,265.716999999997,9,194.445,5,99.8869999999952,7,30.1560000000027,3,0,0,1.14199999999983,1,0,0,0,0,69.7309999999925,4,10,270.955999999998,7,99.8869999999952,3,130.252,9,265.716999999997,3,194.067000000003,7,76.8889999999956,0,0,1,12.6440000000002,10,238.27199999999,0,0,4,61.7700000000041,560.177999999985,120,100,21,57,58,49,57,89,1677.9430823816,652.444999999985,9,8,80.1770000000033,6,NA,NA,NA,NA
"G74_1","000724B965",12.2160000000149,4,74.8690000000061,4,34.0540000000037,3,40.8150000000023,1,0,0,17.6400000000067,2,17.6400000000067,2,17.6400000000067,2,0,0,0,0,0,0,0,0,4,74.8690000000061,2,17.6400000000067,0,0,1,40.8150000000023,1,19.7430000000022,3,55.1260000000038,1,10.8680000000022,0,0,1,40.8150000000023,1,6.77200000000448,0,0,96.5630000000165,20,16,3,8,16,3,8,31,806.497585165087,225.492000000042,10,9,144.156999999999,2,"1",25.2829462994981,55.7041515508494,37.1361010338996
"G74_1","000724C2D7",3.66500000000087,1,91.2530000000042,4,6.79300000000512,1,84.4599999999991,3,37.4350000000049,1,0,0,0,0,0,0,0,0,0,0,0,0,0,0,4,91.2530000000042,0,0,0,0,3,84.4599999999991,2,51.9749999999985,2,39.2780000000057,0,0,0,0,1,32.4850000000006,0,0,0,0,97.5720000000074,20,27,0,18,19,0,18,18,464.82105958305,335.13700000001,7,6,187.989999999998,3,"2",25.2829462994981,55.7041515508494,37.1361010338996
"G74_1","000724D4E8",2.46300000000338,1,6.04000000000087,1,6.04000000000087,1,0,0,0,0,0,0,0,0,0,0,0,0,0,0,0,0,0,0,1,6.04000000000087,0,0,0,0,0,0,0,0,1,6.04000000000087,0,0,0,0,0,0,0,0,0,0,6.04000000000087,1,1,0,0,1,0,0,2,49.1777642842779,8.50300000000425,2,1,809.928999999996,6,"3",18.5680505169498,55.7041515508494,37.1361010338996
"G74_1","000724DF31",3.62799999999697,1,14.9140000000043,1,0,0,14.9140000000043,1,0,0,0,0,0,0,0,0,0,0,0,0,0,0,0,0,1,14.9140000000043,0,0,0,0,1,14.9140000000043,1,14.9140000000043,0,0,0,0,0,0,0,0,0,0,0,0,16.2150000000038,3,3,0,3,3,0,3,7,119.918378072788,45.2709999999934,4,3,721.919999999998,5,NA,NA,NA,NA
"G74_1","000724E0AA",2.44499999999971,1,9.01600000000326,1,9.01600000000326,1,0,0,0,0,0,0,0,0,0,0,0,0,0,0,0,0,0,0,1,9.01600000000326,0,0,0,0,0,0,0,0,1,9.01600000000326,0,0,0,0,0,0,0,0,0,0,10.3280000000086,2,1,0,0,1,0,0,10,223.776083553823,18.0690000000031,2,1,44.4199999999983,1,NA,NA,NA,NA
"G74_1","000724FE77",0,0,0,0,0,0,0,0,0,0,0,0,0,0,0,0,0,0,0,0,0,0,0,0,0,0,0,0,0,0,0,0,0,0,0,0,0,0,0,0,0,0,0,0,0,0,0,NA,0,0,0,0,0,0,2,0,9.62400000000343,1,1,221.881000000001,4,NA,NA,NA,NA
"G74_2","000724B965",12.6010000000024,5,82.9479999999967,4,0,0,82.9479999999967,4,13.3990000000049,1,41.6779999999999,4,41.6779999999999,4,0,0,5.11799999999494,2,0,0,0,0,0,0,4,82.9479999999967,4,41.6779999999999,1,6.91299999999319,3,76.0350000000035,0,0,4,82.9479999999967,1,5.1820000000007,2,23.3129999999946,0,0,4,99.3320000000094,0,0,150.40100000002,32,20,8,17,17,10,16,63,1536.27444789567,325.093000000001,15,9,39.1140000000014,2,"1",39.0537729203903,29.9669751515954,29.1705699298784
"G74_2","000724C2D7",4.85099999998783,3,103.154999999992,5,23.1009999999951,3,80.0539999999964,2,0,0,9.88700000000244,1,0,0,0,0,0,0,0,0,0,0,9.88700000000244,1,5,103.154999999992,1,9.88700000000244,1,15.7219999999943,2,80.0539999999964,2,27.6299999999901,3,75.5250000000015,0,0,2,69.6920000000027,0,0,0,0,0,0,115.847000000002,24,22,2,17,22,5,17,26,535.206876790691,175.842999999986,9,9,49.0310000000027,4,"2",39.0537729203903,38.0962234649372,32.8313038596428
"G74_2","000724D4E8",11.9719999999943,5,471.406999999992,8,65.7019999999975,3,405.704999999994,5,0,0,0,0,0,0,0,0,1.85399999999208,2,0,0,0.52100000000064,1,0,0,8,471.406999999992,0,0,0,0,5,405.704999999994,1,203.331999999995,7,268.074999999997,0,0,1,53.6970000000001,3,175.412000000004,0,0,1,26.9609999999957,490.98799999999,105,101,0,87,101,0,87,66,1390.01335149622,607.795999999973,14,8,45.8150000000023,3,"3",43.2702449874584,29.9669751515954,32.8313038596428
"G74_2","000724DF31",2.34599999999773,1,388.150999999998,8,21.9069999999992,2,366.243999999999,6,143.772999999994,1,0,0,0,0,0,0,7.09100000000035,3,0,0,2.17500000000291,1,0,0,8,388.150999999998,0,0,0,0,6,366.243999999999,2,122.910999999993,6,265.240000000005,0,0,1,8.9230000000025,6,400.089999999997,0,0,0,0,547.550999999985,117,114,0,78,83,0,78,36,917.178798303281,621.04399999998,10,9,58.5710000000036,6,NA,NA,NA,NA
"G74_2","000724E0AA",9.62700000000768,5,288.75499999999,6,0,0,288.75499999999,6,102.177000000003,3,23.7609999999986,2,23.7609999999986,2,0,0,7.75299999999697,4,0,0,0,0,0,0,6,288.75499999999,2,23.7609999999986,1,139.547999999995,6,288.75499999999,1,32.9259999999995,5,255.828999999991,1,18.6820000000007,0,0,6,269.841999999997,3,93.2429999999949,0,0,437.34399999999,94,84,5,62,62,35,62,52,1030.07203432968,489.687999999995,8,4,36.1789999999964,1,NA,NA,NA,NA
"G74_2","000724FE77",10.8499999999985,5,198.086000000003,11,6.16000000000349,1,191.925999999999,10,23.1600000000035,2,2.98400000000402,1,0,0,0,0,1.57400000000052,3,0,0,0,0,2.98400000000402,1,11,198.086000000003,1,2.98400000000402,0,0,10,191.925999999999,0,0,11,198.086000000003,0,0,3,50.5210000000006,0,0,0,0,9,176.865000000005,308.850000000035,66,47,0,41,42,0,41,131,3970.08096080912,457.804000000047,17,9,54.2220000000016,5,NA,NA,NA,NA
"G75_1","000724C225",0,0,0,0,0,0,0,0,0,0,0,0,0,0,0,0,0,0,0,0,0,0,0,0,0,0,0,0,0,0,0,0,0,0,0,0,0,0,0,0,0,0,0,0,0,0,6.11999999999534,1,0,0,0,0,0,0,3,67.5493628908674,13.893999999993,3,1,845.370000000003,4,"1",NA,23.0727926909294,NA
"G75_1","000724C377",0,0,9.14899999999761,1,9.14899999999761,1,0,0,0,0,3.53600000000006,1,3.53600000000006,1,0,0,0,0,0,0,0,0,0,0,1,9.14899999999761,1,3.53600000000006,0,0,0,0,0,0,1,9.14899999999761,0,0,0,0,0,0,0,0,0,0,17.6449999999822,3,1,0,0,1,0,0,9,199.34432091755,31.4979999999705,3,2,371.821000000004,3,"2",NA,NA,26.1543533519543
"G75_1","000724CD8E",4.28900000000431,2,0,0,0,0,0,0,0,0,0,0,0,0,0,0,0,0,0,0,0,0,0,0,0,0,0,0,0,0,0,0,0,0,0,0,0,0,0,0,0,0,0,0,0,0,12.0370000000185,2,0,0,0,0,0,0,31,703.12503977359,27.2120000000286,3,0,-32.3289999999979,1,"3",NA,23.0727926909294,26.1543533519543
"G75_1","000724F217",0,0,0,0,0,0,0,0,0,0,0,0,0,0,0,0,0,0,0,0,0,0,0,0,0,0,0,0,0,0,0,0,0,0,0,0,0,0,0,0,0,0,0,0,0,0,1.57200000000012,0,0,0,0,0,0,0,2,32.0822770388886,3.01400000000285,0,0,NA,NA,NA,NA,NA,NA
"G75_1","000724FA69",0,0,0,0,0,0,0,0,0,0,0,0,0,0,0,0,0,0,0,0,0,0,0,0,0,0,0,0,0,0,0,0,0,0,0,0,0,0,0,0,0,0,0,0,0,0,0.180000000000291,0,0,0,0,0,0,0,2,18.5680505169498,6.43400000000111,1,1,-30.7960000000021,2,NA,NA,NA,NA
"G75_1","000724FC73",1.32300000000396,1,0,0,0,0,0,0,0,0,0,0,0,0,0,0,0,0,0,0,0,0,0,0,0,0,0,0,0,0,0,0,0,0,0,0,0,0,0,0,0,0,0,0,0,0,1.28299999999581,0,0,0,0,0,0,0,2,18.5,2.60599999999977,0,0,NA,NA,NA,NA,NA,NA
"G75_2","000724C225",9.3269999999975,5,31.1009999999951,3,31.1009999999951,3,0,0,0,0,72.5299999999843,5,41.8839999999836,3,0,0,5.25899999999092,4,8.88699999999517,1,0,0,30.6460000000006,2,3,31.1009999999951,5,72.5299999999843,1,5.72299999999814,0,0,1,17.8399999999965,2,13.2609999999986,0,0,1,7.53800000000047,0,0,0,0,0,0,48.8609999999826,10,6,15,0,6,16,0,46,1359.83751377572,255.455999999962,17,13,54.3890000000029,5,"1",29.8968381712247,47.3385133783909,43.4911768567562
"G75_2","000724C377",13.0990000000093,4,39.2589999999982,2,39.2589999999982,2,0,0,10.0889999999999,1,0,0,0,0,0,0,3.31600000000617,4,0,0,0,0,0,0,2,39.2589999999982,0,0,0,0,0,0,2,39.2589999999982,0,0,0,0,0,0,0,0,0,0,0,0,73.252000000015,15,10,0,0,8,0,0,54,1578.97932171562,298.832000000039,15,8,55.862000000001,6,"2",29.8968381712247,40.8915486613078,47.9412322218845
"G75_2","000724CD8E",13.4089999999997,6,58.4889999999941,5,45.2549999999901,4,13.234000000004,1,92.2090000000026,4,128.383999999998,10,98.5379999999932,7,0,0,5.59999999999854,2,0,0,0,0,29.846000000005,3,5,58.4889999999941,10,128.383999999998,1,10.7330000000002,1,13.234000000004,4,50.2439999999988,1,8.24499999999534,0,0,0,0,0,0,0,0,0,0,99.2460000000065,21,32,27,2,12,29,2,110,3376.62144432038,526.633000000009,17,11,22.3090000000011,1,"3",31.6165729927989,47.3385133783909,47.9412322218845
"G75_2","000724F217",6.30999999999767,3,94.8299999999945,9,0,0,94.8299999999945,9,55.2620000000024,2,56.6510000000053,7,50.8310000000056,6,13.6789999999964,1,4.88999999999942,3,0,0,0,0,5.81999999999971,1,9,94.8299999999945,7,56.6510000000053,1,30.1800000000003,9,94.8299999999945,0,0,9,94.8299999999945,1,13.6789999999964,1,10.7680000000037,0,0,0,0,8,84.0619999999908,178.604000000007,38,32,12,20,20,18,20,83,1522.63243908691,459.830000000038,12,9,30.5420000000013,3,NA,NA,NA,NA
"G75_2","000724FA69",21.1239999999889,8,0,0,0,0,0,0,0,0,3.63400000000547,1,3.63400000000547,1,0,0,4.16500000000815,2,0,0,0,0,0,0,0,0,1,3.63400000000547,0,0,0,0,0,0,0,0,0,0,0,0,0,0,0,0,0,0,14.3680000000095,3,0,0,0,0,0,0,55,1710.72186831756,104.109000000004,11,2,50.7819999999992,4,NA,NA,NA,NA
"G75_2","000724FC73",6.04900000000634,3,309.655999999988,11,43.2050000000017,2,266.450999999986,9,26.4429999999993,2,157.058999999994,7,152.712999999996,6,0,0,0.97099999999773,1,0,0,0,0,4.34599999999773,1,11,309.655999999988,7,157.058999999994,2,39.6209999999992,9,266.450999999986,3,109.731,8,199.924999999988,0,0,1,7.11299999999756,13,320.026999999995,0,0,1,29.0479999999952,486.176999999996,104,72,33,57,66,42,57,50,995.647438928734,742.620999999992,11,7,27.8890000000029,2,NA,NA,NA,NA
"G76_1","000724B965",5.53199999999924,2,84.9020000000091,4,0,0,84.9020000000091,4,0,0,108.570999999989,3,102.138999999996,1,102.138999999996,1,0,0,0,0,3.13600000000588,1,6.43199999999342,2,4,84.9020000000091,3,108.570999999989,0,0,4,84.9020000000091,0,0,4,84.9020000000091,1,102.138999999996,1,25.0869999999995,0,0,2,51.4900000000052,1,8.32500000000437,213.073000000011,45,18,23,18,18,23,18,32,676.827268990318,258.835000000014,10,5,79.9360000000015,2,"1",38.2313957623328,24.6364551254147,28.775
"G76_1","000724C2D7",12.9590000000171,6,155.845000000001,7,57.8839999999982,1,97.961000000003,6,0,0,11.6580000000031,1,11.6580000000031,1,11.6580000000031,1,0.541000000004715,1,0,0,0,0,0,0,7,155.845000000001,1,11.6580000000031,1,33.8479999999981,6,97.961000000003,1,33.8479999999981,6,121.997000000003,0,0,3,86.4910000000018,0,0,0,0,4,47.1640000000043,186.211999999978,40,33,2,21,33,9,21,36,827.561353776823,283.703999999991,14,8,339.896999999997,4,"2",38.2313957623328,23.2100631461873,43.8549837750494
"G76_1","000724D4E8",0,0,7.6710000000021,1,7.6710000000021,1,0,0,46.8790000000008,1,11.4490000000005,1,0,0,0,0,0.942999999999302,1,0,0,0,0,11.4490000000005,1,1,7.6710000000021,1,11.4490000000005,0,0,0,0,0,0,1,7.6710000000021,0,0,0,0,0,0,0,0,0,0,8.10200000000623,1,11,2,0,1,2,0,18,429.958654500627,110.257000000027,3,3,530.934999999998,6,"3",18.5510378877124,24.6364551254147,43.8549837750494
"G76_1","000724DF31",6.11900000000605,2,149.967000000004,4,19.1670000000013,1,130.800000000003,3,0,0,0,0,0,0,0,0,0,0,0,0,0,0,0,0,4,149.967000000004,0,0,0,0,3,130.800000000003,2,49.9590000000026,2,100.008000000002,0,0,0,0,2,100.008000000002,0,0,0,0,154.44400000001,33,32,0,28,32,0,28,10,148.204151550849,167.628000000019,6,3,408.419000000002,5,NA,NA,NA,NA
"G76_1","000724E0AA",1.1929999999993,1,385.353999999999,15,46.6229999999996,3,338.731,12,114.297999999995,3,0,0,0,0,0,0,0.512000000002445,1,0,0,0,0,0,0,15,385.353999999999,0,0,0,0,12,338.731,4,172.726999999992,11,212.627000000008,0,0,0,0,15,333.295000000006,0,0,0,0,525.344999999994,112,107,0,72,82,0,72,48,861.638019069322,623.807999999997,8,7,52.0690000000031,1,NA,NA,NA,NA
"G76_1","000724FE77",2.79500000000553,2,7.99300000000221,1,7.99300000000221,1,0,0,0,0,0,0,0,0,0,0,0,0,0,0,0,0,0,0,1,7.99300000000221,0,0,0,0,0,0,0,0,1,7.99300000000221,0,0,0,0,0,0,0,0,0,0,22.5390000000043,4,1,0,0,1,0,0,21,418.954117902927,59.1310000000012,6,2,330.911,3,NA,NA,NA,NA
"G76_2","000724B965",9.04500000000553,4,62.25,4,5.5789999999979,1,56.6710000000021,3,42.7419999999984,1,278.938000000002,3,140.940000000002,2,121.846000000005,1,0.961999999999534,1,0,0,0,0,137.998,1,4,62.25,3,278.938000000002,0,0,3,56.6710000000021,0,0,4,62.25,0,0,2,46.5630000000019,0,0,0,0,1,10.1080000000002,77.6379999999917,16,22,59,12,13,59,12,33,904.720124252577,472.744000000006,11,7,52.023000000001,4,"1",19.6240225499931,30.1242664804081,30.1382363625055
"G76_2","000724C2D7",5.45100000000093,2,32.0410000000047,2,16.5930000000008,1,15.448000000004,1,0,0,7.50699999999779,1,0,0,0,0,0,0,0,0,0,0,7.50699999999779,1,2,32.0410000000047,1,7.50699999999779,0,0,1,15.448000000004,1,16.5930000000008,1,15.448000000004,0,0,0,0,1,15.448000000004,0,0,0,0,32.5520000000106,6,6,1,3,6,1,3,15,303.861817543416,299.162000000011,7,5,41.413999999997,2,"2",19.6240225499931,32.5972442408674,29.1725464753108
"G76_2","000724D4E8",3.21600000000035,2,284.960999999996,9,35.1800000000003,4,249.780999999995,5,268.984000000004,3,22.5099999999948,2,22.5099999999948,2,0,0,2.39500000000407,3,7.51299999999901,1,0,0,0,0,9,284.960999999996,2,22.5099999999948,0,0,5,249.780999999995,3,118.309999999998,6,166.650999999998,1,7.51299999999901,1,13.9310000000041,7,217.329999999987,0,0,0,0,588.549000000006,126,119,4,53,61,4,53,35,748.356549234853,616.63400000002,8,7,52.885000000002,5,"3",19.826910593135,30.1242664804081,29.1725464753108
"G76_2","000724DF31",2.84700000000157,1,163.266999999993,6,9.75700000000506,1,153.509999999987,5,240.298999999999,4,21.6460000000006,2,0,0,0,0,2.125,1,0,0,0,0,21.6460000000006,2,6,163.266999999993,2,21.6460000000006,0,0,5,153.509999999987,1,25.0590000000011,5,138.207999999991,1,16.4380000000019,1,7.37199999999575,1,18.1739999999991,4,311.320999999989,1,24.7620000000024,433.815999999992,93,86,4,32,35,4,32,42,703.239790938712,538.581999999988,11,9,55.2079999999987,6,NA,NA,NA,NA
"G76_2","000724E0AA",6.23999999999796,3,0,0,0,0,0,0,0,0,7.29100000000471,1,0,0,0,0,0,0,0,0,0,0,7.29100000000471,1,0,0,1,7.29100000000471,0,0,0,0,0,0,0,0,0,0,0,0,0,0,0,0,0,0,0,NA,0,1,0,0,1,0,15,303.861817543416,102.399999999994,6,5,33.9020000000019,1,NA,NA,NA,NA
"G76_2","000724FE77",22.1470000000045,8,216.067999999999,16,21.0649999999951,2,195.003000000004,14,8.15499999999884,1,23.3709999999992,3,13.1100000000006,2,0,0,6.92000000000553,3,8.57400000000052,1,0,0,10.2609999999986,1,16,216.067999999999,3,23.3709999999992,0,0,14,195.003000000004,2,24.9550000000017,14,191.112999999998,0,0,4,99.0089999999982,4,35.4609999999957,0,0,9,83.6330000000016,306.527999999984,65,48,5,41,46,5,41,106,2891.29240014837,425.97600000001,14,8,49.3190000000031,3,NA,NA,NA,NA
"G77_1","000724C225",3.38500000000204,1,86.7640000000029,4,0,0,86.7640000000029,4,14.8790000000008,1,116.749000000003,3,11.1730000000025,2,0,0,6.36200000000099,2,6.49300000000221,1,0,0,105.576000000001,1,4,86.7640000000029,3,116.749000000003,0,0,4,86.7640000000029,1,18.7309999999998,3,68.0330000000031,1,105.576000000001,2,18.6960000000036,1,6.49300000000221,1,49.3369999999995,1,14.8790000000008,228.860000000001,49,21,25,18,18,25,18,18,348.337881178519,246.299000000006,9,6,498.642999999996,5,"1",26.7532325486365,26.4889752951233,32.3974428374566
"G77_1","000724C377",12.6949999999997,4,19.5939999999973,3,19.5939999999973,3,0,0,8.87400000000343,1,62.1610000000073,3,41.0650000000023,2,0,0,0,0,0,0,0,0,21.096000000005,1,3,19.5939999999973,3,62.1610000000073,0,0,0,0,0,0,3,19.5939999999973,0,0,0,0,0,0,0,0,0,0,33.1849999999977,7,6,13,0,4,13,0,43,1108.99062842707,412.229000000007,13,10,337.737000000001,4,"2",26.7532325486365,25.8683479573299,27.4362498172906
"G77_1","000724CD8E",10.2249999999913,5,191.898000000008,6,24.2220000000088,2,167.675999999999,4,0,0,3.80600000000413,1,3.80600000000413,1,0,0,7.42299999999523,5,0,0,0,0,0,0,6,191.898000000008,1,3.80600000000413,1,102.402999999998,4,167.675999999999,3,170.822000000007,3,21.0760000000009,0,0,0,0,3,21.0760000000009,0,0,0,0,224.371000000006,48,41,0,36,41,22,36,65,2148.27923187222,278.749000000018,13,5,12.7019999999975,2,"3",23.035603001361,26.4889752951233,27.4362498172906
"G77_1","000724F217",10.3180000000066,4,0,0,0,0,0,0,0,0,0,0,0,0,0,0,0,0,0,0,0,0,0,0,0,0,0,0,0,0,0,0,0,0,0,0,0,0,0,0,0,0,0,0,0,0,4.78600000000006,1,0,0,0,0,0,0,8,225.864554077777,16.237000000001,4,0,337.025999999998,3,NA,NA,NA,NA
"G77_1","000724FA69",12.775999999998,5,49.5109999999986,3,11.6719999999987,1,37.8389999999999,2,16.4880000000048,1,67.7809999999954,5,33.2159999999931,4,0,0,7.12399999999616,3,23.8589999999967,2,0,0,34.5650000000023,1,3,49.5109999999986,5,67.7809999999954,0,0,2,37.8389999999999,1,11.6719999999987,2,37.8389999999999,2,52.015999999996,1,21.398000000001,0,0,3,27.9750000000058,1,16.4409999999989,146.138999999988,31,14,14,8,10,14,8,46,1075.54823271808,212.932999999983,11,6,11.9809999999998,1,NA,NA,NA,NA
"G77_1","000724FC73",5.43000000000757,2,0,0,0,0,0,0,44.260000000002,1,6.42200000000594,1,6.42200000000594,1,0,0,0,0,0,0,0,0,0,0,0,0,1,6.42200000000594,0,0,0,0,0,0,0,0,0,0,0,0,0,0,0,0,0,0,5.90600000000268,1,9,1,0,0,1,0,21,603.24662710426,254.610000000008,6,3,628.866999999998,6,NA,NA,NA,NA
"G77_2","000724C225",14.5760000000082,5,16.1580000000031,1,16.1580000000031,1,0,0,0,0,75.3359999999811,6,75.3359999999811,6,0,0,0.531999999999243,1,30.9729999999981,2,0,0,0,0,1,16.1580000000031,6,75.3359999999811,0,0,0,0,1,16.1580000000031,0,0,0,0,0,0,0,0,0,0,0,0,77.890999999996,16,3,16,0,3,16,0,52,1378.42514779806,224.846999999987,20,13,31.7799999999988,4,"1",41.9160245514094,41.0039899877716,17.8211155447237
"G77_2","000724C377",13.7049999999945,5,37.5359999999928,3,37.5359999999928,3,0,0,0,0,57.1550000000134,6,46.2360000000117,5,0,0,10.2300000000032,2,14.1620000000039,1,2.28299999999581,1,10.9190000000017,1,3,37.5359999999928,6,57.1550000000134,0,0,0,0,1,22.7869999999966,2,14.7489999999962,0,0,0,0,0,0,0,0,0,0,97.2099999999846,20,8,12,0,8,12,0,46,1254.86459452763,163.620999999977,13,8,26.6809999999969,3,"2",41.9160245514094,39.73461256416,26.4457212962152
"G77_2","000724CD8E",20.7860000000146,10,34.0459999999948,4,27.0149999999994,3,7.0309999999954,1,58.6770000000033,2,30.1040000000066,3,30.1040000000066,3,5.5769999999975,1,1.21100000000297,1,6.76100000000588,1,0,0,0,0,4,34.0459999999948,3,30.1040000000066,1,11.9190000000017,1,7.0309999999954,1,11.9190000000017,3,22.1269999999931,0,0,1,8.49499999999534,0,0,0,0,0,0,97.7809999999881,21,19,6,1,7,9,1,76,2455.92602036297,384.718999999997,19,10,20.2699999999968,1,"3",41.7506527681457,41.0039899877716,26.4457212962152
"G77_2","000724F217",9.49599999998463,5,0,0,0,0,0,0,341.178999999996,4,142.562999999995,12,130.976999999999,11,0,0,7.4429999999993,5,105.957000000002,6,0,0,0,0,0,0,12,142.562999999995,0,0,0,0,0,0,0,0,0,0,0,0,0,0,0,0,0,0,12.7390000000087,2,73,30,0,0,30,0,80,1762.67918129494,740.833999999995,11,7,37.7300000000032,6,NA,NA,NA,NA
"G77_2","000724FA69",10.3629999999976,4,38.4909999999945,4,21.9739999999947,3,16.5169999999998,1,0,0,17.1580000000031,3,17.1580000000031,3,0,0,10.0619999999981,3,0,0,0,0,0,0,4,38.4909999999945,3,17.1580000000031,0,0,1,16.5169999999998,1,10.7209999999977,3,27.7699999999968,0,0,0,0,2,21.6469999999972,0,0,0,0,76.6730000000098,16,8,3,3,8,3,3,51,1544.28221304687,133.338000000025,10,6,32.2520000000004,5,NA,NA,NA,NA
"G77_2","000724FC73",11.7719999999972,6,0,0,0,0,0,0,215.004000000001,4,250.124000000011,4,213.161000000007,3,0,0,4.38799999999901,3,0,0,0,0,0,0,0,0,4,250.124000000011,0,0,0,0,0,0,0,0,0,0,0,0,0,0,0,0,0,0,4.55800000000454,0,46,53,0,0,53,0,28,625.919574602271,577.706000000013,7,2,23.6359999999986,2,NA,NA,NA,NA
"G78_1","000724B965",10.8489999999947,4,175.531999999999,5,0,0,175.531999999999,5,0,0,24.8709999999992,2,11.1779999999999,1,11.1779999999999,1,1.37299999999959,3,0,0,0,0,13.6929999999993,1,5,175.531999999999,2,24.8709999999992,1,36.1739999999991,5,175.531999999999,0,0,5,175.531999999999,1,11.1779999999999,2,94.291999999994,0,0,1,10.6170000000056,3,84.3159999999989,202.686999999998,43,37,5,37,37,13,37,20,418.531446227989,234.486999999994,8,5,186.510000000002,6,"1",29.0353494487108,64.1645540777772,NA
"G78_1","000724C2D7",14.5449999999983,5,194.511999999995,9,51.5319999999992,1,142.979999999996,8,54.3190000000031,2,6.08899999999994,1,6.08899999999994,1,0,0,0,0,6.08899999999994,1,0,0,0,0,9,194.511999999995,1,6.08899999999994,0,0,8,142.979999999996,1,51.5319999999992,8,142.979999999996,0,0,2,36.9099999999962,4,50.1180000000095,0,0,6,138.433999999994,278.698000000004,59,53,1,30,41,1,30,50,1037.02802682096,452.17200000002,14,11,53.3660000000018,1,"2",29.0353494487108,NA,20.6283889981064
"G78_1","000724D4E8",5.95999999999913,2,6.62099999999919,1,6.62099999999919,1,0,0,0,0,0,0,0,0,0,0,0,0,0,0,0,0,0,0,1,6.62099999999919,0,0,0,0,0,0,0,0,1,6.62099999999919,0,0,0,0,0,0,0,0,0,0,12.2729999999938,2,1,0,0,1,0,0,12,180.676353618649,59.1419999999925,4,2,98.9250000000029,4,"3",NA,64.1645540777772,20.6283889981064
"G78_1","000724DF31",2.63500000000204,1,0,0,0,0,0,0,0,0,0,0,0,0,0,0,1.46399999999994,1,0,0,0,0,0,0,0,0,0,0,0,0,0,0,0,0,0,0,0,0,0,0,0,0,0,0,0,0,1.67199999999866,0,0,0,0,0,0,0,7,106.3361010339,104.170999999988,3,2,66.3050000000003,3,NA,NA,NA,NA
"G78_1","000724E0AA",8.02199999999721,5,306.664000000004,11,56.8689999999988,3,249.795000000006,8,16.0469999999987,1,0,0,0,0,0,0,1.64399999999296,3,0,0,2.14299999999639,1,0,0,11,306.664000000004,0,0,0,0,8,249.795000000006,4,90.5219999999972,7,216.142000000007,0,0,0,0,8,232.189000000006,0,0,0,0,331.746999999988,71,69,0,53,65,0,53,55,1058.8157833536,482.136999999966,12,9,55.4089999999997,2,NA,NA,NA,NA
"G78_1","000724FE77",23.3499999999913,7,0,0,0,0,0,0,0,0,34.8680000000022,3,34.8680000000022,3,8.21600000000035,1,0,0,26.6520000000019,2,0,0,0,0,0,0,3,34.8680000000022,0,0,0,0,0,0,0,0,0,0,0,0,0,0,0,0,0,0,22.4780000000173,4,0,7,0,0,7,0,34,609.333825909448,123.322000000007,11,1,159.207000000002,5,NA,NA,NA,NA
"G78_2","000724B965",5.99199999999837,3,39.0030000000115,6,5.12799999999697,1,33.8750000000146,5,16.2149999999965,1,22.8979999999938,2,22.8979999999938,2,0,0,0,0,0,0,0,0,0,0,6,39.0030000000115,2,22.8979999999938,1,5.57700000000477,4,28.2980000000098,0,0,6,39.0030000000115,0,0,1,7.59000000000378,0,0,0,0,0,0,89.8690000000206,19,11,4,7,8,6,6,61,1569.25069570423,363.191000000028,16,10,36.7869999999966,1,"1",36.2347237488842,34.5844344888914,36.293618711256
"G78_2","000724C2D7",13.1529999999912,4,71.2279999999955,7,43.1709999999948,5,28.0570000000007,2,12.9309999999969,1,0,0,0,0,0,0,0,0,0,0,0,0,0,0,7,71.2279999999955,0,0,0,0,2,28.0570000000007,2,30.7279999999955,5,40.5,0,0,0,0,1,11.7150000000038,0,0,0,0,91.4040000000023,19,18,0,6,15,0,6,39,882.857202225974,189.134000000013,16,10,36.9780000000028,2,"2",36.2347237488842,31.216572547699,39.6055809145721
"G78_2","000724D4E8",7.96500000001106,4,113.608999999997,8,34.6910000000062,5,78.9179999999906,3,237.359000000004,2,54.9000000000015,1,54.9000000000015,1,54.9000000000015,1,0,0,0,0,0,0,0,0,8,113.608999999997,1,54.9000000000015,0,0,3,78.9179999999906,2,49.0199999999968,6,64.5889999999999,0,0,1,5.12799999999697,4,196.695000000007,0,0,1,136.214,449.314999999995,96,75,11,16,24,11,16,75,1797.70213904356,608.772999999994,21,15,44.9320000000007,4,"3",35.9212992085376,34.5844344888914,39.6055809145721
"G78_2","000724DF31",14.7099999999991,5,433.988000000012,9,20.9500000000044,2,413.038000000008,7,22.0659999999989,1,15.4359999999942,2,0,0,0,0,1.06299999999464,2,0,0,0,0,15.4359999999942,2,9,433.988000000012,2,15.4359999999942,0,0,7,413.038000000008,2,202.252000000008,7,231.736000000004,0,0,1,127.241000000002,2,25.7180000000008,0,0,4,91.7989999999991,474.189999999995,101,98,3,88,93,3,88,48,919.546935673673,625.376999999986,16,12,48.7280000000028,6,NA,NA,NA,NA
"G78_2","000724E0AA",5.74999999999272,3,88.6390000000101,5,7.24300000000221,1,81.3960000000079,4,0,0,3.86800000000221,1,0,0,0,0,0,0,0,0,1.75399999999354,2,3.86800000000221,1,5,88.6390000000101,1,3.86800000000221,0,0,4,81.3960000000079,1,51.3940000000002,4,37.2450000000099,0,0,1,6.47200000000157,1,6.16000000000349,0,0,1,17.3700000000026,110.974000000017,23,19,0,17,19,0,17,36,881.519287713659,220.789000000012,15,9,42.5369999999966,3,NA,NA,NA,NA
"G78_2","000724FE77",12.0950000000012,5,174.950999999994,7,13.2779999999912,2,161.673000000003,5,8.54699999999866,1,0,0,0,0,0,0,2.46500000000378,3,0,0,0,0,0,0,7,174.950999999994,0,0,0,0,5,161.673000000003,0,0,7,174.950999999994,0,0,3,140.568999999996,0,0,0,0,3,30.8309999999983,240.165999999961,51,39,0,34,37,0,34,99,2732.559521799,360.751999999986,14,9,48.4190000000017,5,NA,NA,NA,NA
"G79_1","000724C225",12.8269999999975,6,23.3689999999988,3,8.74300000000221,1,14.6259999999966,2,0,0,11.0659999999989,3,2.56300000000192,1,0,0,0,0,0,0,0,0,8.50299999999697,2,3,23.3689999999988,3,11.0659999999989,0,0,2,14.6259999999966,0,0,3,23.3689999999988,0,0,0,0,0,0,0,0,0,0,60.8739999999962,13,5,2,3,5,2,3,50,1739.00287879144,184.890999999989,19,9,73.9749999999985,2,"1",34.626416948612,40.600314933636,48.5405154977861
"G79_1","000724C377",17.6460000000079,7,67.1460000000079,6,47.8160000000062,4,19.3300000000017,2,0,0,10.0169999999998,2,10.0169999999998,2,0,0,6.75100000000384,3,0,0,0.450999999993655,1,0,0,6,67.1460000000079,2,10.0169999999998,1,11.0480000000025,2,19.3300000000017,3,49.1549999999988,3,17.9910000000091,0,0,0,0,2,12.6120000000083,0,0,0,0,107.133000000031,23,14,2,4,14,4,4,86,2549.94091951067,270.876999999986,21,11,70.4599999999991,1,"2",34.626416948612,40.8141712383624,45.0644115084351
"G79_1","000724CD8E",16.2879999999932,6,36.7940000000017,4,13.5769999999975,2,23.2170000000042,2,47.1760000000068,2,24.6710000000021,4,24.6710000000021,4,0,0,6.78800000000774,3,15.7770000000019,1,0,0,0,0,4,36.7940000000017,4,24.6710000000021,0,0,2,23.2170000000042,1,10.8070000000007,3,25.987000000001,0,0,1,5.12200000000303,3,62.9530000000086,0,0,1,12.4100000000035,144.019000000029,30,18,5,4,7,5,4,77,2064.11196032136,214.834000000039,15,5,90.7390000000014,4,"3",32.8646323095413,40.600314933636,45.0644115084351
"G79_1","000724F217",13.4499999999971,5,0,0,0,0,0,0,38.5609999999942,2,3.03500000000349,1,3.03500000000349,1,0,0,8.59599999999045,6,0,0,0,0,0,0,0,0,1,3.03500000000349,0,0,0,0,0,0,0,0,0,0,0,0,0,0,0,0,0,0,7.16099999999278,1,8,0,0,0,0,0,42,817.906027977247,356.833999999959,12,3,102.027999999998,5,NA,NA,NA,NA
"G79_1","000724FA69",12.2170000000042,4,5.13000000000466,1,0,0,5.13000000000466,1,35.4789999999994,3,42.9959999999992,6,40.2010000000009,5,0,0,14.5920000000042,10,6.9230000000025,1,0.993000000002212,1,2.79499999999825,1,1,5.13000000000466,6,42.9959999999992,0,0,1,5.13000000000466,0,0,1,5.13000000000466,0,0,1,5.13000000000466,0,0,0,0,0,0,95.4210000000239,20,8,9,1,1,9,1,119,3110.07228461191,219.904000000039,14,7,81.747000000003,3,NA,NA,NA,NA
"G79_1","000724FC73",11.8530000000028,5,65.3899999999921,2,0,0,65.3899999999921,2,365.876999999993,2,189.833999999995,1,189.833999999995,1,0,0,0,0,0,0,0,0,0,0,2,65.3899999999921,1,189.833999999995,0,0,2,65.3899999999921,1,24.0139999999956,1,41.3759999999966,0,0,0,0,1,41.3759999999966,0,0,0,0,70.9859999999971,15,92,40,14,14,40,14,38,813.536087618824,617.821000000025,10,5,173.411999999997,6,NA,NA,NA,NA
"G79_2","000724C225",11.4069999999847,5,0,0,0,0,0,0,0,0,6.51900000000023,1,6.51900000000023,1,0,0,3.58599999999569,2,0,0,0,0,0,0,0,0,1,6.51900000000023,0,0,0,0,0,0,0,0,0,0,0,0,0,0,0,0,0,0,12.0049999999974,2,0,1,0,0,1,0,28,919.710211952257,116.288,13,9,42.6070000000036,6,"1",27.8226447429611,42.380883034883,36.0383595213867
"G79_2","000724C377",4.99800000000687,2,14.0069999999905,2,14.0069999999905,2,0,0,0,0,2.69700000000012,1,0,0,0,0,0,0,0,0,0,0,2.69700000000012,1,2,14.0069999999905,1,2.69700000000012,0,0,0,0,0,0,2,14.0069999999905,0,0,0,0,0,0,0,0,0,0,14.8579999999929,3,3,0,0,3,0,0,14,404.62729467714,78.1289999999863,8,6,27.2719999999972,3,"2",27.8226447429611,35.3445635235091,38.675250638649
"G79_2","000724CD8E",8.03399999999965,4,44.3170000000173,4,15.3740000000107,2,28.9430000000066,2,100.55799999999,7,105.887000000002,13,66.4030000000057,8,22.239999999998,2,2.26499999999942,2,6.83999999999651,1,0,0,39.4839999999967,5,4,44.3170000000173,13,105.887000000002,0,0,2,28.9430000000066,0,0,4,44.3170000000173,1,6.09000000000378,0,0,0,0,14,172.062999999995,0,0,251.969000000026,54,31,22,6,9,22,6,94,2243.01857837271,345.143000000018,8,5,26.3009999999995,2,"3",22.8912601583445,42.380883034883,38.675250638649
"G79_2","000724F217",15.1449999999895,6,32.9020000000019,4,11.8899999999921,2,21.0120000000097,2,6.86000000000058,1,102.049000000014,14,50.1730000000025,7,13.377999999997,1,3.09500000000116,2,6.86000000000058,1,14.4210000000021,3,51.8760000000111,7,4,32.9020000000019,14,102.049000000014,1,5.00699999999779,2,21.0120000000097,0,0,4,32.9020000000019,1,13.377999999997,0,0,0,0,8,71.0590000000229,0,0,124.166999999994,26,8,21,4,7,23,4,101,2489.77736221259,327.875000000015,13,8,31.127999999997,4,NA,NA,NA,NA
"G79_2","000724FA69",3.88700000000244,1,11.8000000000029,2,6.51900000000023,1,5.28100000000268,1,0,0,25.3020000000033,4,25.3020000000033,4,0,0,1.33299999999872,2,10.8680000000022,1,4.125,1,0,0,2,11.8000000000029,4,25.3020000000033,0,0,1,5.28100000000268,0,0,2,11.8000000000029,1,10.8680000000022,0,0,0,0,1,5.7410000000018,0,0,64.6689999999871,13,2,5,1,2,5,1,72,1864.73486590628,143.099999999962,11,6,14.601999999999,1,NA,NA,NA,NA
"G79_2","000724FC73",6.17299999999523,4,114.491999999998,4,10.4000000000015,1,104.091999999997,3,0,0,19.7820000000065,3,14.6550000000061,2,12.0620000000054,1,2.59300000000076,1,0,0,0.180000000000291,1,5.12700000000041,1,4,114.491999999998,3,19.7820000000065,1,65.5669999999955,3,104.091999999997,2,43.9160000000047,2,70.5759999999937,0,0,0,0,2,70.5759999999937,0,0,0,0,139.720000000001,30,24,4,22,24,18,22,42,1098.75238942392,195.209999999992,10,4,38.0789999999979,5,NA,NA,NA,NA
"G8_1","000724C16B",4.95699999999488,2,159.240999999995,4,23.3459999999977,2,135.894999999997,2,22.8810000000012,1,10.7719999999972,1,0,0,0,0,0,0,0,0,0,0,10.7719999999972,1,4,159.240999999995,1,10.7719999999972,0,0,2,135.894999999997,2,82.359000000004,2,76.8819999999905,0,0,0,0,4,110.534999999989,0,0,0,0,196.582999999999,42,39,2,29,34,2,29,17,360.622529623638,207.591999999997,5,2,45.6160000000018,2,"1",61.2906938673501,84.3239097211701,54.0275465971717
"G8_1","000724C37F",6.39299999999639,4,258.688999999998,6,27.7359999999971,1,230.953000000001,5,0,0,69.2030000000013,2,69.2030000000013,2,43.7949999999983,1,0,0,0,0,0,0,0,0,6,258.688999999998,2,69.2030000000013,0,0,5,230.953000000001,3,160.031999999999,3,98.6569999999992,1,43.7949999999983,0,0,3,108.607000000004,1,15.4579999999987,0,0,330.157999999996,70,55,14,49,55,14,49,24,554.094494608771,342.686999999998,6,4,34.8389999999999,1,"2",61.2906938673501,77.0616821480428,51.8880017936152
"G8_1","000724D725",10.7809999999954,5,179.849999999999,6,49.2939999999944,5,130.556000000004,1,55.5910000000003,1,5.23200000000361,1,5.23200000000361,1,0,0,0.531000000002678,1,0,0,0,0,0,0,6,179.849999999999,1,5.23200000000361,0,0,1,130.556000000004,1,19.9599999999991,5,159.889999999999,0,0,0,0,1,130.556000000004,0,0,0,0,204.819000000003,44,50,1,28,38,1,28,45,1428.71283288792,526.031999999999,15,9,47.1800000000003,3,"3",62.1231924876369,84.3239097211701,51.8880017936152
"G8_1","000724E4F4",9.79699999999866,4,80.7850000000035,2,72.9089999999997,1,7.87600000000384,1,11.1140000000014,2,0,0,0,0,0,0,0,0,0,0,0,0,0,0,2,80.7850000000035,0,0,0,0,1,7.87600000000384,0,0,2,80.7850000000035,0,0,1,72.9089999999997,0,0,0,0,1,7.87600000000384,87.2940000000017,18,19,0,1,17,0,1,26,532.916255041079,140.801000000014,9,4,48.2410000000018,4,NA,NA,NA,NA
"G8_1","000724FA70",10.7640000000029,5,75.0610000000088,3,17.8860000000059,2,57.1750000000029,1,47.5489999999991,1,57.9649999999965,4,19.2719999999972,2,0,0,0.620999999999185,1,0,0,0,0,38.6929999999993,2,3,75.0610000000088,4,57.9649999999965,0,0,1,57.1750000000029,1,11.5220000000045,2,63.5390000000043,2,29.4349999999977,0,0,0,0,1,57.1750000000029,0,0,130.756000000001,28,26,12,12,16,12,12,72,2036.14218325539,338.58499999997,16,8,53.864999999998,5,NA,NA,NA,NA
"G8_1","000724FE72",12.4639999999927,5,49.3870000000024,3,0,0,49.3870000000024,3,0,0,150.10100000001,3,0,0,0,0,0.180000000000291,1,0,0,0,0,150.10100000001,3,3,49.3870000000024,3,150.10100000001,0,0,3,49.3870000000024,0,0,3,49.3870000000024,0,0,2,27.3450000000012,0,0,0,0,1,22.0420000000013,76.5899999999892,16,10,32,10,10,32,10,74,1974.09797606881,352.026000000034,10,5,61.5670000000027,6,NA,NA,NA,NA
"G8_2","000724C37F",0,0,0,0,0,0,0,0,0,0,0,0,0,0,0,0,0,0,0,0,0,0,0,0,0,0,0,0,0,0,0,0,0,0,0,0,0,0,0,0,0,0,0,0,0,0,1.2129999999961,0,0,0,0,0,0,0,2,18.5680505169498,1.2129999999961,0,0,NA,NA,"1",NA,NA,NA
"G8_2","000724D725",0,0,0,0,0,0,0,0,0,0,0,0,0,0,0,0,0,0,0,0,0,0,0,0,0,0,0,0,0,0,0,0,0,0,0,0,0,0,0,0,0,0,0,0,0,0,1.76499999999942,0,0,0,0,0,0,0,4,37.1361010338996,4.7410000000018,0,0,NA,NA,"2",NA,NA,32.2
"G8_2","000724E4F4",0,0,0,0,0,0,0,0,0,0,0,0,0,0,0,0,0,0,0,0,0,0,0,0,0,0,0,0,0,0,0,0,0,0,0,0,0,0,0,0,0,0,0,0,0,0,5.65899999999965,1,0,0,0,0,0,0,3,18.5680505169498,5.65899999999965,1,0,NA,NA,"3",NA,NA,32.2
"G8_2","000724FA70",6.28299999999581,2,31.3949999999968,1,0,0,31.3949999999968,1,0,0,0,0,0,0,0,0,0,0,0,0,0,0,0,0,1,31.3949999999968,0,0,0,0,1,31.3949999999968,1,31.3949999999968,0,0,0,0,0,0,0,0,0,0,0,0,31.3949999999968,6,6,0,6,6,0,6,17,601.277857262869,88.9500000000044,7,5,412.913,1,NA,NA,NA,NA
"G8_2","000724FE72",0,0,0,0,0,0,0,0,0,0,0,0,0,0,0,0,0,0,0,0,0,0,0,0,0,0,0,0,0,0,0,0,0,0,0,0,0,0,0,0,0,0,0,0,0,0,0,NA,0,0,0,0,0,0,1,0,0.32999999999447,0,0,NA,NA,NA,NA,NA,NA
"G80_1","000724B965",9.78399999999237,3,141.478999999992,7,21.2099999999991,2,120.268999999993,5,18.9120000000039,1,106.743999999999,2,54.7180000000008,1,0,0,2.53399999999965,1,0,0,1.08099999999831,1,52.025999999998,1,7,141.478999999992,2,106.743999999999,1,74.3859999999986,5,120.268999999993,2,85.8940000000002,5,55.5849999999919,1,52.025999999998,0,0,5,69.3669999999984,0,0,0,0,284.398000000016,61,34,22,25,30,38,25,50,1229.91005807263,363.194999999992,12,7,56.5469999999987,3,"1",33.8953027915981,35.0556397839049,37.1324655964464
"G80_1","000724C2D7",12.7850000000035,6,464.750000000015,13,6.54999999999563,1,458.200000000019,12,0,0,38.0239999999976,3,29.6709999999948,2,0,0,0.951999999997497,1,9.11499999999796,1,0,0,8.35300000000279,1,13,464.750000000015,3,38.0239999999976,3,101.151000000013,12,458.200000000019,1,51.2509999999966,12,413.499000000018,0,0,5,220.648000000001,3,143.090000000011,0,0,6,79.1850000000049,535.079000000005,115,99,8,98,99,29,98,55,1193.55502759018,648.903000000013,16,12,48.4250000000029,2,"2",33.8953027915981,35.1650279911472,36.0717893388199
"G80_1","000724D4E8",15.7009999999864,7,99.7779999999984,6,24.4879999999976,2,75.2900000000009,4,91.9530000000013,3,3.55500000000029,1,0,0,0,0,1.6620000000039,1,0,0,0,0,3.55500000000029,1,6,99.7779999999984,1,3.55500000000029,0,0,4,75.2900000000009,1,16.4380000000019,5,83.3399999999965,0,0,2,57.9290000000037,0,0,0,0,4,52.5149999999921,149.508999999991,32,41,0,16,21,0,16,54,1018.46996855237,434.767999999967,15,10,71.8340000000026,4,"3",31.4059432896575,35.0556397839049,36.0717893388199
"G80_1","000724DF31",1.74300000000221,1,438.433999999994,10,158.695,4,279.738999999994,6,73.0359999999928,4,40.9429999999993,2,4.33600000000297,1,0,0,4.33600000000297,1,0,0,0,0,36.6069999999963,1,10,438.433999999994,2,40.9429999999993,2,145.826999999997,6,279.738999999994,3,105.582999999999,7,332.850999999995,0,0,0,0,10,421.290999999983,0,0,0,0,564.351999999984,121,109,8,60,94,40,60,36,606.584656720348,644.754999999968,9,8,207.362999999998,5,NA,NA,NA,NA
"G80_1","000724E0AA",13.3329999999987,7,219.069000000003,13,43.8519999999917,3,175.217000000011,10,6.21100000000297,1,13.8379999999961,2,2.3949999999968,1,0,0,3.26600000000326,3,0,0,0,0,11.4429999999993,1,13,219.069000000003,2,13.8379999999961,2,29.0940000000046,10,175.217000000011,3,43.8519999999917,10,175.217000000011,1,11.4429999999993,1,8.125,5,85.3000000000102,3,74.6940000000031,0,0,254.795000000013,54,48,2,37,47,9,37,64,1446.07968748483,371.759999999995,19,12,44.1070000000036,1,NA,NA,NA,NA
"G80_1","000724FE77",12.9220000000132,7,98.7429999999949,7,0,0,98.7429999999949,7,12.3319999999949,1,6.33000000000902,2,3.38600000000588,1,0,0,1.8660000000018,2,0,0,0,0,2.94400000000314,1,7,98.7429999999949,2,6.33000000000902,0,0,7,98.7429999999949,0,0,7,98.7429999999949,0,0,3,59.1779999999999,0,0,0,0,5,51.8969999999899,146.509999999966,31,23,1,21,21,1,21,68,1568.68891851879,295.953000000001,13,7,322.718000000001,6,NA,NA,NA,NA
"G80_2","000724B965",3.91500000000087,2,23.9720000000016,2,5.47699999999895,1,18.4950000000026,1,0,0,20.1549999999988,2,15.4289999999964,1,15.4289999999964,1,1.75299999999697,3,0,0,0,0,4.72600000000239,1,2,23.9720000000016,2,20.1549999999988,1,18.4950000000026,1,18.4950000000026,0,0,2,23.9720000000016,1,15.4289999999964,0,0,0,0,1,18.4950000000026,0,0,54.8439999999973,11,5,4,3,5,8,3,43,974.51547167975,262.424000000021,8,5,207.141000000003,6,"1",26.2014088883271,32.2250655095554,40.6004612834277
"G80_2","000724C2D7",7.40700000000652,2,51.5920000000042,2,0,0,51.5920000000042,2,0,0,66.0169999999998,1,66.0169999999998,1,0,0,0,0,0,0,1.4519999999975,1,0,0,2,51.5920000000042,1,66.0169999999998,0,0,2,51.5920000000042,0,0,2,51.5920000000042,0,0,1,34.1720000000059,0,0,0,0,1,17.4199999999983,59.1520000000019,12,11,14,11,11,14,11,14,296.439621316162,156.583000000006,6,3,35.3479999999981,2,"2",26.2014088883271,43.5361102899771,31.5838313900013
"G80_2","000724D4E8",12.721000000005,6,162.633999999998,9,11.8410000000003,1,150.792999999998,8,6.08999999999651,1,2.28399999999965,1,2.28399999999965,1,0,0,2.28399999999965,1,0,0,0,0,0,0,9,162.633999999998,1,2.28399999999965,0,0,8,150.792999999998,3,74.3179999999993,6,88.3159999999989,0,0,1,10.823000000004,6,83.5829999999914,0,0,0,0,190.427000000003,40,36,0,32,34,0,32,55,1193.47220852337,289.013000000006,17,11,38.997000000003,4,"3",32.6569347826138,32.2250655095554,31.5838313900013
"G80_2","000724DF31",0,0,57.7819999999847,4,17.7729999999938,2,40.0089999999909,2,92.6399999999994,1,0,0,0,0,0,0,0.510999999998603,1,0,0,0,0,0,0,4,57.7819999999847,0,0,0,0,2,40.0089999999909,1,25.6519999999946,3,32.1299999999901,0,0,0,0,2,106.996999999996,0,0,0,0,164.655999999988,35,32,0,8,12,0,8,15,271.593767026466,166.017999999982,4,3,35.6880000000019,3,NA,NA,NA,NA
"G80_2","000724E0AA",8.10400000000664,4,44.0970000000016,4,19.4939999999988,2,24.6030000000028,2,0,0,69.140999999996,1,69.140999999996,1,0,0,0.511000000005879,1,0,0,0,0,0,0,4,44.0970000000016,1,69.140999999996,0,0,2,24.6030000000028,2,27.3689999999988,2,16.7280000000028,0,0,0,0,2,16.7280000000028,0,0,0,0,61.2399999999907,13,9,14,5,9,14,5,46,1071.31631875105,341.176999999981,13,10,34.7869999999966,1,NA,NA,NA,NA
"G80_2","000724FE77",2.56599999999162,2,86.8980000000156,9,17.5350000000035,1,69.3630000000121,8,10.2070000000022,1,189.173999999992,4,183.064999999995,3,0,0,0.942000000002736,1,0,0,0,0,6.10899999999674,1,9,86.8980000000156,4,189.173999999992,0,0,8,69.3630000000121,0,0,9,86.8980000000156,1,11.7799999999988,3,19.7839999999997,0,0,4,44.099000000002,7,220.864000000009,320.637000000002,68,20,40,14,18,40,14,34,730.264852336551,347.895000000004,7,6,46.0599999999977,5,NA,NA,NA,NA
"G82_1","000724FC74",0,0,0,0,0,0,0,0,0,0,0,0,0,0,0,0,0,0,0,0,0,0,0,0,0,0,0,0,0,0,0,0,0,0,0,0,0,0,0,0,0,0,0,0,0,0,1.66500000000087,0,0,0,0,0,0,0,1,0,1.66500000000087,0,0,NA,NA,"1",NA,NA,NA
"G82_2","000724BF5B",9.57799999999406,5,0,0,0,0,0,0,42.3809999999976,2,0,0,172.904999999995,5,96.232,1,11.5720000000001,4,0,0,0,0,79.5989999999983,3,0,0,0,0,0,0,2,42.5019999999968,0,0,0,0,0,0,0,0,0,0,0,0,0,0,228.714999999997,49,9,0,0,0,0,9,44,1041.88771535657,425.445999999989,12,7,55.4959999999992,1,"1",24.7942530490179,21.143365115868,24.6720395160169
"G82_2","000724C2D6",5.58200000000215,3,24.9090000000033,3,6.35000000000218,1,18.5590000000011,2,0,0,141.183999999997,4,141.183999999997,4,0,0,5.72500000000582,5,75.877999999997,3,0,0,0,0,3,24.9090000000033,4,141.183999999997,0,0,2,18.5590000000011,0,0,3,24.9090000000033,2,18.9359999999979,0,0,0,0,3,75.5010000000002,0,0,208.140000000007,44,5,30,3,5,30,3,44,963.801515222636,233.278000000006,9,5,76.5689999999995,5,"2",24.7942530490179,20.9196585092331,26.593326247253
"G82_2","000724C43A",5.10499999999956,3,0,0,0,0,0,0,20.8200000000033,2,0,0,44.0969999999979,4,0,0,5.37400000000343,4,0,0,0,0,119.083999999999,1,0,0,0,0,0,0,1,5.66399999999703,0,0,0,0,0,0,0,0,0,0,0,0,0,0,173.881000000001,37,4,0,0,0,0,1,87,1957.85684290664,479.760000000006,17,15,73.8689999999988,3,"3",28.2810592671055,21.143365115868,26.593326247253
"G82_2","000724F43A",24.0229999999974,7,0,0,0,0,0,0,0,0,0,0,4.28399999999965,1,0,0,6.44800000000032,3,0,0,0,0,29.9239999999991,2,0,0,0,0,0,0,2,46.4079999999958,0,0,0,0,0,0,0,0,0,0,0,0,0,0,104.156000000017,22,0,0,0,0,0,9,100,2471.98800266339,410.950000000012,19,13,83.0250000000015,6,NA,NA,NA,NA
"G82_2","000724F703",18.8750000000036,7,43.260000000002,4,14.7069999999985,1,28.5530000000035,3,6.85999999999694,1,46.5949999999939,6,25.8609999999971,4,5.24399999999878,1,6.05799999999726,2,8.35199999999895,1,1.17299999999886,1,20.7339999999967,2,4,43.260000000002,6,46.5949999999939,2,30.880000000001,3,28.5530000000035,2,30.880000000001,2,12.380000000001,1,12.1749999999993,0,0,2,12.8080000000009,1,5.10499999999956,0,0,132.882000000012,28,10,10,6,9,16,6,90,2033.61346885043,332.099000000002,21,16,71.6949999999997,2,NA,NA,NA,NA
"G82_2","000724FC74",12.2910000000011,6,123.875,7,46.7739999999976,3,77.1010000000024,4,15.3990000000013,1,102.310999999998,7,96.4300000000003,6,51.6710000000021,1,6.7599999999984,5,14.5459999999985,1,0.502000000000407,1,5.88099999999758,1,7,123.875,7,102.310999999998,2,26.9929999999986,4,77.1010000000024,4,103.100999999999,3,20.7740000000013,1,51.6710000000021,0,0,6,68.2769999999982,0,0,0,0,266.894999999993,57,29,21,16,26,27,16,73,1675.26045209754,377.796000000006,19,11,74.8719999999994,4,NA,NA,NA,NA
"G83_2","000724B3CD",3.24099999999817,1,0,0,0,0,0,0,61.1940000000031,2,0,0,25.9780000000028,2,0,0,5.30499999999302,2,23.2490000000034,1,0,0,3.35399999999936,1,0,0,0,0,0,0,1,10.9660000000003,0,0,0,0,0,0,0,0,0,0,0,0,0,0,44.1039999999921,9,13,0,0,0,0,2,27,438.638171162064,287.566999999988,10,6,174.762999999999,2,"1",30.0586885313992,29.029610837249,21.7478837421533
"G83_2","000724BA0B",22.2150000000038,7,138.548999999999,3,0,0,138.548999999999,3,32.9570000000022,2,6.80599999999686,1,6.80599999999686,1,0,0,0,0,6.80599999999686,1,0.894999999996799,1,0,0,3,138.548999999999,1,6.80599999999686,1,28.5710000000036,3,138.548999999999,1,28.5710000000036,2,109.977999999996,0,0,1,83.2609999999986,0,0,0,0,2,50.8109999999942,166.222999999994,35,36,1,29,29,7,29,42,790.197069763871,349.027999999988,11,6,366.757000000001,3,"2",30.0586885313992,30.9199640378771,22.1169808901778
"G83_2","000724CD8D",1.72399999999834,1,59.7300000000032,3,6.15699999999924,1,53.573000000004,2,326.100999999995,3,10.2429999999949,2,0,0,6.45999999999913,1,0,0,0,0,0,0,3.78299999999581,1,3,59.7300000000032,2,10.2429999999949,0,0,2,53.573000000004,1,34.5360000000001,2,25.1940000000031,0,0,1,19.0370000000039,2,159.633000000002,0,0,2,172.927999999993,393.173999999999,84,82,2,11,12,2,11,16,268.072857179476,441.289999999997,7,6,416.646000000001,4,"3",30.039127543177,29.029610837249,22.1169808901778
"G83_2","000724DCFE",16.7779999999984,6,143.169000000002,2,7.75,1,135.419000000002,1,0,0,94.6710000000057,4,55.5190000000039,2,0,0,5.11199999999735,3,0,0,0,0,39.1520000000019,2,2,143.169000000002,4,94.6710000000057,0,0,1,135.419000000002,1,135.419000000002,1,7.75,0,0,0,0,0,0,0,0,0,0,243.217000000001,52,30,20,29,30,20,29,36,710.463076116302,341.720000000008,11,5,165.445,1,NA,NA,NA,NA
"G83_2","000724DFE4",1.71499999999651,1,0,0,0,0,0,0,16.474000000002,1,0,0,65.4950000000026,2,0,0,1.6050000000032,2,0,0,0,0,0,0,0,0,0,0,0,0,1,6.59700000000157,0,0,0,0,0,0,0,0,0,0,0,0,0,0,38.7849999999962,8,3,0,0,0,0,1,26,463.180505169498,287.896000000001,7,7,562.059000000001,6,NA,NA,NA,NA
"G83_2","000724EDB8",7.61900000000605,2,0,0,0,0,0,0,27.989999999998,1,0,0,53.2439999999988,2,48.7010000000009,1,7.72300000000541,3,0,0,0,0,22.974000000002,1,0,0,0,0,0,0,1,11.0400000000009,0,0,0,0,0,0,0,0,0,0,0,0,0,0,87.5850000000137,18,6,0,0,0,0,2,30,458.584656720347,197.008000000009,8,6,431.341,5,NA,NA,NA,NA
"G84_1","000724BF5B",0,0,0,0,0,0,0,0,0,0,0,0,0,0,0,0,0,0,0,0,0,0,0,0,0,0,0,0,0,0,0,0,0,0,0,0,0,0,0,0,0,0,0,0,0,0,0,NA,0,0,0,0,0,0,1,0,0.442000000002736,0,0,NA,NA,"1",NA,NA,NA
"G84_1","000724C2D6",0,0,0,0,0,0,0,0,0,0,28.6109999999899,3,28.6109999999899,3,0,0,4.0109999999986,1,0,0,0,0,0,0,0,0,3,28.6109999999899,0,0,0,0,0,0,0,0,0,0,0,0,0,0,0,0,0,0,4.17599999999948,0,0,6,0,0,6,0,13,287.216606203398,64.3629999999976,3,3,663.267,4,"2",NA,NA,12.5101295334
"G84_1","000724C43A",0,0,35.9239999999991,1,0,0,35.9239999999991,1,0,0,101.175000000003,1,101.175000000003,1,101.175000000003,1,0.341000000000349,1,0,0,0,0,0,0,1,35.9239999999991,1,101.175000000003,0,0,1,35.9239999999991,1,35.9239999999991,0,0,0,0,0,0,1,101.175000000003,0,0,0,0,145.357000000011,31,7,21,7,7,21,7,9,124.582277038889,146.589000000007,2,1,559.989000000001,2,"3",NA,NA,12.5101295334
"G84_1","000724F43A",5.10300000000279,2,0,0,0,0,0,0,0,0,0,0,0,0,0,0,0,0,0,0,0,0,0,0,0,0,0,0,0,0,0,0,0,0,0,0,0,0,0,0,0,0,0,0,0,0,7.21399999999994,1,0,0,0,0,0,0,7,111.272202067799,46.1880000000019,3,1,786.232000000004,5,NA,NA,NA,NA
"G84_1","000724F703",3.0679999999993,1,12.765999999996,2,6.71899999999732,1,6.04699999999866,1,23.9639999999999,1,3.23099999999977,1,3.23099999999977,1,0,0,7.36999999998807,4,0,0,0,0,0,0,2,12.765999999996,1,3.23099999999977,0,0,1,6.04699999999866,0,0,2,12.765999999996,0,0,1,6.04699999999866,0,0,0,0,0,0,19.1329999999944,4,7,0,1,2,0,1,24,475.706221679014,139.534999999974,7,6,575.536999999997,3,NA,NA,NA,NA
"G84_1","000724FC74",3.16900000000169,1,18.7039999999979,1,18.7039999999979,1,0,0,7.64400000000023,1,11.3549999999959,1,11.3549999999959,1,11.3549999999959,1,0.171000000002095,1,0,0,0,0,0,0,1,18.7039999999979,1,11.3549999999959,0,0,0,0,1,18.7039999999979,0,0,0,0,0,0,1,7.64400000000023,0,0,0,0,40.5360000000073,8,5,2,0,4,2,0,30,578.335639387863,175.07499999999,8,6,555.004999999997,1,NA,NA,NA,NA
"G84_2","000724BF5B",6.40600000000268,3,134.292999999991,6,5.61999999999534,1,128.672999999995,5,19.7160000000003,2,137.870000000003,9,128.305999999997,7,5.61199999999371,1,0,0,0,0,2.62900000000081,1,9.56400000000576,2,6,134.292999999991,9,137.870000000003,2,27.7439999999915,5,128.672999999995,1,39.4720000000016,5,94.820999999989,0,0,0,0,3,84.1389999999956,0,0,0,0,165.199999999983,35,33,29,27,28,35,27,76,1822.56345356804,452.902999999991,14,9,35.8669999999984,2,"1",26.7933538666871,28.1080244808385,22.3682212869326
"G84_2","000724C2D6",12.5879999999961,6,27.2009999999937,2,0,0,27.2009999999937,2,27.2870000000039,1,69.0790000000052,5,63.8240000000005,4,0,0,2.6570000000138,4,34.4939999999988,1,0,0,5.25500000000466,1,2,27.2009999999937,5,69.0790000000052,0,0,2,27.2009999999937,1,14.3499999999985,1,12.8509999999951,0,0,1,12.8509999999951,0,0,0,0,1,34.4939999999988,162.675999999999,34,11,14,5,5,14,5,67,1695.32076167595,236.075999999994,13,8,47.3770000000004,4,"2",26.7933538666871,27.2105478326802,21.6731606365969
"G84_2","000724C43A",0,0,24.7739999999976,2,10.515999999996,1,14.2580000000016,1,124.354999999996,4,192.160000000003,11,189.173000000003,10,14.9639999999999,2,0.440999999998894,1,31.2070000000022,2,0,0,2.98700000000099,1,2,24.7739999999976,11,192.160000000003,2,24.7739999999976,1,14.2580000000016,2,24.7739999999976,0,0,0,0,0,0,0,0,0,0,0,0,39.1929999999847,8,32,41,3,5,46,3,37,860.705951614189,354.931999999972,10,7,35.5060000000012,1,"3",25.3085303574775,28.1080244808385,21.6731606365969
"G84_2","000724F43A",2.87699999999313,2,22.5480000000025,3,8.34199999999691,1,14.2060000000056,2,14.5299999999988,1,13.9950000000026,3,12.1719999999987,2,0,0,3.57099999999627,2,0,0,0,0,1.82300000000396,1,3,22.5480000000025,3,13.9950000000026,0,0,2,14.2060000000056,0,0,3,22.5480000000025,0,0,1,7.34000000000378,0,0,0,0,1,6.8660000000018,67.3520000000135,14,7,3,3,4,3,3,97,2488.3507631453,337.850999999973,16,10,66.0400000000009,6,NA,NA,NA,NA
"G84_2","000724F703",21.2420000000129,8,82.0140000000101,8,12.0820000000022,2,69.932000000008,6,60.359000000004,3,2.07500000000437,1,2.07500000000437,1,0,0,8.77300000000832,5,0,0,2.09500000000116,2,0,0,8,82.0140000000101,1,2.07500000000437,0,0,6,69.932000000008,2,25.0250000000015,6,56.9890000000087,0,0,1,10.9330000000045,2,21.2910000000047,0,0,3,45.4000000000015,163.330000000024,35,30,0,15,17,0,15,69,1641.48251316695,297.74200000002,16,9,40.6200000000026,3,NA,NA,NA,NA
"G84_2","000724FC74",16.7850000000108,8,32.8050000000003,2,0,0,32.8050000000003,2,0,0,30.8369999999995,3,23.8080000000045,2,0,0,0.27100000000064,1,0,0,0,0,0,0,2,32.8050000000003,3,30.8369999999995,0,0,2,32.8050000000003,1,19.0380000000005,1,13.7669999999998,0,0,1,13.7669999999998,1,52.0199999999968,0,0,0,0,96.6979999999967,20,7,6,7,7,6,7,48,1282.57103425674,213.199000000015,12,7,57.8059999999969,5,NA,NA,NA,NA
"G85_1","000724B3CD",3.30900000000111,1,0,0,0,0,0,0,0,0,0,0,0,0,0,0,0,0,0,0,0,0,0,0,0,0,0,0,0,0,0,0,0,0,0,0,0,0,0,0,0,0,0,0,0,0,10.7519999999931,2,0,0,0,0,0,0,5,55.6361010338996,14.4119999999893,3,0,683.998,1,"1",NA,NA,NA
"G85_1","000724BA0B",0,0,0,0,0,0,0,0,0,0,0,0,0,0,0,0,0,0,0,0,0,0,0,0,0,0,0,0,0,0,0,0,0,0,0,0,0,0,0,0,0,0,0,0,0,0,3.42799999999988,0,0,0,0,0,0,0,2,0,3.42799999999988,1,0,NA,NA,"2",NA,NA,NA
"G85_2","000724B3CD",7.10099999999511,3,0,0,0,0,0,0,0,0,0,0,18.5990000000093,4,7.81300000000192,1,0,0,0,0,0.510999999998603,1,10.8099999999977,2,0,0,0,0,0,0,0,0,0,0,0,0,0,0,0,0,0,0,0,0,0,0,81.7520000000077,17,0,0,0,0,0,0,52,1258.83589168675,182.013000000006,14,7,54.3740000000034,1,"1",31.3183763553185,36.7507498261787,32.4283226080547
"G85_2","000724BA0B",21.2809999999808,9,0,0,0,0,0,0,0,0,0,0,0,0,0,0,0,0,0,0,0,0,0,0,0,0,0,0,0,0,6,58.9430000000066,0,0,0,0,0,0,0,0,0,0,0,0,0,0,110.121000000006,23,0,0,0,0,0,12,70,1696.85753648984,231.50299999999,15,8,108.218000000001,3,"2",31.3183763553185,34.4759865340848,31.3589353750283
"G85_2","000724CD8D",9.73100000000704,2,0,0,0,0,0,0,14.5499999999956,2,0,0,0,0,0,0,0,0,0,0,0,0,3.4320000000007,1,0,0,0,0,0,0,6,87.0810000000056,0,0,0,0,0,0,0,0,0,0,0,0,0,0,161.479000000007,34,3,0,0,0,0,18,33,778.160115074583,275.625000000015,12,10,57.0420000000013,2,"3",21.1204614032722,36.7507498261787,31.3589353750283
"G85_2","000724DCFE",9.55900000000111,4,0,0,0,0,0,0,0,0,0,0,0,0,0,0,0,0,0,0,0,0,0,0,0,0,0,0,0,0,5,54.6759999999995,0,0,0,0,0,0,0,0,0,0,0,0,0,0,89.7870000000039,19,0,0,0,0,0,11,28,559.749210798125,106.648000000001,8,5,156.440999999999,5,NA,NA,NA,NA
"G85_2","000724DFE4",0,0,0,0,0,0,0,0,0,0,0,0,0,0,0,0,0,0,0,0,0,0,3.70999999999913,1,0,0,0,0,0,0,1,8.32200000000012,0,0,0,0,0,0,0,0,0,0,0,0,0,0,17.6700000000055,3,0,0,0,0,0,1,9,197.244362526574,35.416000000012,5,3,148.165999999997,4,NA,NA,NA,NA
"G85_2","000724EDB8",7.17099999999482,4,0,0,0,0,0,0,0,0,0,0,0,0,0,0,0,0,0,0,0,0,0,0,0,0,0,0,0,0,0,0,0,0,0,0,0,0,0,0,0,0,0,0,0,0,28.3039999999964,6,0,0,0,0,0,0,21,526.798920477635,61.1649999999863,10,4,299.260999999999,6,NA,NA,NA,NA
"G86_1","000724C43A",2.72499999999854,1,0,0,0,0,0,0,0,0,0,0,2.60800000000017,1,0,0,0,0,0,0,0,0,0,0,0,0,0,0,0,0,0,0,0,0,0,0,0,0,0,0,0,0,0,0,0,0,9.69700000000739,2,0,0,0,0,0,0,7,256.917421897418,15.544000000009,5,0,296.866999999998,2,"1",NA,13.9260378877124,NA
"G86_1","000724F43A",4.02900000000227,2,0,0,0,0,0,0,0,0,0,0,0,0,0,0,0,0,0,0,0,0,0,0,0,0,0,0,0,0,0,0,0,0,0,0,0,0,0,0,0,0,0,0,0,0,5.11400000000867,1,0,0,0,0,0,0,5,111.06805051695,9.14300000001094,2,0,669.485999999997,3,"2",NA,NA,37.6365637784598
"G86_1","000724FC74",21.7319999999963,7,5.06399999999849,1,5.06399999999849,1,0,0,0,0,0,0,0,0,0,0,0,0,0,0,0,0,0,0,1,5.06399999999849,0,0,0,0,0,0,0,0,1,5.06399999999849,0,0,0,0,0,0,0,0,0,0,20.7050000000017,4,1,0,0,1,0,0,25,581.273960522114,72.9550000000163,13,2,282.125999999997,1,"3",NA,13.9260378877124,37.6365637784598
"G86_2","000724BF5B",20.9859999999899,8,0,0,0,0,0,0,35.0410000000047,3,0,0,105.505999999994,6,12.5349999999962,1,3.47899999999936,3,13.1670000000013,1,0,0,0,0,0,0,0,0,0,0,5,163.241999999991,0,0,0,0,0,0,0,0,0,0,0,0,0,0,345.772999999979,74,7,0,0,0,0,35,62,1467.46032695312,479.246999999996,18,12,43.2289999999994,4,"1",36.2476623048652,38.943048979934,21.7386768294651
"G86_2","000724C2D6",9.00099999999657,3,67.8450000000084,5,12.484000000004,2,55.3610000000044,3,18.0919999999969,1,191.460999999988,9,181.315999999992,7,89.9589999999953,1,4.32100000000355,2,0,0,1.86699999999837,2,8.07800000000134,1,5,67.8450000000084,9,191.460999999988,0,0,3,55.3610000000044,2,48.7540000000008,3,19.0910000000076,0,0,0,0,5,135.144,0,0,0,0,206.720000000001,44,18,41,11,14,41,11,72,1548.45739000103,456.301999999974,15,8,51.5089999999982,5,"2",36.2476623048652,41.6060639604342,24.1339025198691
"G86_2","000724C43A",11.9509999999937,6,0,0,0,0,0,0,5.41799999999785,1,0,0,231.689999999988,9,73.3329999999914,2,0.190000000002328,1,67.8839999999982,2,0.531999999999243,1,8.89299999999639,1,0,0,0,0,0,0,4,55.5050000000047,0,0,0,0,0,0,0,0,0,0,0,0,0,0,343.725999999995,73,1,0,0,0,0,11,60,1937.88760421808,404.702000000005,13,8,31.8859999999986,1,"3",40.1194851049335,38.943048979934,24.1339025198691
"G86_2","000724F43A",8.8949999999968,3,0,0,0,0,0,0,58.8430000000008,3,0,0,9.04499999999825,1,9.04499999999825,1,6.98399999998946,5,0,0,0,0,0,0,0,0,0,0,0,0,12,133.260999999984,0,0,0,0,0,0,0,0,0,0,0,0,0,0,284.124999999971,61,12,0,0,0,0,28,92,2043.92405532067,338.038999999982,11,7,56.4100000000035,6,NA,NA,NA,NA
"G86_2","000724F703",11.9349999999977,5,56.3820000000051,4,38.9860000000044,2,17.3960000000006,2,78.1779999999999,3,160.446000000004,12,94.6280000000042,8,0,0,4.11299999999756,4,50.4250000000029,3,0,0,65.8179999999993,4,4,56.3820000000051,12,160.446000000004,0,0,2,17.3960000000006,2,42.4479999999967,2,13.9340000000084,0,0,0,0,1,6.05600000000413,0,0,0,0,91.6440000000075,19,28,34,3,12,34,3,96,2209.84665189666,533.67300000001,15,11,41.6759999999995,2,NA,NA,NA,NA
"G86_2","000724FC74",29.5409999999974,10,52.393999999993,5,8.28800000000047,1,44.1059999999925,4,0,0,109.756999999998,11,82.8319999999949,7,0,0,5.82499999999709,6,10.1209999999992,1,0,0,22.1340000000055,3,5,52.393999999993,11,109.756999999998,2,26.4279999999999,3,38.7519999999931,0,0,5,52.393999999993,0,0,2,32.7429999999949,0,0,0,0,2,11.3629999999976,93.7189999999828,20,11,23,9,11,29,8,110,3111.87391157081,316.395999999993,22,9,42.3179999999993,3,NA,NA,NA,NA
"G87_2","000724B3CD",14.7740000000122,4,55.5120000000024,4,10.3559999999998,1,45.1560000000027,3,107.697999999997,3,91.6400000000067,4,40.7250000000058,3,0,0,2.10299999999552,3,7.62000000000262,1,1.19099999999889,1,50.9150000000009,1,4,55.5120000000024,4,91.6400000000067,0,0,3,45.1560000000027,1,10.3559999999998,3,45.1560000000027,1,25.510000000002,1,28.0109999999986,0,0,3,41.3300000000017,2,18.9989999999962,154.214,33,35,19,9,11,19,9,99,2098.05024872935,631.058000000005,16,10,117.582000000002,2,"1",30.6991883751819,26.1164040679947,26.9192898676304
"G87_2","000724BA0B",7.81300000000192,3,265.82,6,11.028999999995,1,254.791000000005,5,167.340000000004,4,314.277000000009,10,27.3380000000107,4,46.9960000000065,2,6.32600000000093,3,7.64500000000407,1,0,0,252.616999999998,5,6,265.82,10,314.277000000009,4,248.235000000008,5,254.791000000005,1,11.028999999995,5,254.791000000005,0,0,2,138.804000000004,4,264.675000000003,0,0,11,272.003000000004,701.809000000001,150,93,67,54,57,120,54,41,727.251590479584,740.600000000006,8,6,108.337,1,"2",30.6991883751819,25.5435696443074,26.6177775499712
"G87_2","000724CD8D",14.445000000007,5,157.435999999994,3,0,0,157.435999999994,3,71.9570000000022,3,147.305999999982,11,52.0999999999913,5,64.364999999998,2,3.1050000000032,2,13.8479999999981,1,0,0,37.8209999999963,4,3,157.435999999994,11,147.305999999982,1,19.4859999999971,3,157.435999999994,1,102.889999999999,2,54.5459999999948,0,0,2,54.5459999999948,5,138.10300000001,0,0,2,19.9239999999991,328.10100000001,70,49,31,33,33,35,33,55,1264.39811204296,605.295000000013,13,10,122.976999999999,4,"3",30.7917039162035,26.1164040679947,26.6177775499712
"G87_2","000724DCFE",2.1559999999954,1,176.858000000007,7,6.28300000000309,1,170.575000000004,6,74.7700000000114,4,65.4039999999877,7,21.6379999999917,3,0,0,0.902999999998428,1,6.4429999999993,1,0,0,43.765999999996,4,7,176.858000000007,7,65.4039999999877,0,0,6,170.575000000004,1,26.5650000000023,6,150.293000000005,1,6.4429999999993,1,5.70600000000559,6,178.554000000011,3,109.387999999999,4,72.643999999993,435.721999999987,93,54,14,36,38,14,36,59,1143.64681982215,500.559999999969,8,4,122.464999999997,3,NA,NA,NA,NA
"G87_2","000724DFE4",14.5669999999955,4,185.027999999998,6,0,0,185.027999999998,6,24.7380000000048,3,97.5099999999948,12,76.8260000000009,9,0,0,19.2680000000109,8,44.3199999999997,3,2.57600000000093,1,20.6839999999938,3,6,185.027999999998,12,97.5099999999948,2,83.5020000000004,6,185.027999999998,1,26.5049999999974,5,158.523000000001,2,21.7769999999946,2,17.1490000000049,4,135.766000000003,4,48.4909999999945,0,0,292.924000000006,62,45,20,39,39,38,39,67,1325.61675236943,405.086000000025,12,8,149.214999999997,5,NA,NA,NA,NA
"G87_2","000724EDB8",0,0,195.539000000004,13,10.4290000000037,1,185.110000000001,12,12.7189999999973,2,9.88799999999901,2,4.50800000000163,1,0,0,4.94900000000052,3,0,0,0,1,5.37999999999738,1,13,195.539000000004,2,9.88799999999901,0,0,12,185.110000000001,3,51.2970000000059,10,144.241999999998,0,0,2,26.9649999999965,6,92.7530000000042,0,0,3,29.903999999995,238.76200000001,51,44,2,39,42,2,39,42,678.354610649727,263.843000000015,7,7,163.811000000002,6,NA,NA,NA,NA
"G88_1","000724BF5B",0,0,0,0,0,0,0,0,0,0,0,0,0,0,0,0,0,0,0,0,0,0,0,0,0,0,0,0,0,0,0,0,0,0,0,0,0,0,0,0,0,0,0,0,0,0,0.872999999999593,0,0,0,0,0,0,0,1,0,0.872999999999593,0,0,NA,NA,"1",NA,NA,NA
"G88_1","000724C43A",3.57600000000093,1,0,0,0,0,0,0,0,0,0,0,0,0,0,0,0,0,0,0,0,0,0,0,0,0,0,0,0,0,0,0,0,0,0,0,0,0,0,0,0,0,0,0,0,0,1.22200000000157,0,0,0,0,0,0,0,2,32.2,4.7980000000025,1,0,NA,NA,"2",NA,NA,NA
"G88_1","000724F43A",0,0,0,0,0,0,0,0,0,0,0,0,0,0,0,0,0,0,0,0,0,0,0,0,0,0,0,0,0,0,0,0,0,0,0,0,0,0,0,0,0,0,0,0,0,0,1.56400000000576,0,0,0,0,0,0,0,1,0,1.56400000000576,0,0,NA,NA,"3",NA,NA,NA
"G88_1","000724F703",6.20000000000437,2,0,0,0,0,0,0,0,0,0,0,0,0,0,0,0,0,0,0,0,0,0,0,0,0,0,0,0,0,0,0,0,0,0,0,0,0,0,0,0,0,0,0,0,0,3.75800000000163,0,0,0,0,0,0,0,3,37.0680505169498,9.958000000006,3,0,75.3280000000013,1,NA,NA,NA,NA
"G88_1","000724FC74",4.26900000000023,2,0,0,0,0,0,0,0,0,0,0,0,0,0,0,0,0,0,0,0,0,0,0,0,0,0,0,0,0,0,0,0,0,0,0,0,0,0,0,0,0,0,0,0,0,0.86200000000099,0,0,0,0,0,0,0,5,101.418378072788,12.7999999999956,2,1,644.889000000003,2,NA,NA,NA,NA
"G88_2","000724BF5B",4.48900000000867,3,90.7330000000002,2,90.7330000000002,2,0,0,67.1210000000065,2,206.623000000007,5,51.6840000000084,3,35.7640000000029,1,0,0,0,0,0,0,145.597000000002,1,2,90.7330000000002,5,206.623000000007,0,0,0,0,1,85.6630000000005,1,5.06999999999971,1,9.34199999999691,0,0,1,35.7640000000029,3,74.7490000000107,0,0,217.91800000002,46,33,44,0,19,44,0,27,686.917523655409,414.46500000004,9,8,49.4830000000002,1,"1",47.3592043385852,36.4005747957302,47.5114139623373
"G88_2","000724C2D6",10.5720000000001,4,66.5679999999993,1,0,0,66.5679999999993,1,59.3209999999963,1,108.215000000004,5,102.675000000003,4,0,0,13.3229999999967,6,0,0,0,0,5.54000000000087,1,1,66.5679999999993,5,108.215000000004,0,0,1,66.5679999999993,1,66.5679999999993,0,0,0,0,0,0,3,164.570999999989,0,0,0,0,273.163999999982,58,27,23,14,14,23,14,57,1571.20705479687,334.36799999998,12,6,58.997000000003,4,"2",47.3592043385852,34.5525519433254,44.9483805639135
"G88_2","000724C43A",19.9850000000006,8,150.792000000009,2,0,0,150.792000000009,2,152.398999999998,5,127.501999999979,8,21.0249999999942,4,0,0,5.13899999999558,3,6.49599999999919,1,0,0,106.476999999984,4,2,150.792000000009,8,127.501999999979,1,15.5520000000033,2,150.792000000009,1,15.5520000000033,1,135.240000000005,0,0,1,135.240000000005,3,84.8199999999924,0,0,0,0,262.885999999984,56,65,27,32,32,30,32,55,1582.51581798589,553.114999999969,15,9,60.3399999999965,5,"3",42.0567491202635,36.4005747957302,44.9483805639135
"G88_2","000724F43A",14.4830000000002,5,142.551000000007,3,6.93600000000151,1,135.615000000005,2,5.93400000000111,1,11.265999999996,2,11.265999999996,2,0,0,9.08499999999185,5,7.23500000000058,1,0,0,0,0,3,142.551000000007,2,11.265999999996,0,0,2,135.615000000005,1,71.0750000000044,2,71.4760000000024,0,0,0,0,1,64.5400000000009,0,0,0,0,203.352000000021,43,31,2,29,30,2,29,95,2637.23330807957,364.577999999994,16,9,63.586000000003,6,NA,NA,NA,NA
"G88_2","000724F703",9.29799999999523,5,170.742000000006,5,0,0,170.742000000006,5,38.9179999999978,2,52.8990000000049,4,48.9010000000053,3,0,0,7.29099999999016,8,15.5070000000051,2,0,0,3.99799999999959,1,5,170.742000000006,4,52.8990000000049,2,22.0290000000023,4,164.652000000009,1,15.9390000000058,4,154.803,1,6.51499999999942,0,0,2,14.4640000000072,3,173.514000000003,0,0,414.726000000002,89,45,11,36,36,16,35,70,1706.11824171507,569.532999999974,15,12,54.0529999999999,3,NA,NA,NA,NA
"G88_2","000724FC74",13.2690000000075,5,111.670000000006,7,12.3000000000029,2,99.3700000000026,5,53.3270000000048,2,94.9789999999994,8,94.9789999999994,8,0,0,23.820000000007,10,34.6200000000026,1,0,0,0,0,7,111.670000000006,8,94.9789999999994,0,0,5,99.3700000000026,1,47.747000000003,6,63.9230000000025,2,13.2779999999984,3,38.093000000008,2,34.760000000002,3,26.2639999999956,3,71.1170000000056,310.668000000005,66,35,20,21,24,20,21,99,3569.53629211685,368.043000000034,17,7,51.9590000000026,2,NA,NA,NA,NA
"G89_2","000724B3CD",12.5620000000054,4,0,0,0,0,0,0,0,0,0,0,36.2099999999991,4,7.09999999999854,1,2.87099999999919,2,0,0,0,0,35.3029999999999,2,0,0,0,0,0,0,2,30.2530000000042,0,0,0,0,0,0,0,0,0,0,0,0,0,0,107.810000000027,23,0,0,0,0,0,6,125,2551.78961524249,706.789999999979,20,12,54.9320000000007,2,"1",26.6659189695491,36.587067822966,38.383330009945
"G89_2","000724BA0B",8.60499999999593,3,26.2449999999881,3,6.75999999999476,1,19.4849999999933,2,235.424999999996,2,141.931999999993,8,45.4659999999931,4,41.4329999999973,3,2.29200000000128,3,0,0,0,0,96.4660000000003,4,3,26.2449999999881,8,141.931999999993,2,14.0299999999916,2,19.4849999999933,0,0,3,26.2449999999881,1,16.4199999999983,0,0,0,0,2,19.4849999999933,0,0,314.566999999988,67,56,30,4,5,33,4,63,1518.00606078872,455.10899999996,13,7,32.7580000000016,1,"2",26.6659189695491,35.1941787324984,36.7340123306527
"G89_2","000724CD8D",20.3609999999971,7,175.570000000022,12,20.7200000000084,3,154.850000000013,9,72.4660000000003,3,18.0679999999993,3,18.0679999999993,3,0,0,1.90999999999622,1,0,0,0,0,0,0,12,175.570000000022,3,18.0679999999993,0,0,9,154.850000000013,2,69.9760000000024,10,105.594000000019,0,0,0,0,7,137.246000000014,0,0,0,0,299.836000000039,64,53,3,33,37,3,33,90,2374.70853854827,431.197000000036,17,9,72.3890000000029,3,"3",25.4133418540926,36.587067822966,36.7340123306527
"G89_2","000724DCFE",3.30200000000332,2,30.5619999999981,5,17.4109999999928,3,13.1510000000053,2,25.2770000000019,2,18.9229999999952,4,4.68000000000029,1,0,0,2.9120000000039,4,0,0,0.529999999998836,1,14.2429999999949,3,5,30.5619999999981,4,18.9229999999952,0,0,2,13.1510000000053,0,0,5,30.5619999999981,0,0,0,0,0,0,0,0,0,0,100.13900000001,21,12,4,2,6,4,2,116,2445.12886131412,282.769000000022,12,10,86.4919999999984,4,NA,NA,NA,NA
"G89_2","000724DFE4",5.03199999999197,2,0,0,0,0,0,0,19.7609999999986,1,0,0,6.44499999999971,1,0,0,2.13199999999779,4,6.44499999999971,1,0,0,0,0,0,0,0,0,0,0,3,40.6410000000033,0,0,0,0,0,0,0,0,0,0,0,0,0,0,110.079000000005,23,4,0,0,0,0,8,57,1218.6515270874,192.666000000005,17,9,89.4479999999967,5,NA,NA,NA,NA
"G89_2","000724EDB8",15.323000000004,5,0,0,0,0,0,0,0,0,0,0,9.74700000000303,2,0,0,6.52299999999377,2,0,0,0.930000000000291,1,0,0,0,0,0,0,0,0,4,107.104999999996,0,0,0,0,0,0,0,0,0,0,0,0,0,0,173.102999999966,37,0,0,0,0,0,23,74,1862.46045802724,289.627999999982,18,12,99.4910000000018,6,NA,NA,NA,NA
"G9_1","000724D4F3",9.89100000000326,3,0,0,0,0,0,0,0,0,0,0,0,0,0,0,0,0,0,0,0,0,0,0,0,0,0,0,0,0,0,0,0,0,0,0,0,0,0,0,0,0,0,0,0,0,4.32200000000012,0,0,0,0,0,0,0,6,92.7041515508494,14.8350000000064,4,0,462.447999999997,3,"1",NA,NA,NA
"G9_1","000724DF2A",9.28200000000652,4,0,0,0,0,0,0,0,0,0,0,0,0,0,0,0,0,0,0,0,0,0,0,0,0,0,0,0,0,0,0,0,0,0,0,0,0,0,0,0,0,0,0,0,0,5.13900000000285,1,0,0,0,0,0,0,12,296.125446444691,37.4120000000039,6,2,411.974999999999,1,"2",NA,NA,NA
"G9_1","000724EF35",1.74299999999494,1,0,0,0,0,0,0,0,0,0,0,0,0,0,0,0,0,0,0,0,0,0,0,0,0,0,0,0,0,0,0,0,0,0,0,0,0,0,0,0,0,0,0,0,0,8.96799999999348,1,0,0,0,0,0,0,12,294.447279347627,14.6369999999879,2,0,828.275000000001,4,"3",NA,NA,NA
"G9_1","000724FD1B",4.09000000000378,1,0,0,0,0,0,0,0,0,0,0,0,0,0,0,0,0,0,0,0,0,0,0,0,0,0,0,0,0,0,0,0,0,0,0,0,0,0,0,0,0,0,0,0,0,1.07299999999668,0,0,0,0,0,0,0,3,67.6174134078172,8.86000000000058,2,0,NA,NA,NA,NA,NA,NA
"G9_1","000726E250",1.22299999999814,1,11.2530000000042,2,11.2530000000042,2,0,0,0,0,11.3790000000081,2,0,0,0,0,0,0,0,0,0,0,11.3790000000081,2,2,11.2530000000042,2,11.3790000000081,1,5.34799999999814,0,0,0,0,2,11.2530000000042,0,0,0,0,0,0,0,0,0,0,22.778999999995,4,2,2,0,2,3,0,15,439.043147667424,72.4169999999867,11,8,419.790000000001,2,NA,NA,NA,NA
"G9_2","000724B642",11.3110000000015,4,17.8689999999988,1,0,0,17.8689999999988,1,0,0,89.4330000000045,5,89.4330000000045,5,69.262999999999,1,0.961999999999534,1,0,0,1.79099999999744,2,0,0,1,17.8689999999988,5,89.4330000000045,0,0,1,17.8689999999988,0,0,1,17.8689999999988,1,69.262999999999,0,0,0,0,1,17.8689999999988,0,0,112.417999999998,24,3,19,3,3,19,3,51,1459.96041979185,206.684000000016,7,3,84.1469999999972,5,"1",30.3740178134665,40.4283703768483,44.7880298275308
"G9_2","000724D4F3",6.22600000000239,2,106.860999999997,3,5.77100000000064,1,101.089999999997,2,24.0140000000029,1,24.0140000000029,1,24.0140000000029,1,24.0140000000029,1,0,0,0,0,0,0,0,0,3,106.860999999997,1,24.0140000000029,0,0,2,101.089999999997,1,95.5889999999999,2,11.2719999999972,0,0,0,0,0,0,0,0,0,0,112.682000000001,24,28,5,21,22,5,21,16,312.542155997179,309.395000000004,5,5,35.8260000000009,1,"2",30.3740178134665,41.0020053016647,57.8565883863096
"G9_2","000724DF2A",11.8709999999992,6,29.5829999999987,2,8.36500000000524,1,21.2179999999935,1,0,0,0,0,0,0,0,0,0,0,0,0,0,0,0,0,2,29.5829999999987,0,0,0,0,1,21.2179999999935,0,0,2,29.5829999999987,0,0,1,21.2179999999935,0,0,0,0,0,0,56.9510000000009,12,6,0,4,6,0,4,29,1237.68180321106,181.370999999985,11,5,96.0690000000031,6,"3",25.6560107887127,40.4283703768483,57.8565883863096
"G9_2","000724EF35",9.01000000000204,4,106.329000000005,2,5.99000000000524,1,100.339,1,0,0,151.582999999999,10,143.402999999998,8,7.76599999999598,1,10.7890000000043,5,27.4639999999927,2,0,0,8.18000000000029,2,2,106.329000000005,10,151.582999999999,0,0,1,100.339,1,100.339,1,5.99000000000524,1,20.3139999999985,0,0,2,13.7560000000012,0,0,0,0,289.663000000008,62,22,32,21,22,32,21,58,1456.98554587727,340.812999999987,10,5,37.2079999999987,2,NA,NA,NA,NA
"G9_2","000724FD1B",11.8350000000064,6,141.430999999997,3,0,0,141.430999999997,3,6.12000000000262,1,80.2109999999957,3,80.2109999999957,3,17.273000000001,1,0.351999999998952,1,0,0,0,0,0,0,3,141.430999999997,3,80.2109999999957,0,0,3,141.430999999997,2,98.0489999999991,1,43.3819999999978,0,0,1,43.3819999999978,2,78.0369999999966,0,0,0,0,244.568999999989,52,31,17,30,30,17,30,39,1031.68961202934,307.805999999997,9,6,50.711000000003,3,NA,NA,NA,NA
"G9_2","000726E250",11.3799999999974,6,197.906000000003,7,5.11000000000058,1,192.796000000002,6,11.8839999999982,1,60.8569999999963,5,42.362000000001,3,36.9210000000021,1,1.49999999999272,2,0,0,0,0,18.4949999999953,2,7,197.906000000003,5,60.8569999999963,1,52.3629999999976,6,192.796000000002,1,106.281000000003,6,91.625,1,36.9210000000021,2,63.5739999999932,0,0,1,15.0809999999983,4,34.8250000000044,290.14699999999,62,45,13,41,42,24,41,41,1149.97501461352,332.488999999987,10,8,83.6770000000033,4,NA,NA,NA,NA
"G90_1","000724BF5B",3.68600000000151,2,37.2359999999971,3,0,0,37.2359999999971,3,0,0,267.116999999991,9,228.196999999993,6,11.7249999999985,1,1.59500000000844,2,0,0,0,0,38.9199999999983,3,3,37.2359999999971,9,267.116999999991,0,0,3,37.2359999999971,1,14.1039999999994,2,23.1319999999978,1,24.7609999999986,1,17.4830000000002,3,139.131000000001,0,0,1,7.59199999999691,287.472999999998,61,8,57,8,8,57,8,47,1339.48008186223,434.498999999996,11,7,206.733999999997,3,"1",28.8409846496093,23.6689656584236,17.5586706965921
"G90_1","000724C2D6",6.93599999999424,4,0,0,0,0,0,0,14.9959999999992,1,48.275999999998,5,20.8079999999973,4,7.4519999999975,1,23.7869999999893,10,0,0,4.19999999999709,1,27.4680000000008,1,0,0,5,48.275999999998,0,0,0,0,0,0,0,0,0,0,0,0,0,0,0,0,0,0,7.06299999999464,1,3,10,0,0,10,0,56,1226.22125516925,281.453999999969,8,7,190.199000000001,1,"2",28.8409846496093,26.4669616908079,18.7035470773207
"G90_1","000724C43A",13.4030000000057,6,0,0,0,0,0,0,16.4069999999992,1,204.883999999998,3,147.934999999998,2,0,0,0,0,58.9420000000027,1,0,0,56.9490000000005,1,0,0,3,204.883999999998,0,0,0,0,0,0,0,0,1,56.9490000000005,0,0,0,0,0,0,0,0,156.270999999993,33,3,44,0,0,44,0,35,961.942243877664,344.588000000003,11,6,207.584000000003,4,"3",25.7733328928797,23.6689656584236,18.7035470773207
"G90_1","000724F43A",8.01600000000326,3,175.536,9,41.2249999999985,5,134.311000000002,4,0,0,7.6050000000032,2,1.54400000000169,1,0,0,1.54400000000169,1,0,0,0,0,6.06100000000151,1,9,175.536,2,7.6050000000032,1,7.19400000000314,4,134.311000000002,3,118.061999999998,6,57.474000000002,0,0,0,0,2,31.387999999999,0,0,0,0,200.649000000005,43,37,1,28,37,3,28,35,735.4581690115,247.339000000007,13,9,262.275999999998,6,NA,NA,NA,NA
"G90_1","000724F703",2.30299999999988,1,0,0,0,0,0,0,0,0,65.8760000000111,4,10.5580000000045,2,7.52300000000105,1,7.88200000001234,6,0,0,0,0,55.3180000000066,2,0,0,4,65.8760000000111,0,0,0,0,0,0,0,0,0,0,0,0,0,0,0,0,0,0,5.16799999998329,1,0,14,0,0,14,0,49,1015.5712371667,395.456999999995,10,9,261.595000000001,5,NA,NA,NA,NA
"G90_1","000724FC74",8.95600000000559,4,98.3669999999911,5,0,0,98.3669999999911,5,25.9380000000019,1,8.3640000000014,1,8.3640000000014,1,8.3640000000014,1,7.041999999994,8,0,0,0,0,0,0,5,98.3669999999911,1,8.3640000000014,0,0,5,98.3669999999911,1,42.9649999999965,4,55.4019999999946,0,0,0,0,4,55.4019999999946,0,0,0,0,107.808000000005,23,26,1,21,21,1,21,71,1869.58399750359,350.699000000015,11,9,196.248,2,NA,NA,NA,NA
"G90_2","000724BF5B",8.61699999999837,3,0,0,0,0,0,0,0,0,22.6529999999984,2,18.0169999999998,1,18.0169999999998,1,0,0,0,0,0,0,4.6359999999986,1,0,0,2,22.6529999999984,0,0,0,0,0,0,0,0,0,0,0,0,0,0,0,0,0,0,25.8509999999951,5,0,4,0,0,4,0,28,642.238087944016,118.11299999999,8,5,37.5679999999993,3,"1",41.1122350342623,33.2145495944785,28.3844622277955
"G90_2","000724C2D6",1.61200000000099,1,13.8210000000108,2,13.8210000000108,2,0,0,0,0,6.04900000000634,2,6.04900000000634,2,0,0,0,0,0,0,4.57700000000477,1,0,0,2,13.8210000000108,2,6.04900000000634,1,8.74200000000565,0,0,0,0,2,13.8210000000108,0,0,0,0,0,0,0,0,0,0,44.6290000000154,9,2,1,0,2,3,0,19,565.773031373168,71.8540000000139,8,6,36.2860000000001,2,"2",41.1122350342623,25.9012549129986,30.1011219927984
"G90_2","000724C43A",8.10599999999977,5,8.31300000000192,1,8.31300000000192,1,0,0,0,0,37.9820000000109,4,24.9390000000058,3,0,0,5.23799999999756,4,0,0,0,0,13.0430000000051,1,1,8.31300000000192,4,37.9820000000109,1,8.31300000000192,0,0,0,0,1,8.31300000000192,0,0,0,0,0,0,0,0,0,0,45.3930000000109,9,1,8,0,1,9,0,45,1345.27319302219,107.212000000029,9,5,35.4839999999967,1,"3",40.8969635609211,33.2145495944785,30.1011219927984
"G90_2","000724F43A",11.4599999999991,5,5.7390000000014,1,5.7390000000014,1,0,0,0,0,0,0,0,0,0,0,0,0,0,0,0,0,0,0,1,5.7390000000014,0,0,0,0,0,0,0,0,1,5.7390000000014,0,0,0,0,0,0,0,0,0,0,25.1510000000053,5,1,0,0,1,0,0,43,1389.41540931814,96.3700000000026,10,5,100.819000000003,6,NA,NA,NA,NA
"G90_2","000724F703",7.80500000000029,4,16.6000000000058,3,16.6000000000058,3,0,0,12.650999999998,2,89.9419999999955,6,87.0779999999941,5,0,0,0,0,58.9490000000005,1,0.510999999998603,1,2.8640000000014,1,3,16.6000000000058,6,89.9419999999955,0,0,0,0,0,0,3,16.6000000000058,0,0,0,0,0,0,0,0,0,0,129.618999999984,27,6,19,0,3,19,0,45,1226.83406044241,169.040999999983,10,5,44.3289999999979,4,NA,NA,NA,NA
"G90_2","000724FC74",10.3950000000041,6,5.35800000000017,1,5.35800000000017,1,0,0,0,0,6.61200000000099,2,2.23500000000058,1,0,0,7.91500000000087,3,0,0,0,0,0,0,1,5.35800000000017,2,6.61200000000099,0,0,0,0,0,0,1,5.35800000000017,0,0,0,0,0,0,0,0,0,0,37.5119999999879,8,1,1,0,1,1,0,45,1525.21266020732,73.2299999999959,10,1,56.127999999997,5,NA,NA,NA,NA
"G91_1","000724BA0B",0,0,0,0,0,0,0,0,0,0,0,0,0,0,0,0,0,0,0,0,0,0,0,0,0,0,0,0,0,0,0,0,0,0,0,0,0,0,0,0,0,0,0,0,0,0,0,NA,0,0,0,0,0,0,1,0,0.881000000001222,0,0,NA,NA,"1",NA,NA,NA
"G91_1","000724EDB8",3.05600000000413,1,0,0,0,0,0,0,0,0,0,0,0,0,0,0,0,0,0,0,0,0,0,0,0,0,0,0,0,0,0,0,0,0,0,0,0,0,0,0,0,0,0,0,0,0,5.41999999999825,1,0,0,0,0,0,0,5,141.608261492675,9.44800000000396,3,0,756.803999999996,1,"2",NA,NA,NA
"G91_2","000724B3CD",8.804000000011,4,0,0,0,0,0,0,14.9409999999989,2,0,0,86.6989999999932,4,14.4229999999952,1,0,0,22.0930000000008,2,1.06199999999808,1,5.83499999999913,1,0,0,0,0,0,0,6,123.850000000013,0,0,0,0,0,0,0,0,0,0,0,0,0,0,196.490000000013,42,3,0,0,0,0,26,82,1706.8085179063,544.258000000053,15,13,38.7949999999983,2,"1",33.8617109710176,44.0910367572882,44.3663797790717
"G91_2","000724BA0B",11.5190000000002,5,87.5090000000127,5,14.6600000000035,1,72.8490000000093,4,160.770999999993,3,53.0979999999981,3,53.0979999999981,3,45.7059999999983,2,0.529999999998836,1,0,0,2.11299999999756,1,0,0,5,87.5090000000127,3,53.0979999999981,0,0,4,72.8490000000093,1,14.6600000000035,4,72.8490000000093,1,39.7459999999992,2,57.4330000000045,0,0,0,0,9,234.310999999994,370.828000000001,79,53,11,15,18,11,15,68,1395.80956114913,490.087,14,7,30.3689999999988,1,"2",33.8617109710176,46.259763154422,44.2124389258694
"G91_2","000724CD8D",12.7909999999829,4,244.331999999995,10,26.0000000000073,2,218.331999999988,8,59.4660000000003,1,68.656999999992,5,68.656999999992,5,0,0,0,0,6.73300000000017,1,0,0,0,0,10,244.331999999995,5,68.656999999992,2,32.0539999999964,8,218.331999999988,3,85.375,7,158.956999999995,0,0,1,6.4539999999979,8,252.866999999991,0,0,2,16.75,398.546999999977,85,65,14,46,52,21,46,78,1524.84347523959,582.019000000022,18,11,68.5350000000035,4,"3",34.44177090887,44.0910367572882,44.2124389258694
"G91_2","000724DCFE",17.9709999999832,7,157.099999999991,6,0,0,157.099999999991,6,80.6549999999916,3,185.490999999995,7,78.1529999999912,3,49.6849999999977,1,4.83800000000338,7,0,0,1.37299999999959,1,107.338000000003,4,6,157.099999999991,7,185.490999999995,1,6.94900000000052,5,150.150999999991,1,13.4110000000001,5,143.688999999991,1,84.4630000000034,2,32.0899999999965,0,0,5,156.643999999986,4,139.050999999999,457.978999999985,98,51,39,33,33,41,32,78,1772.62420674433,630.151999999973,17,12,57.3870000000024,3,NA,NA,NA,NA
"G91_2","000724DFE4",15.4249999999956,5,0,0,0,0,0,0,49.1219999999958,3,0,0,45.6759999999995,3,0,0,3.7039999999979,1,42.1809999999969,2,1.05200000000332,1,0,0,0,0,0,0,0,0,5,76.429000000011,0,0,0,0,0,0,0,0,0,0,0,0,0,0,150.40400000001,32,10,0,0,0,0,16,63,1333.9820720426,384.161000000029,15,11,94.6920000000027,6,NA,NA,NA,NA
"G91_2","000724EDB8",14.2860000000073,4,0,0,0,0,0,0,0,0,0,0,18.5659999999989,1,0,0,0.620999999999185,1,0,0,0,0,0,0,0,0,0,0,0,0,3,77.1050000000032,0,0,0,0,0,0,0,0,0,0,0,0,0,0,174.274999999994,37,0,0,0,0,0,16,66,1788.44549371729,412.029999999999,21,17,75.0970000000016,5,NA,NA,NA,NA
"G92_1","000724BF5B",17.0780000000086,7,155.344999999979,8,13.6809999999969,2,141.663999999982,6,63.4599999999991,2,214.006000000001,7,182.474999999999,6,32.1900000000023,2,1.67399999999907,2,6.13799999999901,1,0,0,31.5310000000027,1,8,155.344999999979,7,214.006000000001,1,6.80999999999767,6,141.663999999982,0,0,8,155.344999999979,1,6.13799999999901,3,26.9579999999914,0,0,2,46.7249999999985,6,208.797999999995,477.761999999952,102,47,46,30,33,47,30,76,1623.52033955669,593.407999999967,19,12,37.7459999999992,2,"1",41.626427343691,39.8399079394353,48.9921957078521
"G92_1","000724C2D6",8.09000000000378,5,53.2760000000053,6,5.92799999999988,1,47.3480000000054,5,48.4120000000039,3,109.351999999999,6,93.4000000000015,5,15.2520000000004,1,8.72500000000582,3,0,0,0,0,15.9519999999975,1,6,53.2760000000053,6,109.351999999999,2,20.0559999999969,4,41.6270000000077,1,14.3349999999991,5,38.9410000000062,1,15.9519999999975,0,0,3,39.6870000000054,1,10.8350000000064,0,0,108.801000000014,23,21,23,10,11,27,8,50,1107.20529403608,361.305000000029,18,12,41.4749999999985,4,"2",41.626427343691,43.3714984659027,47.6635912697098
"G92_1","000724C43A",1.95200000000477,1,304.101999999999,12,0,0,304.101999999999,12,25.7099999999991,2,79.7280000000028,4,50.6490000000049,3,36.4950000000026,1,0.44100000000617,1,0,0,0,0,29.0789999999979,1,12,304.101999999999,4,79.7280000000028,0,0,12,304.101999999999,2,61.6499999999942,10,242.452000000005,1,11.4300000000003,1,63.4670000000042,6,129.410999999993,4,98.7430000000095,4,47.9949999999953,451.339,97,70,17,65,65,17,65,63,1365.14832065248,496.827000000019,10,6,49.2450000000026,5,"3",45.6925427578959,39.8399079394353,47.6635912697098
"G92_1","000724F43A",6.70200000000477,3,170.862000000001,10,31.288999999997,3,139.573000000004,7,21.7270000000062,1,0,0,0,0,0,0,1.87199999999575,2,0,0,0,0,0,0,10,170.862000000001,0,0,0,0,7,139.573000000004,3,45.8740000000034,7,124.987999999998,0,0,1,19.5709999999963,5,112.99500000001,0,0,1,6.55399999999645,223.27900000001,47,41,0,30,36,0,30,61,1295.45222766641,298.896999999983,14,9,57.5760000000009,6,NA,NA,NA,NA
"G92_1","000724F703",8.24199999999837,2,53.1900000000096,4,5.33100000000559,1,47.859000000004,3,28.265999999996,1,21.6820000000007,3,10.4249999999956,2,0,0,5.11800000000221,5,0,0,0,0,11.2570000000051,1,4,53.1900000000096,3,21.6820000000007,1,12.5520000000033,3,47.859000000004,0,0,4,53.1900000000096,0,0,1,22.5449999999983,0,0,0,0,2,25.3140000000058,79.974999999984,17,17,4,10,11,7,10,72,1765.41708859572,436.20799999997,15,8,37.336000000003,1,NA,NA,NA,NA
"G92_1","000724FC74",17.7970000000132,8,67.9190000000017,6,18.3940000000075,3,49.5249999999942,3,44.0279999999984,3,9.96300000000338,2,7.72100000000501,1,0,0,1.75500000000466,2,0,0,0,0,2.24199999999837,1,6,67.9190000000017,2,9.96300000000338,0,0,3,49.5249999999942,0,0,6,67.9190000000017,0,0,1,33.6800000000003,0,0,0,0,2,37.1110000000044,152.379000000023,32,24,2,10,14,2,10,101,2817.45102576011,507.296000000031,18,11,38.4170000000013,3,NA,NA,NA,NA
"G92_2","000724BF5B",10.5610000000015,4,0,0,0,0,0,0,0,0,0,0,0,0,0,0,0,0,0,0,0,0,0,0,0,0,0,0,0,0,0,0,0,0,0,0,0,0,0,0,0,0,0,0,0,0,1.05100000000675,0,0,0,0,0,0,0,5,136.767740963656,11.6120000000083,2,0,36.4990000000034,1,"1",43.6171537301212,39.9274256796295,18.5
"G92_2","000724C2D6",6.09999999999854,2,45.0809999999983,1,0,0,45.0809999999983,1,46.9519999999975,1,132.276000000013,3,132.276000000013,3,67.3120000000054,1,0,0,0,0,0,0,0,0,1,45.0809999999983,3,132.276000000013,0,0,1,45.0809999999983,1,45.0809999999983,0,0,0,0,0,0,3,176.022000000004,0,0,0,0,224.94000000001,48,19,28,9,9,28,9,9,286.989742667797,231.650000000009,4,1,462.466999999997,2,"2",43.6171537301212,37,89.2525271262102
"G92_2","000724C43A",8.00400000000081,3,7.43400000000111,1,7.43400000000111,1,0,0,0,0,0,0,0,0,0,0,0,0,0,0,0,0,0,0,1,7.43400000000111,0,0,0,0,0,0,0,0,1,7.43400000000111,0,0,0,0,0,0,0,0,0,0,12.4330000000045,2,1,0,0,1,0,0,17,737.430301578974,35.0139999999956,5,3,560.923999999999,5,"3",18.5,39.9274256796295,89.2525271262102
"G92_2","000724F43A",8.47400000000198,3,0,0,0,0,0,0,0,0,0,0,0,0,0,0,0.531000000002678,1,0,0,0,0,0,0,0,0,0,0,0,0,0,0,0,0,0,0,0,0,0,0,0,0,0,0,0,0,18.5710000000108,3,0,0,0,0,0,0,28,668.076699177031,73.6200000000026,6,1,496.766000000003,4,NA,NA,NA,NA
"G92_2","000724F703",12.7100000000064,3,5.2609999999986,1,5.2609999999986,1,0,0,0,0,0,0,0,0,0,0,4.20700000000215,2,0,0,0,0,0,0,1,5.2609999999986,0,0,0,0,0,0,0,0,1,5.2609999999986,0,0,0,0,0,0,0,0,0,0,20.9440000000031,4,1,0,0,1,0,0,16,524.368798700752,55.7220000000161,9,3,477.881999999998,3,NA,NA,NA,NA
"G92_2","000724FC74",4.7960000000021,3,5.61900000000605,1,5.61900000000605,1,0,0,0,0,0,0,0,0,0,0,0,0,0,0,0,0,0,0,1,5.61900000000605,0,0,0,0,0,0,0,0,1,5.61900000000605,0,0,0,0,0,0,0,0,0,0,6.30100000000675,1,1,0,0,1,0,0,11,321.406320047117,14.9239999999991,2,1,794.430999999997,6,NA,NA,NA,NA
"G93_1","000724B3CD",0,0,0,0,0,0,0,0,0,0,5.57999999999447,1,5.57999999999447,1,5.57999999999447,1,0,0,0,0,0,0,0,0,0,0,1,5.57999999999447,0,0,0,0,0,0,0,0,0,0,0,0,0,0,0,0,0,0,10.8369999999923,2,0,1,0,0,1,0,5,101.5361010339,11.80799999999,2,1,376.616000000002,3,"1",25.3840252584749,NA,NA
"G93_1","000724CD8D",0,0,0,0,0,0,0,0,0,0,0,0,0,0,0,0,0,0,0,0,0,0,0,0,0,0,0,0,0,0,0,0,0,0,0,0,0,0,0,0,0,0,0,0,0,0,3.68699999999808,0,0,0,0,0,0,0,8,55.5680505169498,32.4270000000106,2,1,181.756999999998,2,"2",25.3840252584749,NA,NA
"G93_1","000724DCFE",0,0,0,0,0,0,0,0,0,0,0,0,0,0,0,0,0,0,0,0,0,0,0,0,0,0,0,0,0,0,0,0,0,0,0,0,0,0,0,0,0,0,0,0,0,0,0.440000000002328,0,0,0,0,0,0,0,2,32.2,0.961999999999534,0,0,NA,NA,"3",NA,NA,NA
"G93_1","000724DFE4",0,0,0,0,0,0,0,0,0,0,0,0,0,0,0,0,0,0,0,0,0,0,0,0,0,0,0,0,0,0,0,0,0,0,0,0,0,0,0,0,0,0,0,0,0,0,5.33699999999953,1,0,0,0,0,0,0,4,37,5.5969999999943,1,0,NA,NA,NA,NA,NA,NA
"G93_1","000724EDB8",7.31199999999808,3,5.68999999999505,1,5.68999999999505,1,0,0,0,0,0,0,0,0,0,0,0,0,0,0,0,0,0,0,1,5.68999999999505,0,0,0,0,0,0,0,0,1,5.68999999999505,0,0,0,0,0,0,0,0,0,0,16.8859999999841,3,1,0,0,1,0,0,18,268.258630657537,37.7579999999871,5,1,121.285000000003,1,NA,NA,NA,NA
"G93_2","000724B3CD",12.6189999999988,5,230.994000000006,14,121.010000000002,7,109.984000000004,7,6.95900000000256,1,156.996999999996,7,131.972000000002,5,129.829000000005,4,3.85400000000664,3,0,0,0.542000000001281,1,25.0249999999942,2,14,230.994000000006,7,156.996999999996,2,18.7549999999974,6,101.257000000005,6,137.903000000006,8,93.0910000000003,0,0,0,0,12,223.450000000004,0,0,0,0,398.885000000002,85,51,33,23,49,37,21,87,2002.02608627517,647.88400000002,20,16,61.788999999997,2,"1",36.0291829637184,42.7663298884404,43.3563960775844
"G93_2","000724BA0B",9.30500000000029,3,0,0,0,0,0,0,198.592000000011,6,444.044999999991,11,263.739999999991,9,148.640999999996,3,1.16199999999662,2,0,0,0,0,180.305,2,0,0,11,444.044999999991,0,0,0,0,0,0,0,0,2,149.135999999999,0,0,0,0,11,462.760000000009,0,0,635.56700000001,136,42,95,0,0,95,0,42,801.455742030433,671.132000000012,9,4,36.3839999999982,1,"2",36.0291829637184,43.9018713356602,41.8965893377228
"G93_2","000724CD8D",29.0579999999754,13,141.451000000015,6,26.8600000000079,2,114.591000000008,4,0,0,34.5110000000059,6,10.3640000000087,2,0,0,0,0,0,0,0,0,16.0429999999978,3,6,141.451000000015,6,34.5110000000059,1,22.3000000000029,4,114.591000000008,1,17.4590000000026,5,123.992000000013,0,0,2,87.2020000000048,1,9.47100000000501,0,0,2,23.773000000001,237.205000000045,50,30,7,24,30,12,24,99,2713.30494238367,397.792000000009,25,12,71.6849999999977,5,"3",40.0537208587988,42.7663298884404,41.8965893377228
"G93_2","000724DCFE",12.1419999999998,6,152.131999999998,7,0,0,152.131999999998,7,0,0,51.9200000000055,9,39.0080000000089,6,0,0,14.3659999999945,9,11.6779999999999,1,4.24399999999878,3,12.9119999999966,3,7,152.131999999998,9,51.9200000000055,2,73.5219999999899,7,152.131999999998,1,40.8780000000042,6,111.253999999994,0,0,1,66.4399999999951,5,48.1759999999922,0,0,3,33.557000000008,286.388000000006,61,32,11,32,32,26,32,150,3385.3019342034,472.606999999989,18,8,66.1549999999988,3,NA,NA,NA,NA
"G93_2","000724DFE4",2.79499999999825,2,12.9790000000066,2,7.61100000000442,1,5.36800000000221,1,35.4830000000002,3,15.4030000000057,2,15.4030000000057,2,0,0,10.3090000000084,5,0,0,0,0,0,0,2,12.9790000000066,2,15.4030000000057,0,0,1,5.36800000000221,0,0,2,12.9790000000066,0,0,1,5.36800000000221,0,0,0,0,0,0,54.9500000000189,11,10,3,1,2,3,1,44,991.977265380075,213.381000000016,11,8,105.125999999997,6,NA,NA,NA,NA
"G93_2","000724EDB8",19.9120000000112,6,31.0500000000029,4,18.7929999999978,3,12.2570000000051,1,0,0,38.9499999999971,4,38.9499999999971,4,0,0,13.0939999999973,6,0,0,0,0,0,0,4,31.0500000000029,4,38.9499999999971,0,0,1,12.2570000000051,1,12.2570000000051,3,18.7929999999978,1,16.3240000000005,0,0,0,0,2,14.1339999999909,0,0,96.2539999999935,20,6,8,2,6,8,2,70,1961.7870583709,232.739000000009,16,5,68.9490000000005,4,NA,NA,NA,NA
"G94_1","000724BF5B",2.84599999999773,1,13.0619999999981,1,13.0619999999981,1,0,0,13.7660000000033,1,113.292000000001,1,113.292000000001,1,0,0,0,0,0,0,0,0,0,0,1,13.0619999999981,1,113.292000000001,0,0,0,0,1,13.0619999999981,0,0,1,113.292000000001,0,0,0,0,1,13.7660000000033,0,0,142.333000000006,30,5,24,0,2,24,0,9,143.404151550849,153.160999999993,4,3,96.7419999999984,4,"1",38.4690111926224,30.8975112033862,NA
"G94_1","000724C2D6",11.7780000000057,4,0,0,0,0,0,0,0,0,0,0,0,0,0,0,3.03500000000349,2,0,0,0,0,0,0,0,0,0,0,0,0,0,0,0,0,0,0,0,0,0,0,0,0,0,0,0,0,4.8269999999975,1,0,0,0,0,0,0,9,229.256626581792,19.0689999999959,3,0,92.237000000001,3,"2",38.4690111926224,NA,NA
"G94_1","000724C43A",3.85899999999674,3,9.97699999999895,1,0,0,9.97699999999895,1,0,0,47.676999999996,2,10.2189999999973,1,0,0,0,0,0,0,0.431000000004133,1,37.4579999999987,1,1,9.97699999999895,2,47.676999999996,0,0,1,9.97699999999895,0,0,1,9.97699999999895,1,37.4579999999987,0,0,0,0,2,20.1959999999963,0,0,71.1059999999998,15,2,10,2,2,10,2,28,871.968577903922,82.2799999999916,3,1,270.442000000003,6,"3",NA,30.8975112033862,NA
"G94_1","000724F43A",3.26400000000285,1,75.7209999999977,2,0,0,75.7209999999977,2,0,0,0,0,0,0,0,0,0,0,0,0,0,0,0,0,2,75.7209999999977,0,0,0,0,2,75.7209999999977,1,18.1789999999964,1,57.5420000000013,0,0,1,57.5420000000013,0,0,0,0,0,0,79.6159999999945,17,16,0,16,16,0,16,14,361.353279130926,103.883999999991,6,4,175.559999999998,5,NA,NA,NA,NA
"G94_1","000724F703",7.31300000000192,3,0,0,0,0,0,0,0,0,0,0,0,0,0,0,1.55199999999604,1,0,0,0,0,0,0,0,0,0,0,0,0,0,0,0,0,0,0,0,0,0,0,0,0,0,0,0,0,5.0789999999979,1,0,0,0,0,0,0,11,284.397958065784,14.1859999999942,2,0,48.1489999999976,1,NA,NA,NA,NA
"G94_1","000724FC74",12.4839999999967,5,99.5000000000146,7,0,0,99.5000000000146,7,28.9360000000015,2,23.5780000000013,6,21.5030000000042,5,0,0,12.948000000004,5,10.9890000000014,1,0,0,2.07499999999709,1,7,99.5000000000146,6,23.5780000000013,0,0,7,99.5000000000146,1,30.4460000000036,6,69.054000000011,0,0,0,0,8,93.5480000000098,0,0,0,0,150.160000000011,32,27,5,21,21,5,21,111,2787.54371151176,401.606999999982,15,6,68.489999999998,2,NA,NA,NA,NA
"G94_2","000724BF5B",5.34900000000198,3,10.7279999999955,1,10.7279999999955,1,0,0,44.5040000000008,1,193.148999999998,3,98.3849999999948,2,73.9549999999945,1,0.529999999998836,1,0,0,0,0,94.7640000000029,1,1,10.7279999999955,3,193.148999999998,0,0,0,0,1,10.7279999999955,0,0,0,0,0,0,0,0,0,0,0,0,46.9279999999999,10,11,41,0,2,41,0,43,1120.01737618019,338.226000000024,9,8,39.0219999999972,2,"1",22.6645868914865,32.3952176527035,33.3306777844382
"G94_2","000724C2D6",5.26000000000204,2,437.969999999987,8,36.010000000002,2,401.959999999985,6,0,0,19.2199999999939,2,14.9029999999984,1,0,0,2.80600000000413,2,0,0,0,0,4.31699999999546,1,8,437.969999999987,2,19.2199999999939,0,0,6,401.959999999985,4,153.080999999998,4,284.888999999988,0,0,1,108.245999999999,3,176.642999999989,0,0,0,0,485.558999999979,104,94,4,86,94,4,86,38,831.81163180275,524.178999999989,12,8,41.7869999999966,3,"2",22.6645868914865,31.4802196466782,38.1134747766776
"G94_2","000724C43A",10.7189999999973,5,29.5180000000037,3,0,0,29.5180000000037,3,0,0,172.278000000006,10,160.715000000004,9,0,0,19.6080000000002,6,60.3039999999964,1,0,0,11.5630000000019,1,3,29.5180000000037,10,172.278000000006,0,0,3,29.5180000000037,0,0,3,29.5180000000037,2,85.1809999999969,0,0,0,0,6,65.0370000000039,0,0,208.128999999986,44,6,37,6,6,37,6,61,1588.59783160302,283.237000000001,9,5,55.760000000002,5,"3",24.7086200428165,32.3952176527035,38.1134747766776
"G94_2","000724F43A",9.14600000000064,4,173.117999999995,8,37.6899999999951,3,135.428,5,5.40900000000693,1,60.676999999996,5,38.9079999999958,4,0,0,19.968000000008,7,0,0,0.611000000004424,1,21.7690000000002,1,8,173.117999999995,5,60.676999999996,0,0,5,135.428,2,56.987000000001,6,116.130999999994,0,0,0,0,6,128.844999999994,0,0,0,0,246.429999999986,52,38,13,29,37,13,29,66,1672.57689317273,393.868999999999,14,9,49.6109999999971,4,NA,NA,NA,NA
"G94_2","000724F703",11.6330000000089,3,122.43099999999,8,43.7960000000021,2,78.6349999999875,6,5.58899999999994,1,187.258999999991,7,187.258999999991,7,8.28399999999965,1,13.8159999999916,7,146.942999999999,1,0,0,0,0,8,122.43099999999,7,187.258999999991,2,38.3080000000045,5,72.4639999999854,1,32.1370000000024,7,90.2939999999871,2,15.7029999999941,1,8.50499999999738,1,11.6589999999997,7,221.788999999982,3,25.3730000000069,369.487999999983,79,27,40,16,26,48,15,82,2094.05121111485,591.477999999981,16,12,34.2920000000013,1,NA,NA,NA,NA
"G94_2","000724FC74",6.27900000000227,4,8.1339999999982,1,0,0,8.1339999999982,1,0,0,2.3839999999982,1,2.3839999999982,1,0,0,0,0,0,0,0,0,0,0,1,8.1339999999982,1,2.3839999999982,0,0,1,8.1339999999982,0,0,1,8.1339999999982,0,0,1,8.1339999999982,0,0,0,0,0,0,37.2779999999984,8,1,0,1,1,0,1,22,687.972168656486,53.3949999999968,5,3,58.5740000000005,6,NA,NA,NA,NA
"G95_1","000724B3CD",0,0,73.2109999999957,1,0,0,73.2109999999957,1,0,0,3.65600000000268,1,3.65600000000268,1,0,0,0,0,0,0,3.65600000000268,1,0,0,1,73.2109999999957,1,3.65600000000268,0,0,1,73.2109999999957,0,0,1,73.2109999999957,0,0,1,73.2109999999957,0,0,0,0,1,15.2059999999983,101.137999999999,21,15,0,15,15,0,15,5,69.1503275558384,101.137999999999,3,2,73.9040000000023,5,"1",28.901119776672,34.5636293796514,13.8631167241055
"G95_1","000724BA0B",0,0,0,0,0,0,0,0,0,0,5.08000000000175,1,5.08000000000175,1,0,0,0.721000000005006,1,0,0,0,0,0,0,0,0,1,5.08000000000175,0,0,0,0,0,0,0,0,0,0,0,0,0,0,0,0,0,0,12.362000000001,2,0,1,0,0,1,0,8,161.972202067799,12.7119999999995,2,1,72.8220000000001,4,"2",28.901119776672,36.5140756860541,17.7577175042953
"G95_1","000724CD8D",5.68800000000192,2,11.1290000000008,1,11.1290000000008,1,0,0,0,0,0,0,0,0,0,0,0,0,0,0,0,0,0,0,1,11.1290000000008,0,0,0,0,0,0,1,11.1290000000008,0,0,0,0,0,0,0,0,0,0,0,0,24.9330000000045,5,2,0,0,2,0,0,18,490.766369627584,39.4040000000241,5,1,63.0380000000005,2,"3",30.3700925250374,34.5636293796514,17.7577175042953
"G95_1","000724DCFE",1.45300000000134,1,40.7549999999974,1,0,0,40.7549999999974,1,0,0,0,0,0,0,0,0,0,0,0,0,0.600999999995111,1,0,0,1,40.7549999999974,0,0,0,0,1,40.7549999999974,1,40.7549999999974,0,0,0,0,0,0,1,6.9890000000014,0,0,0,0,58.3770000000004,12,8,0,8,8,0,8,21,443.559285769214,64.4089999999997,2,1,56.75,1,NA,NA,NA,NA
"G95_1","000724DFE4",0,0,7.15000000000146,1,7.15000000000146,1,0,0,0,0,0,0,0,0,0,0,0.510999999998603,1,0,0,0,0,0,0,1,7.15000000000146,0,0,0,0,0,0,0,0,1,7.15000000000146,0,0,0,0,0,0,0,0,0,0,14.9809999999998,3,1,0,0,1,0,0,7,106.404151550849,20.3129999999946,3,2,64.7410000000018,3,NA,NA,NA,NA
"G95_1","000724EDB8",5.13799999999901,2,0,0,0,0,0,0,0,0,0,0,0,0,0,0,0,0,0,0,0,0,0,0,0,0,0,0,0,0,0,0,0,0,0,0,0,0,0,0,0,0,0,0,0,0,1.23200000000361,0,0,0,0,0,0,0,4,74.2041515508494,6.37000000000262,2,0,NA,NA,NA,NA,NA,NA
"G95_2","000724B3CD",16.3459999999977,5,145.897999999994,9,13.3099999999977,1,132.587999999996,8,6.50100000000384,1,123.989000000001,12,61.3470000000016,8,46.0429999999978,5,2.68299999999726,3,0,0,1.42199999999866,1,45.6489999999976,3,9,145.897999999994,12,123.989000000001,3,33.403999999995,8,132.587999999996,4,58.1759999999995,5,87.7219999999943,3,32.2229999999981,0,0,8,120.385999999999,7,89.7730000000083,0,0,367.582999999977,79,32,26,28,31,33,28,104,2759.85042925882,496.28199999997,20,14,36.6730000000025,3,"1",34.3645304634753,33.4353456385589,31.6887666447634
"G95_2","000724BA0B",14.5299999999988,6,70.0109999999913,3,0,0,70.0109999999913,3,350.043000000005,2,105.863999999994,8,89.0679999999993,6,8.30199999999604,1,13.3819999999978,6,0,0,1.69099999999889,2,16.7959999999948,2,3,70.0109999999913,8,105.863999999994,1,47.0420000000013,3,70.0109999999913,1,47.0420000000013,2,22.96899999999,1,66.2940000000017,2,22.96899999999,3,358.345000000001,0,0,0,0,573.782999999989,123,90,22,15,15,32,15,97,2129.45640283569,689.369999999966,20,7,22.6650000000009,1,"2",34.3645304634753,34.6589749046014,32.3924704858305
"G95_2","000724CD8D",29.8919999999998,9,97.0189999999857,9,33.6679999999978,4,63.3509999999878,5,94.7039999999979,4,117.327000000005,6,72.9749999999985,2,0,0,0,0,0,0,1.42199999999866,1,21.7630000000063,3,9,97.0189999999857,6,117.327000000005,2,15.2799999999916,4,54.3689999999915,1,11.0409999999974,8,85.9779999999882,1,22.5889999999999,2,14.8789999999935,3,22.7649999999994,6,167.991999999998,1,6.10899999999674,414.572999999989,89,41,25,13,20,28,11,91,1951.86646255366,588.051000000007,24,15,24.8899999999994,2,"3",34.2156502401127,33.4353456385589,32.3924704858305
"G95_2","000724DCFE",14.114999999998,6,245.061999999998,15,23.4109999999928,3,221.651000000005,12,15.7139999999999,2,79.6750000000175,7,19.3830000000016,1,19.3830000000016,1,3.37600000000384,3,0,0,1.60399999999936,1,50.3850000000166,5,15,245.061999999998,7,79.6750000000175,2,19.724000000002,12,221.651000000005,3,148.237000000008,12,96.8249999999898,2,29.1450000000041,1,18.9639999999999,6,47.1150000000052,2,27.9830000000075,4,23.6369999999952,435.322000000029,93,56,17,47,52,21,47,147,3151.35845573963,552.483000000007,20,12,103.156000000003,6,NA,NA,NA,NA
"G95_2","000724DFE4",11.44200000001,7,51.5759999999937,7,13.739999999998,2,37.8359999999957,5,13.8459999999977,1,78.7639999999883,6,48.291999999994,4,0,0,1.19200000000274,2,39.2769999999946,3,0,0,21.0059999999939,1,7,51.5759999999937,6,78.7639999999883,1,5.75,5,37.8359999999957,0,0,7,51.5759999999937,3,47.8119999999908,3,26.0639999999985,0,0,4,34.1800000000003,3,22.2839999999924,174.47199999998,37,14,16,8,11,18,8,71,1736.24143118482,287.661999999997,18,11,59.7900000000009,4,NA,NA,NA,NA
"G95_2","000724EDB8",19.038999999997,7,75.8140000000058,8,14.4630000000034,2,61.3510000000024,6,0,0,50.2229999999909,14,21.5089999999982,6,0,0,12.9919999999984,7,0,0,1.45300000000134,1,28.7139999999927,8,8,75.8140000000058,14,50.2229999999909,1,8.02300000000105,6,61.3510000000024,0,0,8,75.8140000000058,2,12.3199999999924,3,27.0190000000075,0,0,0,0,4,40.7719999999972,212.733000000015,45,16,10,13,16,12,13,131,3761.36864020374,395.457000000039,23,11,76.6030000000028,5,NA,NA,NA,NA
"G96_1","000724C2D6",0,0,0,0,0,0,0,0,15.364999999998,1,13.4190000000017,1,13.4190000000017,1,0,0,0.52100000000064,1,13.4190000000017,1,0,0,0,0,0,0,1,13.4190000000017,0,0,0,0,0,0,0,0,0,0,0,0,0,0,0,0,0,0,0,NA,3,2,0,0,2,0,7,92.7722020677992,46.19200000001,3,3,598.029999999999,3,"1",7.63999179726689,NA,NA
"G96_1","000724C43A",11.9709999999977,5,60.304000000011,6,34.2770000000091,4,26.0270000000019,2,0,0,76.6779999999926,4,35.1429999999964,3,0,0,3.88699999999517,2,0,0,0,0,41.5349999999962,1,6,60.304000000011,4,76.6779999999926,1,5.57900000000518,2,26.0270000000019,2,23.1500000000015,4,37.1540000000095,0,0,0,0,1,18.8950000000041,0,0,0,0,162.987999999998,35,12,16,5,12,17,5,38,864.054017460651,194.982999999986,12,6,107.813000000002,1,"2",7.63999179726689,NA,32.0822770388886
"G96_1","000724F43A",1.21199999999953,1,0,0,0,0,0,0,0,0,0,0,0,0,0,0,0,0,0,0,0,0,0,0,0,0,0,0,0,0,0,0,0,0,0,0,0,0,0,0,0,0,0,0,0,0,0,NA,0,0,0,0,0,0,3,74.0680505169498,8.86699999999837,1,1,913.563000000002,4,"3",NA,NA,32.0822770388886
"G96_1","000724FC74",4.42700000000332,2,7.82200000000012,1,7.82200000000012,1,0,0,0,0,103.630999999987,6,81.1209999999919,5,0,0,9.25699999999779,3,0,0,0,0,22.5099999999948,1,1,7.82200000000012,6,103.630999999987,1,7.82200000000012,0,0,0,0,1,7.82200000000012,1,19.666999999994,0,0,0,0,0,0,0,0,57.9769999999844,12,1,22,0,1,23,0,62,1599.61911832005,292.519999999975,9,5,183.900999999998,2,NA,NA,NA,NA
"G96_2","000724BF5B",8.95400000001246,4,108.700000000004,1,0,0,108.700000000004,1,18.1929999999993,2,407.349000000009,11,378.493000000009,8,255.112000000001,4,2.25300000000425,1,12.484000000004,1,0,0,21.4049999999988,2,1,108.700000000004,11,407.349000000009,0,0,1,108.700000000004,0,0,1,108.700000000004,2,241.457000000002,1,108.700000000004,0,0,1,7.45100000000093,4,49.6600000000035,442.254000000008,95,27,87,23,23,87,23,41,1115.19519695688,627.462000000029,13,8,28.9550000000017,3,"1",34.1291658897764,23.3745818897053,33.1573377808071
"G96_2","000724C2D6",34.3119999999908,12,18.9959999999992,1,18.9959999999992,1,0,0,0,0,140.551999999996,10,21.3450000000084,4,10.6360000000059,1,4.59399999999732,7,0,0,0,0,119.206999999988,6,1,18.9959999999992,10,140.551999999996,0,0,0,0,1,18.9959999999992,0,0,2,56.1990000000005,0,0,1,17.6869999999981,0,0,0,0,154.361999999994,33,4,30,0,4,30,0,86,2355.00431590687,330.704999999951,18,10,34.3430000000008,4,"2",34.1291658897764,24.2156362961146,38.534951436948
"G96_2","000724C43A",16.5400000000009,6,23.5870000000068,3,6.57200000000012,1,17.0150000000067,2,29.976999999999,1,95.275999999998,8,61.0630000000019,6,41.5370000000039,2,7.01500000000669,3,8.40499999999884,1,0,0,34.2129999999961,2,3,23.5870000000068,8,95.275999999998,1,6.57200000000012,2,17.0150000000067,1,10.0040000000008,2,13.583000000006,2,37.5639999999985,0,0,1,6.57200000000012,3,74.4470000000074,0,0,146.354999999989,31,11,20,3,5,21,3,52,1685.55207641954,294.749000000003,11,7,22.864999999998,2,"3",24.9590930340658,23.3745818897053,38.534951436948
"G96_2","000724F43A",6.14199999999983,3,136.142999999989,10,83.2269999999917,6,52.9159999999974,4,24.2010000000082,2,55.2589999999982,4,55.2589999999982,4,0,0,10.8789999999935,4,0,0,0.530000000006112,1,0,0,10,136.142999999989,4,55.2589999999982,0,0,4,52.9159999999974,3,51.1189999999915,7,85.0239999999976,0,0,1,20.086000000003,4,53.5699999999997,0,0,0,0,191.689999999981,41,34,11,11,29,11,11,101,2745.36340045374,481.774000000019,19,13,68.4760000000024,6,NA,NA,NA,NA
"G96_2","000724F703",0,0,158.339,8,10.612000000001,2,147.726999999999,6,132.149000000005,3,392.318999999996,11,268.14899999999,10,5.77999999999884,1,16.4680000000008,6,15.4720000000016,2,0,0,124.170000000006,1,8,158.339,11,392.318999999996,5,121.323999999993,5,139.892,1,17.1860000000015,7,141.152999999998,1,85.8450000000012,1,5.56199999999808,7,315.297000000006,3,184.576000000001,3,27.2280000000028,704.31400000002,151,62,84,31,34,110,30,65,1431.58463493719,781.236000000012,12,9,22.2419999999984,1,NA,NA,NA,NA
"G96_2","000724FC74",8.71700000000419,3,20.8159999999989,1,0,0,20.8159999999989,1,0,0,118.892000000007,11,89.577000000012,7,7.80200000000332,1,1.06399999999849,2,58.2550000000047,3,0,0,23.1159999999945,3,1,20.8159999999989,11,118.892000000007,0,0,1,20.8159999999989,0,0,1,20.8159999999989,2,23.3270000000048,0,0,0,0,3,70.9310000000041,0,0,146.88900000001,31,4,25,4,4,25,4,55,2006.99393559319,213.478000000017,14,6,36.487000000001,5,NA,NA,NA,NA
"G97_1","000724B3CD",3.03499999999622,1,0,0,0,0,0,0,0,0,0,0,0,0,0,0,0,0,0,0,0,0,0,0,0,0,0,0,0,0,0,0,0,0,0,0,0,0,0,0,0,0,0,0,0,0,0,NA,0,0,0,0,0,0,1,0,3.03499999999622,1,0,NA,NA,"1",NA,NA,NA
"G97_1","000724CD8D",0,0,0,0,0,0,0,0,0,0,0,0,0,0,0,0,0,0,0,0,0,0,0,0,0,0,0,0,0,0,0,0,0,0,0,0,0,0,0,0,0,0,0,0,0,0,1.74300000000221,0,0,0,0,0,0,0,1,0,1.74300000000221,0,0,NA,NA,"2",NA,NA,NA
"G97_1","000724DCFE",2.61399999999412,2,5.46800000000076,1,5.46800000000076,1,0,0,0,0,0,0,0,0,0,0,0,0,0,0,0,0,0,0,1,5.46800000000076,0,0,0,0,0,0,0,0,1,5.46800000000076,0,0,0,0,0,0,0,0,0,0,6.42899999999645,1,1,0,0,1,0,0,9,143.3361010339,19.0799999999872,3,1,92.7300000000032,1,"3",NA,NA,NA
"G97_1","000724DFE4",10.4760000000024,3,0,0,0,0,0,0,0,0,0,0,0,0,0,0,0,0,0,0,0,0,0,0,0,0,0,0,0,0,0,0,0,0,0,0,0,0,0,0,0,0,0,0,0,0,11.9000000000015,2,0,0,0,0,0,0,12,231.004806662526,28.3340000000098,4,1,520.389000000003,2,NA,NA,NA,NA
"G97_1","000724EDB8",4.37700000000041,1,0,0,0,0,0,0,0,0,0,0,0,0,0,0,0,0,0,0,0,0,0,0,0,0,0,0,0,0,0,0,0,0,0,0,0,0,0,0,0,0,0,0,0,0,0,NA,0,0,0,0,0,0,3,37,5.15799999999581,1,0,NA,NA,NA,NA,NA,NA
"G97_2","000724B3CD",14.2300000000032,6,0,0,0,0,0,0,101.761000000006,4,0,0,319.363000000005,5,207.244999999995,1,0,0,0,0,0,0,24.8989999999976,3,0,0,0,0,0,0,1,10.8609999999971,0,0,0,0,0,0,0,0,0,0,0,0,0,0,63.7889999999898,13,21,0,0,0,0,2,66,1719.48330358468,743.916999999979,16,13,44.3470000000016,3,"1",48.3981541427424,54.6255456430292,51.0705530730955
"G97_2","000724BA0B",20.330000000009,9,253.523999999998,9,12.5270000000019,2,240.996999999996,7,61.4830000000075,4,171.018999999993,7,112.928999999996,3,90.6229999999996,1,0,0,11.7569999999978,1,0,0,58.0899999999965,4,9,253.523999999998,7,171.018999999993,1,5.80999999999767,7,240.996999999996,2,30.4159999999974,7,223.108,2,102.379999999997,0,0,4,24.5550000000003,6,268.858,0,0,461.22399999998,99,67,36,51,54,38,51,84,2004.40991910529,690.171999999991,19,13,37.2960000000021,1,"2",48.3981541427424,52.7074076991724,51.3841995362525
"G97_2","000724CD8D",13.8340000000098,6,366.259999999995,5,6.23099999999977,1,360.028999999995,4,48.3329999999987,1,121.978999999992,6,58.640999999996,3,0,0,5.35899999999674,2,0,0,0,0,63.3379999999961,3,5,366.259999999995,6,121.978999999992,0,0,4,360.028999999995,1,124.093999999997,4,242.165999999997,1,46.2690000000002,0,0,1,112.917000000001,4,284.267999999996,0,0,618.026000000005,132,89,26,77,78,26,77,63,1593.38802355389,711.207000000031,15,9,49.3079999999973,5,"3",48.7424649018581,54.6255456430292,51.3841995362525
"G97_2","000724DCFE",7.40000000000146,3,142.868999999999,7,40.5059999999939,3,102.363000000005,4,105.048000000003,3,43.0220000000045,6,43.0220000000045,6,5.04899999999907,1,17.6210000000065,12,10.1770000000033,1,0,0,0,0,7,142.868999999999,6,43.0220000000045,0,0,4,102.363000000005,3,111.258999999998,4,31.6100000000006,0,0,1,10.5069999999978,4,148.088000000011,0,0,1,5.14800000000105,387.510000000031,83,53,9,22,30,9,22,157,3386.29731927153,640.413000000066,20,16,37.726999999999,2,NA,NA,NA,NA
"G97_2","000724DFE4",12.3899999999994,4,0,0,0,0,0,0,0,0,0,0,7.42399999999907,2,0,0,3.98599999999715,2,0,0,0,0,9.61700000000565,2,0,0,0,0,0,0,4,35.6679999999978,0,0,0,0,0,0,0,0,0,0,0,0,0,0,86.9039999999877,18,0,0,0,0,0,7,86,1914.93515262981,264.413999999961,15,9,44.648000000001,4,NA,NA,NA,NA
"G97_2","000724EDB8",10.5979999999981,5,0,0,0,0,0,0,12.6310000000012,2,0,0,32.8260000000009,5,12.3059999999969,1,17.7640000000101,13,0,0,2.03199999999924,1,5.40800000000309,1,0,0,0,0,0,0,1,5.76900000000023,0,0,0,0,0,0,0,0,0,0,0,0,0,0,89.1679999999978,19,2,0,0,0,0,1,137,3516.25091620614,342.816000000021,19,12,65.8340000000026,6,NA,NA,NA,NA
"G98_1","000724BF5B",4.57800000000134,1,0,0,0,0,0,0,85.8780000000042,1,180.572000000015,5,174.933000000012,4,75.2560000000012,1,1.47200000000157,1,12.3270000000048,1,0,0,5.63900000000285,1,0,0,5,180.572000000015,0,0,0,0,0,0,0,0,1,12.3270000000048,0,0,0,0,2,161.134000000005,0,0,176.865000000013,38,18,38,0,0,38,0,12,224.476967121301,189.714000000014,3,2,178.512999999999,3,"1",42.1974219822124,21.3702858139958,NA
"G98_1","000724C2D6",5.8179999999993,2,0,0,0,0,0,0,0,0,0,0,0,0,0,0,0,0,0,0,0,0,0,0,0,0,0,0,0,0,0,0,0,0,0,0,0,0,0,0,0,0,0,0,0,0,0,NA,0,0,0,0,0,0,5,119.732604594727,7.06800000000658,1,0,370.841,6,"2",42.1974219822124,NA,NA
"G98_1","000724C43A",5.97899999999936,3,58.8199999999997,2,0,0,58.8199999999997,2,0,0,21.1300000000047,4,17.6050000000032,3,0,0,1.84500000000116,1,0,0,0,0,3.52500000000146,1,2,58.8199999999997,4,21.1300000000047,2,58.8199999999997,2,58.8199999999997,0,0,2,58.8199999999997,1,8.39100000000326,0,0,0,0,2,58.8199999999997,0,0,81.7270000000135,17,12,4,12,12,17,12,33,1020.17713176261,108.745999999999,4,2,194.648000000001,4,"3",NA,21.3702858139958,NA
"G98_1","000724F43A",4.31700000000274,2,6.87299999999959,1,0,0,6.87299999999959,1,0,0,0,0,0,0,0,0,0,0,0,0,0,0,0,0,1,6.87299999999959,0,0,0,0,1,6.87299999999959,0,0,1,6.87299999999959,0,0,1,6.87299999999959,0,0,0,0,0,0,13.6139999999941,2,1,0,1,1,0,1,12,304.422529623638,29.3789999999863,3,2,80.8839999999982,1,NA,NA,NA,NA
"G98_1","000724F703",0,0,0,0,0,0,0,0,0,0,28.5599999999977,2,2.98500000000058,1,0,0,2.98500000000058,1,0,0,0,0,25.5749999999971,1,0,0,2,28.5599999999977,0,0,0,0,0,0,0,0,1,25.5749999999971,0,0,0,0,0,0,0,0,28.5599999999977,6,0,6,0,0,6,0,3,18.5680505169498,29.0109999999986,1,1,287.275000000001,5,NA,NA,NA,NA
"G98_1","000724FC74",19.2130000000034,8,94.0379999999932,3,0,0,94.0379999999932,3,19.2799999999988,1,27.8999999999942,4,27.8999999999942,4,8.10399999999936,1,9.1620000000039,8,0,0,0,0,0,0,3,94.0379999999932,4,27.8999999999942,0,0,3,94.0379999999932,1,54.2469999999958,2,39.7909999999974,0,0,0,0,5,80.5719999999928,0,0,0,0,177.073999999971,38,24,5,20,20,5,20,113,2798.87612066551,396.916000000012,13,5,121.517,2,NA,NA,NA,NA
"G98_2","000724BF5B",10.8389999999999,4,57.7100000000064,3,7.68600000000151,1,50.0240000000049,2,0,0,166.022999999994,6,166.022999999994,6,73.114999999998,2,0,0,0,0,0,0,0,0,3,57.7100000000064,6,166.022999999994,1,7.68600000000151,2,50.0240000000049,1,42.1260000000038,2,15.5840000000026,1,80.6489999999976,1,7.68600000000151,2,71.2669999999998,1,9.74599999999919,0,0,247.974000000009,53,12,35,10,12,37,10,42,1205.67220205181,338.704000000005,14,7,36.8240000000005,2,"1",34.2890706458388,26.6855110801844,35.8282106060188
"G98_2","000724C2D6",21.9820000000182,8,81.5169999999925,8,23.291999999994,3,58.2249999999985,5,0,0,39.1540000000095,6,32.5230000000083,5,0,0,15.5030000000115,12,20.2120000000068,3,0,0,0,0,8,81.5169999999925,6,39.1540000000095,1,5.57900000000518,4,52.6459999999934,1,15.8919999999998,7,65.6249999999927,1,6.17900000000373,1,6.4519999999975,3,22.2620000000024,3,39.7350000000006,1,5.80900000000111,199.909999999982,42,17,8,12,17,9,11,120,3102.92129416539,369.283000000025,19,13,56.385000000002,4,"2",34.2890706458388,23.9279837381452,29.3669846510856
"G98_2","000724C43A",12.1189999999915,5,85.0099999999948,4,8.45999999999913,1,76.5499999999956,3,74.0279999999984,1,56.0789999999979,3,56.0789999999979,3,53.4729999999981,2,6.24200000000565,5,0,0,0.159999999996217,1,0,0,4,85.0099999999948,3,56.0789999999979,0,0,3,76.5499999999956,0,0,4,85.0099999999948,2,53.4729999999981,0,0,0,0,4,150.577999999994,0,0,258.474999999999,55,34,12,16,18,12,16,76,2623.95175136558,309.267999999982,11,5,62.5539999999964,5,"3",29.601383759537,26.6855110801844,29.3669846510856
"G98_2","000724F43A",9.55500000000757,5,117.105000000003,6,0,0,117.105000000003,6,7.74199999999837,1,8.9120000000039,3,8.9120000000039,3,0,0,11.9070000000065,8,0,0,0,0,0,0,6,117.105000000003,3,8.9120000000039,1,11.1630000000005,6,117.105000000003,1,11.1630000000005,5,105.942000000003,0,0,2,75.3390000000072,0,0,0,0,4,38.3449999999939,213.730000000054,45,26,1,25,25,4,25,104,2711.75011734219,325.476000000039,19,6,158.936000000002,6,NA,NA,NA,NA
"G98_2","000724F703",30.176000000014,10,251.267999999996,12,5.25600000000122,1,246.011999999995,11,75.3159999999989,1,31.8869999999952,5,29.8439999999973,4,9.27199999999721,1,1.45100000000093,2,10.5179999999964,1,1.15200000000186,1,2.04299999999785,1,12,251.267999999996,5,31.8869999999952,1,11.9369999999981,11,246.011999999995,1,10.0660000000062,11,241.20199999999,1,10.5179999999964,1,50.4059999999954,1,7.0309999999954,7,194.724999999999,3,66.3569999999963,388.780000000013,83,70,6,52,54,9,52,85,1941.03445196067,538.816000000035,19,10,26.877999999997,1,NA,NA,NA,NA
"G98_2","000724FC74",0,0,0,0,0,0,0,0,0,0,8.81199999999808,2,2.05299999999988,1,0,0,0,0,0,0,0,0,6.7589999999982,1,0,0,2,8.81199999999808,0,0,0,0,0,0,0,0,1,6.7589999999982,0,0,0,0,0,0,0,0,13.4099999999962,2,0,1,0,0,1,0,11,248.225716509516,17.6569999999992,2,1,52.4270000000033,3,NA,NA,NA,NA
"G99_1","000724B3CD",16.3660000000018,7,16.1869999999981,2,0,0,16.1869999999981,2,0,0,153.027999999991,10,128.681999999993,7,0,0,0,0,40.5509999999922,2,0,0,24.3459999999977,3,2,16.1869999999981,10,153.027999999991,0,0,2,16.1869999999981,0,0,2,16.1869999999981,1,29.5690000000031,1,8.30400000000373,0,0,4,68.1650000000009,1,14.0049999999974,180.39499999999,38,3,32,3,3,32,3,74,1704.61720353522,377.372000000003,18,12,78.9800000000032,3,"1",27.0144420931616,32.4066271175039,45.2078325941155
"G99_1","000724BA0B",2.9739999999947,1,0,0,0,0,0,0,0,0,0,0,0,0,0,0,0,0,0,0,0,0,0,0,0,0,0,0,0,0,0,0,0,0,0,0,0,0,0,0,0,0,0,0,0,0,2.58399999999529,0,0,0,0,0,0,0,3,67.6777642842779,6.09799999999086,2,0,647.192000000003,6,"2",27.0144420931616,51.062138921612,51.1728287746977
"G99_1","000724CD8D",6.71100000000297,3,0,0,0,0,0,0,409.280999999995,5,345.927999999985,9,275.128999999979,7,8.37900000000081,1,0,0,13.3069999999934,1,0,0,0,0,0,0,9,345.927999999985,0,0,0,0,0,0,0,0,1,8.37900000000081,0,0,0,0,0,0,0,0,37.0770000000048,7,87,74,0,0,74,0,41,745.438298354245,661.157999999989,10,8,78.9300000000003,2,"3",25.3251637779192,32.4066271175039,51.1728287746977
"G99_1","000724DCFE",10.2579999999944,6,6.45400000000518,1,0,0,6.45400000000518,1,17.6869999999981,2,114.851000000002,9,114.851000000002,9,11.4340000000011,1,8.71399999999994,6,26.3700000000026,3,0,0,0,0,1,6.45400000000518,9,114.851000000002,0,0,1,6.45400000000518,0,0,1,6.45400000000518,0,0,0,0,0,0,0,0,0,0,75.9570000000313,16,5,24,1,1,24,1,149,3442.68701032938,439.552000000025,18,7,76.5529999999999,1,NA,NA,NA,NA
"G99_1","000724DFE4",20.2330000000002,7,26.6110000000044,3,11.3280000000013,1,15.2830000000031,2,0,0,93.0049999999901,9,81.8169999999955,6,8.35199999999895,1,6.73400000000402,6,38.4449999999997,2,1.87600000000384,1,11.1879999999946,3,3,26.6110000000044,9,93.0049999999901,0,0,2,15.2830000000031,1,11.3280000000013,2,15.2830000000031,1,29.9199999999983,1,9.12200000000303,0,0,3,41.6709999999948,0,0,147.986999999994,31,5,19,3,5,19,3,102,2402.8320731431,354.571999999986,23,14,79.9720000000016,4,NA,NA,NA,NA
"G99_1","000724EDB8",17.4200000000128,8,61.8329999999987,5,36.1869999999981,3,25.6460000000006,2,0,0,2.38500000000204,1,2.38500000000204,1,0,0,6.79899999999907,5,0,0,0,0,0,0,5,61.8329999999987,1,2.38500000000204,0,0,2,25.6460000000006,2,43.0290000000023,3,18.8039999999964,0,0,1,6.89199999999983,0,0,0,0,1,6.05599999999686,90.5169999999925,19,13,0,5,13,0,5,77,2167.31902272484,225.664999999979,20,10,161.784,5,NA,NA,NA,NA
"G99_2","000724B3CD",2.78600000000006,1,104.881999999991,12,53.5349999999962,6,51.3469999999943,6,35.5250000000087,3,70.3470000000016,9,40.413999999997,6,16.5360000000073,2,6.50200000000041,6,16.1459999999934,2,0.690999999998894,1,29.9330000000045,3,12,104.881999999991,9,70.3470000000016,2,21.7459999999992,6,51.3469999999943,3,43.0239999999976,9,61.8579999999929,1,9.91599999999744,0,0,6,45.6729999999952,5,44.8320000000022,0,0,243.669999999976,52,30,15,11,22,19,11,74,1681.77824885291,273.627,12,8,37.3300000000017,3,"1",32.9328578437795,12.4365384240919,20.9999397033679
"G99_2","000724BA0B",7.78599999999278,3,360.608000000007,3,10.086000000003,1,350.522000000004,2,146.258999999998,2,184.406999999992,4,177.829999999994,2,14.5639999999985,1,2.97299999999814,1,0,0,0,0,0,0,3,360.608000000007,4,184.406999999992,0,0,2,350.522000000004,1,10.086000000003,2,350.522000000004,1,14.5639999999985,0,0,0,0,5,660.046999999999,0,0,709.476999999984,152,108,39,75,77,39,75,57,1211.80925647215,839.701999999954,10,7,18.5820000000022,1,"2",32.9328578437795,13.8486536167159,24.6025401684234
"G99_2","000724CD8D",0,0,0,0,0,0,0,0,0,0,52.6869999999981,2,34.8189999999959,1,0,0,0,0,0,0,1.27199999999721,1,0,0,0,0,2,52.6869999999981,0,0,0,0,0,0,0,0,1,34.8189999999959,0,0,0,0,1,17.8680000000022,0,0,53.9589999999953,11,0,11,0,0,11,0,7,135.442853759508,86.8509999999951,4,4,43.872000000003,6,"3",22.357847024479,12.4365384240919,24.6025401684234
"G99_2","000724DCFE",5.94999999999709,2,27.2270000000062,1,27.2270000000062,1,0,0,0,0,38.0900000000038,5,34.0740000000005,4,0,0,7.48099999999249,6,17.025999999998,1,0,0,4.01600000000326,1,1,27.2270000000062,5,38.0900000000038,0,0,0,0,1,27.2270000000062,0,0,0,0,0,0,1,17.025999999998,0,0,0,0,67.4420000000027,14,5,8,0,5,8,0,56,1352.01626149665,131.623,9,3,41.7289999999994,5,NA,NA,NA,NA
"G99_2","000724DFE4",13.9520000000048,6,13.859000000004,1,13.859000000004,1,0,0,0,0,26.7880000000005,3,5.95200000000477,2,0,0,4.60000000000582,3,0,0,0,0,20.8359999999957,1,1,13.859000000004,3,26.7880000000005,0,0,0,0,1,13.859000000004,0,0,0,0,0,0,0,0,0,0,0,0,40.8240000000151,8,2,5,0,2,5,0,41,1096.31825970567,123.074000000022,13,6,33.3940000000002,2,NA,NA,NA,NA
"G99_2","000724EDB8",6.13900000000285,4,28.2090000000026,4,0,0,28.2090000000026,4,0,0,22.9220000000059,4,22.9220000000059,4,11.2810000000027,1,19.2160000000149,7,0,0,0,0,0,0,4,28.2090000000026,4,22.9220000000059,0,0,4,28.2090000000026,0,0,4,28.2090000000026,1,5.2300000000032,1,6.72999999999593,0,0,1,6.05800000000454,1,9.00200000000041,89.9300000000003,19,6,4,6,6,4,6,50,1296.60607377115,124.203000000009,8,4,41.6290000000008,4,NA,NA,NA,NA
