"","UniqueID","GroupID","Tag.ID","Date","Trial.number","Feeder","Start_time","Combination","Well_dist","Feed_rem","Observer_ID","Remarks","TrialNR_feeder","Column_origin","TrialNR_Indiv","RingNR","Flock","Sex","Date_in","Date_out","Barcode","AviaryNR","Trial_Idcode","Weight_IN","IN_time","Measurer1","Weight_OUT","OUT_time","Measurer2","Hemo","Remarks.ID","Left_leg","Right_leg"
"1","32G",32,"000724C37F","2023.01.21","G10","2",1899-12-30 12:41:00,"GHI","3down",9.95,"CdG",NA,10,"UniqueID1",1,"8P31087","Sordahl","F","2023.01.18","2023.01.21","Water_faucet",2,"G",30.5,1899-12-30 17:52:00,"RM",29.8,1899-12-30 19:37:00,"SL",14.2,NA,"RFMB","ME/W"
"2","32G",32,"000724C37F","2023.01.21","G4","2",1899-12-30 09:40:00,"GHI","2up",10.25,"RW",NA,4,"UniqueID1",8,"8P31087","Sordahl","F","2023.01.18","2023.01.21","Water_faucet",2,"G",30.5,1899-12-30 17:52:00,"RM",29.8,1899-12-30 19:37:00,"SL",14.2,NA,"RFMB","ME/W"
"3","32G",32,"000724C37F","2023.01.21","G14","2",1899-12-30 14:40:00,"GHI","1up",9.4,"RM",NA,14,"UniqueID1",3,"8P31087","Sordahl","F","2023.01.18","2023.01.21","Water_faucet",2,"G",30.5,1899-12-30 17:52:00,"RM",29.8,1899-12-30 19:37:00,"SL",14.2,NA,"RFMB","ME/W"
"4","32G",32,"000724C37F","2023.01.21","G8","2",1899-12-30 11:40:00,"GHI","6up",8.3,"RW",NA,8,"UniqueID1",10,"8P31087","Sordahl","F","2023.01.18","2023.01.21","Water_faucet",2,"G",30.5,1899-12-30 17:52:00,"RM",29.8,1899-12-30 19:37:00,"SL",14.2,NA,"RFMB","ME/W"
"5","32G",32,"000724C37F","2023.01.21","G12","2",1899-12-30 13:40:00,"GHI","6up",10.2,"RM","Check well dist on cam. fixed",12,"UniqueID1",2,"8P31087","Sordahl","F","2023.01.18","2023.01.21","Water_faucet",2,"G",30.5,1899-12-30 17:52:00,"RM",29.8,1899-12-30 19:37:00,"SL",14.2,NA,"RFMB","ME/W"
"6","32G",32,"000724C37F","2023.01.21","G16","2",1899-12-30 15:40:00,"GHI","1up",10.9,"RM",NA,16,"UniqueID1",4,"8P31087","Sordahl","F","2023.01.18","2023.01.21","Water_faucet",2,"G",30.5,1899-12-30 17:52:00,"RM",29.8,1899-12-30 19:37:00,"SL",14.2,NA,"RFMB","ME/W"
"7","32G",32,"000724C37F","2023.01.21","G6","2",1899-12-30 10:40:00,"GHI","3down",9.05,"CdG",NA,6,"UniqueID1",9,"8P31087","Sordahl","F","2023.01.18","2023.01.21","Water_faucet",2,"G",30.5,1899-12-30 17:52:00,"RM",29.8,1899-12-30 19:37:00,"SL",14.2,NA,"RFMB","ME/W"
"8","32G",32,"000724C37F","2023.01.21","G20","2",1899-12-30 17:40:00,"GHI","5down",9.9,"RM",NA,20,"UniqueID1",7,"8P31087","Sordahl","F","2023.01.18","2023.01.21","Water_faucet",2,"G",30.5,1899-12-30 17:52:00,"RM",29.8,1899-12-30 19:37:00,"SL",14.2,NA,"RFMB","ME/W"
"9","32G",32,"000724C37F","2023.01.21","G2","2",1899-12-30 08:43:00,"GHI","3down",9.75,"CdG",NA,2,"UniqueID1",6,"8P31087","Sordahl","F","2023.01.18","2023.01.21","Water_faucet",2,"G",30.5,1899-12-30 17:52:00,"RM",29.8,1899-12-30 19:37:00,"SL",14.2,NA,"RFMB","ME/W"
"10","32G",32,"000724C37F","2023.01.21","G18","2",1899-12-30 16:40:00,"GHI","6down",7.7,"CdG",NA,18,"UniqueID1",5,"8P31087","Sordahl","F","2023.01.18","2023.01.21","Water_faucet",2,"G",30.5,1899-12-30 17:52:00,"RM",29.8,1899-12-30 19:37:00,"SL",14.2,NA,"RFMB","ME/W"
"11","32H",32,"000724E4F4","2023.01.21","G8","2",1899-12-30 11:40:00,"GHI","6up",8.3,"RW",NA,8,"UniqueID2",10,"8917478","Sordahl","M","2023.01.18","2023.01.21","J",2,"H",28,1899-12-30 17:52:00,"RW",26.4,1899-12-30 18:52:00,"SL",17.1,NA,"RY/ME","RFY"
"12","32H",32,"000724E4F4","2023.01.21","G6","2",1899-12-30 10:40:00,"GHI","3down",9.05,"CdG",NA,6,"UniqueID2",9,"8917478","Sordahl","M","2023.01.18","2023.01.21","J",2,"H",28,1899-12-30 17:52:00,"RW",26.4,1899-12-30 18:52:00,"SL",17.1,NA,"RY/ME","RFY"
"13","32H",32,"000724E4F4","2023.01.21","G20","2",1899-12-30 17:40:00,"GHI","5down",9.9,"RM",NA,20,"UniqueID2",7,"8917478","Sordahl","M","2023.01.18","2023.01.21","J",2,"H",28,1899-12-30 17:52:00,"RW",26.4,1899-12-30 18:52:00,"SL",17.1,NA,"RY/ME","RFY"
"14","32H",32,"000724E4F4","2023.01.21","G16","2",1899-12-30 15:40:00,"GHI","1up",10.9,"RM",NA,16,"UniqueID2",4,"8917478","Sordahl","M","2023.01.18","2023.01.21","J",2,"H",28,1899-12-30 17:52:00,"RW",26.4,1899-12-30 18:52:00,"SL",17.1,NA,"RY/ME","RFY"
"15","32H",32,"000724E4F4","2023.01.21","G18","2",1899-12-30 16:40:00,"GHI","6down",7.7,"CdG",NA,18,"UniqueID2",5,"8917478","Sordahl","M","2023.01.18","2023.01.21","J",2,"H",28,1899-12-30 17:52:00,"RW",26.4,1899-12-30 18:52:00,"SL",17.1,NA,"RY/ME","RFY"
"16","32H",32,"000724E4F4","2023.01.21","G10","2",1899-12-30 12:41:00,"GHI","3down",9.95,"CdG",NA,10,"UniqueID2",1,"8917478","Sordahl","M","2023.01.18","2023.01.21","J",2,"H",28,1899-12-30 17:52:00,"RW",26.4,1899-12-30 18:52:00,"SL",17.1,NA,"RY/ME","RFY"
"17","32H",32,"000724E4F4","2023.01.21","G12","2",1899-12-30 13:40:00,"GHI","6up",10.2,"RM","Check well dist on cam. fixed",12,"UniqueID2",2,"8917478","Sordahl","M","2023.01.18","2023.01.21","J",2,"H",28,1899-12-30 17:52:00,"RW",26.4,1899-12-30 18:52:00,"SL",17.1,NA,"RY/ME","RFY"
"18","32H",32,"000724E4F4","2023.01.21","G2","2",1899-12-30 08:43:00,"GHI","3down",9.75,"CdG",NA,2,"UniqueID2",6,"8917478","Sordahl","M","2023.01.18","2023.01.21","J",2,"H",28,1899-12-30 17:52:00,"RW",26.4,1899-12-30 18:52:00,"SL",17.1,NA,"RY/ME","RFY"
"19","32H",32,"000724E4F4","2023.01.21","G14","2",1899-12-30 14:40:00,"GHI","1up",9.4,"RM",NA,14,"UniqueID2",3,"8917478","Sordahl","M","2023.01.18","2023.01.21","J",2,"H",28,1899-12-30 17:52:00,"RW",26.4,1899-12-30 18:52:00,"SL",17.1,NA,"RY/ME","RFY"
"20","32H",32,"000724E4F4","2023.01.21","G4","2",1899-12-30 09:40:00,"GHI","2up",10.25,"RW",NA,4,"UniqueID2",8,"8917478","Sordahl","M","2023.01.18","2023.01.21","J",2,"H",28,1899-12-30 17:52:00,"RW",26.4,1899-12-30 18:52:00,"SL",17.1,NA,"RY/ME","RFY"
"21","32I",32,"000724C16B","2023.01.21","G6","2",1899-12-30 10:40:00,"GHI","3down",9.05,"CdG",NA,6,"UniqueID3",9,"8P26978","Sordahl","M","2023.01.18","2023.01.21","Footballer",2,"I",29,1899-12-30 18:00:00,"RM",27.2,1899-12-30 18:59:00,"SL",17.5,NA,"ME/MB","RFR"
"22","32I",32,"000724C16B","2023.01.21","G4","2",1899-12-30 09:40:00,"GHI","2up",10.25,"RW",NA,4,"UniqueID3",8,"8P26978","Sordahl","M","2023.01.18","2023.01.21","Footballer",2,"I",29,1899-12-30 18:00:00,"RM",27.2,1899-12-30 18:59:00,"SL",17.5,NA,"ME/MB","RFR"
"23","32I",32,"000724C16B","2023.01.21","G20","2",1899-12-30 17:40:00,"GHI","5down",9.9,"RM",NA,20,"UniqueID3",7,"8P26978","Sordahl","M","2023.01.18","2023.01.21","Footballer",2,"I",29,1899-12-30 18:00:00,"RM",27.2,1899-12-30 18:59:00,"SL",17.5,NA,"ME/MB","RFR"
"24","32I",32,"000724C16B","2023.01.21","G12","2",1899-12-30 13:40:00,"GHI","6up",10.2,"RM","Check well dist on cam. fixed",12,"UniqueID3",2,"8P26978","Sordahl","M","2023.01.18","2023.01.21","Footballer",2,"I",29,1899-12-30 18:00:00,"RM",27.2,1899-12-30 18:59:00,"SL",17.5,NA,"ME/MB","RFR"
"25","32I",32,"000724C16B","2023.01.21","G10","2",1899-12-30 12:41:00,"GHI","3down",9.95,"CdG",NA,10,"UniqueID3",1,"8P26978","Sordahl","M","2023.01.18","2023.01.21","Footballer",2,"I",29,1899-12-30 18:00:00,"RM",27.2,1899-12-30 18:59:00,"SL",17.5,NA,"ME/MB","RFR"
"26","32I",32,"000724C16B","2023.01.21","G18","2",1899-12-30 16:40:00,"GHI","6down",7.7,"CdG",NA,18,"UniqueID3",5,"8P26978","Sordahl","M","2023.01.18","2023.01.21","Footballer",2,"I",29,1899-12-30 18:00:00,"RM",27.2,1899-12-30 18:59:00,"SL",17.5,NA,"ME/MB","RFR"
"27","32I",32,"000724C16B","2023.01.21","G2","2",1899-12-30 08:43:00,"GHI","3down",9.75,"CdG",NA,2,"UniqueID3",6,"8P26978","Sordahl","M","2023.01.18","2023.01.21","Footballer",2,"I",29,1899-12-30 18:00:00,"RM",27.2,1899-12-30 18:59:00,"SL",17.5,NA,"ME/MB","RFR"
"28","32I",32,"000724C16B","2023.01.21","G8","2",1899-12-30 11:40:00,"GHI","6up",8.3,"RW",NA,8,"UniqueID3",10,"8P26978","Sordahl","M","2023.01.18","2023.01.21","Footballer",2,"I",29,1899-12-30 18:00:00,"RM",27.2,1899-12-30 18:59:00,"SL",17.5,NA,"ME/MB","RFR"
"29","32I",32,"000724C16B","2023.01.21","G14","2",1899-12-30 14:40:00,"GHI","1up",9.4,"RM",NA,14,"UniqueID3",3,"8P26978","Sordahl","M","2023.01.18","2023.01.21","Footballer",2,"I",29,1899-12-30 18:00:00,"RM",27.2,1899-12-30 18:59:00,"SL",17.5,NA,"ME/MB","RFR"
"30","32I",32,"000724C16B","2023.01.21","G16","2",1899-12-30 15:40:00,"GHI","1up",10.9,"RM",NA,16,"UniqueID3",4,"8P26978","Sordahl","M","2023.01.18","2023.01.21","Footballer",2,"I",29,1899-12-30 18:00:00,"RM",27.2,1899-12-30 18:59:00,"SL",17.5,NA,"ME/MB","RFR"
"31","32J",32,"000724FE72","2023.01.21","G4","1",1899-12-30 09:40:00,"JKL","5down",11.95,"CdG",NA,4,"UniqueID1",8,"8917477","Sordahl","F","2023.01.18","2023.01.21","Ghost",2,"J",29.5,1899-12-30 18:05:00,"RM",27.2,1899-12-30 19:12:00,"SL",17.8,NA,"RFW","ME/RY"
"32","32J",32,"000724FE72","2023.01.21","G6","1",1899-12-30 10:40:00,"JKL","6down",11.95,"RW",NA,6,"UniqueID1",9,"8917477","Sordahl","F","2023.01.18","2023.01.21","Ghost",2,"J",29.5,1899-12-30 18:05:00,"RM",27.2,1899-12-30 19:12:00,"SL",17.8,NA,"RFW","ME/RY"
"33","32J",32,"000724FE72","2023.01.21","G12","1",1899-12-30 13:40:00,"JKL","3up",12,"RW",NA,12,"UniqueID1",2,"8917477","Sordahl","F","2023.01.18","2023.01.21","Ghost",2,"J",29.5,1899-12-30 18:05:00,"RM",27.2,1899-12-30 19:12:00,"SL",17.8,NA,"RFW","ME/RY"
"34","32J",32,"000724FE72","2023.01.21","G10","1",1899-12-30 12:41:00,"JKL","4down",11.8,"SL",NA,10,"UniqueID1",1,"8917477","Sordahl","F","2023.01.18","2023.01.21","Ghost",2,"J",29.5,1899-12-30 18:05:00,"RM",27.2,1899-12-30 19:12:00,"SL",17.8,NA,"RFW","ME/RY"
"35","32J",32,"000724FE72","2023.01.21","G14","1",1899-12-30 14:40:00,"JKL","1up",11,"RW",NA,14,"UniqueID1",3,"8917477","Sordahl","F","2023.01.18","2023.01.21","Ghost",2,"J",29.5,1899-12-30 18:05:00,"RM",27.2,1899-12-30 19:12:00,"SL",17.8,NA,"RFW","ME/RY"
"36","32J",32,"000724FE72","2023.01.21","G2","1",1899-12-30 08:43:00,"JKL","3down",11.3,"RW",NA,2,"UniqueID1",6,"8917477","Sordahl","F","2023.01.18","2023.01.21","Ghost",2,"J",29.5,1899-12-30 18:05:00,"RM",27.2,1899-12-30 19:12:00,"SL",17.8,NA,"RFW","ME/RY"
"37","32J",32,"000724FE72","2023.01.21","G20","1",1899-12-30 17:40:00,"JKL","1up",12.05,"RW",NA,20,"UniqueID1",7,"8917477","Sordahl","F","2023.01.18","2023.01.21","Ghost",2,"J",29.5,1899-12-30 18:05:00,"RM",27.2,1899-12-30 19:12:00,"SL",17.8,NA,"RFW","ME/RY"
"38","32J",32,"000724FE72","2023.01.21","G18","1",1899-12-30 16:40:00,"JKL","2up",11.9,"RW",NA,18,"UniqueID1",5,"8917477","Sordahl","F","2023.01.18","2023.01.21","Ghost",2,"J",29.5,1899-12-30 18:05:00,"RM",27.2,1899-12-30 19:12:00,"SL",17.8,NA,"RFW","ME/RY"
"39","32J",32,"000724FE72","2023.01.21","G8","1",1899-12-30 11:40:00,"JKL","5up",11.9,"CdG",NA,8,"UniqueID1",10,"8917477","Sordahl","F","2023.01.18","2023.01.21","Ghost",2,"J",29.5,1899-12-30 18:05:00,"RM",27.2,1899-12-30 19:12:00,"SL",17.8,NA,"RFW","ME/RY"
"40","32J",32,"000724FE72","2023.01.21","G16","1",1899-12-30 15:40:00,"JKL","5down",12,"RW",NA,16,"UniqueID1",4,"8917477","Sordahl","F","2023.01.18","2023.01.21","Ghost",2,"J",29.5,1899-12-30 18:05:00,"RM",27.2,1899-12-30 19:12:00,"SL",17.8,NA,"RFW","ME/RY"
"41","32K",32,"000724FA70","2023.01.21","G6","1",1899-12-30 10:40:00,"JKL","6down",11.95,"RW",NA,6,"UniqueID2",9,"8P31117","Sordahl","F","2023.01.18","2023.01.21","Lemur",2,"K",28.5,1899-12-30 18:07:00,"RM",27,1899-12-30 19:20:00,"SL",15.9,NA,"RY/ME","RFW"
"42","32K",32,"000724FA70","2023.01.21","G10","1",1899-12-30 12:41:00,"JKL","4down",11.8,"SL",NA,10,"UniqueID2",1,"8P31117","Sordahl","F","2023.01.18","2023.01.21","Lemur",2,"K",28.5,1899-12-30 18:07:00,"RM",27,1899-12-30 19:20:00,"SL",15.9,NA,"RY/ME","RFW"
"43","32K",32,"000724FA70","2023.01.21","G20","1",1899-12-30 17:40:00,"JKL","1up",12.05,"RW",NA,20,"UniqueID2",7,"8P31117","Sordahl","F","2023.01.18","2023.01.21","Lemur",2,"K",28.5,1899-12-30 18:07:00,"RM",27,1899-12-30 19:20:00,"SL",15.9,NA,"RY/ME","RFW"
"44","32K",32,"000724FA70","2023.01.21","G8","1",1899-12-30 11:40:00,"JKL","5up",11.9,"CdG",NA,8,"UniqueID2",10,"8P31117","Sordahl","F","2023.01.18","2023.01.21","Lemur",2,"K",28.5,1899-12-30 18:07:00,"RM",27,1899-12-30 19:20:00,"SL",15.9,NA,"RY/ME","RFW"
"45","32K",32,"000724FA70","2023.01.21","G18","1",1899-12-30 16:40:00,"JKL","2up",11.9,"RW",NA,18,"UniqueID2",5,"8P31117","Sordahl","F","2023.01.18","2023.01.21","Lemur",2,"K",28.5,1899-12-30 18:07:00,"RM",27,1899-12-30 19:20:00,"SL",15.9,NA,"RY/ME","RFW"
"46","32K",32,"000724FA70","2023.01.21","G2","1",1899-12-30 08:43:00,"JKL","3down",11.3,"RW",NA,2,"UniqueID2",6,"8P31117","Sordahl","F","2023.01.18","2023.01.21","Lemur",2,"K",28.5,1899-12-30 18:07:00,"RM",27,1899-12-30 19:20:00,"SL",15.9,NA,"RY/ME","RFW"
"47","32K",32,"000724FA70","2023.01.21","G14","1",1899-12-30 14:40:00,"JKL","1up",11,"RW",NA,14,"UniqueID2",3,"8P31117","Sordahl","F","2023.01.18","2023.01.21","Lemur",2,"K",28.5,1899-12-30 18:07:00,"RM",27,1899-12-30 19:20:00,"SL",15.9,NA,"RY/ME","RFW"
"48","32K",32,"000724FA70","2023.01.21","G12","1",1899-12-30 13:40:00,"JKL","3up",12,"RW",NA,12,"UniqueID2",2,"8P31117","Sordahl","F","2023.01.18","2023.01.21","Lemur",2,"K",28.5,1899-12-30 18:07:00,"RM",27,1899-12-30 19:20:00,"SL",15.9,NA,"RY/ME","RFW"
"49","32K",32,"000724FA70","2023.01.21","G16","1",1899-12-30 15:40:00,"JKL","5down",12,"RW",NA,16,"UniqueID2",4,"8P31117","Sordahl","F","2023.01.18","2023.01.21","Lemur",2,"K",28.5,1899-12-30 18:07:00,"RM",27,1899-12-30 19:20:00,"SL",15.9,NA,"RY/ME","RFW"
"50","32K",32,"000724FA70","2023.01.21","G4","1",1899-12-30 09:40:00,"JKL","5down",11.95,"CdG",NA,4,"UniqueID2",8,"8P31117","Sordahl","F","2023.01.18","2023.01.21","Lemur",2,"K",28.5,1899-12-30 18:07:00,"RM",27,1899-12-30 19:20:00,"SL",15.9,NA,"RY/ME","RFW"
"51","32L",32,"000724D725","2023.01.21","G8","1",1899-12-30 11:40:00,"JKL","5up",11.9,"CdG",NA,8,"UniqueID3",10,"8917476","Sordahl","M","2023.01.18","2023.01.21","Yoga",2,"L",28,1899-12-30 18:10:00,"RM",26.6,1899-12-30 19:28:00,"SL",15.9,NA,"RFY","ME/RY"
"52","32L",32,"000724D725","2023.01.21","G18","1",1899-12-30 16:40:00,"JKL","2up",11.9,"RW",NA,18,"UniqueID3",5,"8917476","Sordahl","M","2023.01.18","2023.01.21","Yoga",2,"L",28,1899-12-30 18:10:00,"RM",26.6,1899-12-30 19:28:00,"SL",15.9,NA,"RFY","ME/RY"
"53","32L",32,"000724D725","2023.01.21","G12","1",1899-12-30 13:40:00,"JKL","3up",12,"RW",NA,12,"UniqueID3",2,"8917476","Sordahl","M","2023.01.18","2023.01.21","Yoga",2,"L",28,1899-12-30 18:10:00,"RM",26.6,1899-12-30 19:28:00,"SL",15.9,NA,"RFY","ME/RY"
"54","32L",32,"000724D725","2023.01.21","G10","1",1899-12-30 12:41:00,"JKL","4down",11.8,"SL",NA,10,"UniqueID3",1,"8917476","Sordahl","M","2023.01.18","2023.01.21","Yoga",2,"L",28,1899-12-30 18:10:00,"RM",26.6,1899-12-30 19:28:00,"SL",15.9,NA,"RFY","ME/RY"
"55","32L",32,"000724D725","2023.01.21","G14","1",1899-12-30 14:40:00,"JKL","1up",11,"RW",NA,14,"UniqueID3",3,"8917476","Sordahl","M","2023.01.18","2023.01.21","Yoga",2,"L",28,1899-12-30 18:10:00,"RM",26.6,1899-12-30 19:28:00,"SL",15.9,NA,"RFY","ME/RY"
"56","32L",32,"000724D725","2023.01.21","G20","1",1899-12-30 17:40:00,"JKL","1up",12.05,"RW",NA,20,"UniqueID3",7,"8917476","Sordahl","M","2023.01.18","2023.01.21","Yoga",2,"L",28,1899-12-30 18:10:00,"RM",26.6,1899-12-30 19:28:00,"SL",15.9,NA,"RFY","ME/RY"
"57","32L",32,"000724D725","2023.01.21","G6","1",1899-12-30 10:40:00,"JKL","6down",11.95,"RW",NA,6,"UniqueID3",9,"8917476","Sordahl","M","2023.01.18","2023.01.21","Yoga",2,"L",28,1899-12-30 18:10:00,"RM",26.6,1899-12-30 19:28:00,"SL",15.9,NA,"RFY","ME/RY"
"58","32L",32,"000724D725","2023.01.21","G16","1",1899-12-30 15:40:00,"JKL","5down",12,"RW",NA,16,"UniqueID3",4,"8917476","Sordahl","M","2023.01.18","2023.01.21","Yoga",2,"L",28,1899-12-30 18:10:00,"RM",26.6,1899-12-30 19:28:00,"SL",15.9,NA,"RFY","ME/RY"
"59","32L",32,"000724D725","2023.01.21","G2","1",1899-12-30 08:43:00,"JKL","3down",11.3,"RW",NA,2,"UniqueID3",6,"8917476","Sordahl","M","2023.01.18","2023.01.21","Yoga",2,"L",28,1899-12-30 18:10:00,"RM",26.6,1899-12-30 19:28:00,"SL",15.9,NA,"RFY","ME/RY"
"60","32L",32,"000724D725","2023.01.21","G4","1",1899-12-30 09:40:00,"JKL","5down",11.95,"CdG",NA,4,"UniqueID3",8,"8917476","Sordahl","M","2023.01.18","2023.01.21","Yoga",2,"L",28,1899-12-30 18:10:00,"RM",26.6,1899-12-30 19:28:00,"SL",15.9,NA,"RFY","ME/RY"
"61","33A",33,"000724DF2A","2023.01.21","G19","2",1899-12-30 17:10:00,"ABC","2down",11.85,"RW",NA,19,"UniqueID1",6,"8917460","Sordahl","F","2023.01.18","2023.01.21","Ghost",3,"A",29.2,1899-12-30 18:37:00,"CdG",26.5,1899-12-30 18:04:00,"SL",7.9,"Question mark next to Hemo value","RY/ME","RFO"
"62","33A",33,"000724DF2A","2023.01.21","G5","2",1899-12-30 10:11:00,"ABC","5up",12.05,"RW",NA,5,"UniqueID1",8,"8917460","Sordahl","F","2023.01.18","2023.01.21","Ghost",3,"A",29.2,1899-12-30 18:37:00,"CdG",26.5,1899-12-30 18:04:00,"SL",7.9,"Question mark next to Hemo value","RY/ME","RFO"
"63","33A",33,"000724DF2A","2023.01.21","G13","2",1899-12-30 14:10:00,"ABC","1down",10.4,"RM",NA,13,"UniqueID1",3,"8917460","Sordahl","F","2023.01.18","2023.01.21","Ghost",3,"A",29.2,1899-12-30 18:37:00,"CdG",26.5,1899-12-30 18:04:00,"SL",7.9,"Question mark next to Hemo value","RY/ME","RFO"
"64","33A",33,"000724DF2A","2023.01.21","G9","2",1899-12-30 12:10:00,"ABC","4down",11.95,"CdG","Question mark next to distribution",9,"UniqueID1",10,"8917460","Sordahl","F","2023.01.18","2023.01.21","Ghost",3,"A",29.2,1899-12-30 18:37:00,"CdG",26.5,1899-12-30 18:04:00,"SL",7.9,"Question mark next to Hemo value","RY/ME","RFO"
"65","33A",33,"000724DF2A","2023.01.21","G17","2",1899-12-30 16:10:00,"ABC","1down",11.95,"CdG",NA,17,"UniqueID1",5,"8917460","Sordahl","F","2023.01.18","2023.01.21","Ghost",3,"A",29.2,1899-12-30 18:37:00,"CdG",26.5,1899-12-30 18:04:00,"SL",7.9,"Question mark next to Hemo value","RY/ME","RFO"
"66","33A",33,"000724DF2A","2023.01.21","G3","2",1899-12-30 09:11:00,"ABC","6up",11.95,"CdG",NA,3,"UniqueID1",7,"8917460","Sordahl","F","2023.01.18","2023.01.21","Ghost",3,"A",29.2,1899-12-30 18:37:00,"CdG",26.5,1899-12-30 18:04:00,"SL",7.9,"Question mark next to Hemo value","RY/ME","RFO"
"67","33A",33,"000724DF2A","2023.01.21","G11","2",1899-12-30 13:12:00,"ABC","2up",9.9,"RW",NA,11,"UniqueID1",2,"8917460","Sordahl","F","2023.01.18","2023.01.21","Ghost",3,"A",29.2,1899-12-30 18:37:00,"CdG",26.5,1899-12-30 18:04:00,"SL",7.9,"Question mark next to Hemo value","RY/ME","RFO"
"68","33A",33,"000724DF2A","2023.01.21","G7","2",1899-12-30 11:11:00,"ABC","6down",12,"RW",NA,7,"UniqueID1",9,"8917460","Sordahl","F","2023.01.18","2023.01.21","Ghost",3,"A",29.2,1899-12-30 18:37:00,"CdG",26.5,1899-12-30 18:04:00,"SL",7.9,"Question mark next to Hemo value","RY/ME","RFO"
"69","33A",33,"000724DF2A","2023.01.21","G15","2",1899-12-30 15:11:00,"ABC","3down",11.95,"RM",NA,15,"UniqueID1",4,"8917460","Sordahl","F","2023.01.18","2023.01.21","Ghost",3,"A",29.2,1899-12-30 18:37:00,"CdG",26.5,1899-12-30 18:04:00,"SL",7.9,"Question mark next to Hemo value","RY/ME","RFO"
"70","33A",33,"000724DF2A","2023.01.21","G1","2",1899-12-30 08:12:00,"ABC","4down",12,"CdG","for all group trials this day GHIJKL=ABCDEF and vice versa on trial sheet: fixed",1,"UniqueID1",1,"8917460","Sordahl","F","2023.01.18","2023.01.21","Ghost",3,"A",29.2,1899-12-30 18:37:00,"CdG",26.5,1899-12-30 18:04:00,"SL",7.9,"Question mark next to Hemo value","RY/ME","RFO"
"71","33B",33,"000724B642","2023.01.21","G1","2",1899-12-30 08:12:00,"ABC","4down",12,"CdG","for all group trials this day GHIJKL=ABCDEF and vice versa on trial sheet: fixed",1,"UniqueID2",1,"8P31085","Sordahl","F","2023.01.18","2023.01.21","J",3,"B",31.6,1899-12-30 18:40:00,"RM",30.6,1899-12-30 17:39:00,"CdG",17.1,NA,"BLR/ME","RFO"
"72","33B",33,"000724B642","2023.01.21","G13","2",1899-12-30 14:10:00,"ABC","1down",10.4,"RM",NA,13,"UniqueID2",3,"8P31085","Sordahl","F","2023.01.18","2023.01.21","J",3,"B",31.6,1899-12-30 18:40:00,"RM",30.6,1899-12-30 17:39:00,"CdG",17.1,NA,"BLR/ME","RFO"
"73","33B",33,"000724B642","2023.01.21","G5","2",1899-12-30 10:11:00,"ABC","5up",12.05,"RW",NA,5,"UniqueID2",8,"8P31085","Sordahl","F","2023.01.18","2023.01.21","J",3,"B",31.6,1899-12-30 18:40:00,"RM",30.6,1899-12-30 17:39:00,"CdG",17.1,NA,"BLR/ME","RFO"
"74","33B",33,"000724B642","2023.01.21","G15","2",1899-12-30 15:11:00,"ABC","3down",11.95,"RM",NA,15,"UniqueID2",4,"8P31085","Sordahl","F","2023.01.18","2023.01.21","J",3,"B",31.6,1899-12-30 18:40:00,"RM",30.6,1899-12-30 17:39:00,"CdG",17.1,NA,"BLR/ME","RFO"
"75","33B",33,"000724B642","2023.01.21","G11","2",1899-12-30 13:12:00,"ABC","2up",9.9,"RW",NA,11,"UniqueID2",2,"8P31085","Sordahl","F","2023.01.18","2023.01.21","J",3,"B",31.6,1899-12-30 18:40:00,"RM",30.6,1899-12-30 17:39:00,"CdG",17.1,NA,"BLR/ME","RFO"
"76","33B",33,"000724B642","2023.01.21","G19","2",1899-12-30 17:10:00,"ABC","2down",11.85,"RW",NA,19,"UniqueID2",6,"8P31085","Sordahl","F","2023.01.18","2023.01.21","J",3,"B",31.6,1899-12-30 18:40:00,"RM",30.6,1899-12-30 17:39:00,"CdG",17.1,NA,"BLR/ME","RFO"
"77","33B",33,"000724B642","2023.01.21","G17","2",1899-12-30 16:10:00,"ABC","1down",11.95,"CdG",NA,17,"UniqueID2",5,"8P31085","Sordahl","F","2023.01.18","2023.01.21","J",3,"B",31.6,1899-12-30 18:40:00,"RM",30.6,1899-12-30 17:39:00,"CdG",17.1,NA,"BLR/ME","RFO"
"78","33B",33,"000724B642","2023.01.21","G7","2",1899-12-30 11:11:00,"ABC","6down",12,"RW",NA,7,"UniqueID2",9,"8P31085","Sordahl","F","2023.01.18","2023.01.21","J",3,"B",31.6,1899-12-30 18:40:00,"RM",30.6,1899-12-30 17:39:00,"CdG",17.1,NA,"BLR/ME","RFO"
"79","33B",33,"000724B642","2023.01.21","G3","2",1899-12-30 09:11:00,"ABC","6up",11.95,"CdG",NA,3,"UniqueID2",7,"8P31085","Sordahl","F","2023.01.18","2023.01.21","J",3,"B",31.6,1899-12-30 18:40:00,"RM",30.6,1899-12-30 17:39:00,"CdG",17.1,NA,"BLR/ME","RFO"
"80","33B",33,"000724B642","2023.01.21","G9","2",1899-12-30 12:10:00,"ABC","4down",11.95,"CdG","Question mark next to distribution",9,"UniqueID2",10,"8P31085","Sordahl","F","2023.01.18","2023.01.21","J",3,"B",31.6,1899-12-30 18:40:00,"RM",30.6,1899-12-30 17:39:00,"CdG",17.1,NA,"BLR/ME","RFO"
"81","33C",33,"000724D4F3","2023.01.21","G9","2",1899-12-30 12:10:00,"ABC","4down",11.95,"CdG","Question mark next to distribution",9,"UniqueID3",10,"8P31111","Sordahl","M","2023.01.18","2023.01.21","Yoga",3,"C",29.4,1899-12-30 18:45:00,"CdG",28,1899-12-30 17:50:00,"SL",12.9,"Little blood for hemo","ME/RSBL","RFY"
"82","33C",33,"000724D4F3","2023.01.21","G1","2",1899-12-30 08:12:00,"ABC","4down",12,"CdG","for all group trials this day GHIJKL=ABCDEF and vice versa on trial sheet: fixed",1,"UniqueID3",1,"8P31111","Sordahl","M","2023.01.18","2023.01.21","Yoga",3,"C",29.4,1899-12-30 18:45:00,"CdG",28,1899-12-30 17:50:00,"SL",12.9,"Little blood for hemo","ME/RSBL","RFY"
"83","33C",33,"000724D4F3","2023.01.21","G11","2",1899-12-30 13:12:00,"ABC","2up",9.9,"RW",NA,11,"UniqueID3",2,"8P31111","Sordahl","M","2023.01.18","2023.01.21","Yoga",3,"C",29.4,1899-12-30 18:45:00,"CdG",28,1899-12-30 17:50:00,"SL",12.9,"Little blood for hemo","ME/RSBL","RFY"
"84","33C",33,"000724D4F3","2023.01.21","G7","2",1899-12-30 11:11:00,"ABC","6down",12,"RW",NA,7,"UniqueID3",9,"8P31111","Sordahl","M","2023.01.18","2023.01.21","Yoga",3,"C",29.4,1899-12-30 18:45:00,"CdG",28,1899-12-30 17:50:00,"SL",12.9,"Little blood for hemo","ME/RSBL","RFY"
"85","33C",33,"000724D4F3","2023.01.21","G19","2",1899-12-30 17:10:00,"ABC","2down",11.85,"RW",NA,19,"UniqueID3",6,"8P31111","Sordahl","M","2023.01.18","2023.01.21","Yoga",3,"C",29.4,1899-12-30 18:45:00,"CdG",28,1899-12-30 17:50:00,"SL",12.9,"Little blood for hemo","ME/RSBL","RFY"
"86","33C",33,"000724D4F3","2023.01.21","G13","2",1899-12-30 14:10:00,"ABC","1down",10.4,"RM",NA,13,"UniqueID3",3,"8P31111","Sordahl","M","2023.01.18","2023.01.21","Yoga",3,"C",29.4,1899-12-30 18:45:00,"CdG",28,1899-12-30 17:50:00,"SL",12.9,"Little blood for hemo","ME/RSBL","RFY"
"87","33C",33,"000724D4F3","2023.01.21","G3","2",1899-12-30 09:11:00,"ABC","6up",11.95,"CdG",NA,3,"UniqueID3",7,"8P31111","Sordahl","M","2023.01.18","2023.01.21","Yoga",3,"C",29.4,1899-12-30 18:45:00,"CdG",28,1899-12-30 17:50:00,"SL",12.9,"Little blood for hemo","ME/RSBL","RFY"
"88","33C",33,"000724D4F3","2023.01.21","G17","2",1899-12-30 16:10:00,"ABC","1down",11.95,"CdG",NA,17,"UniqueID3",5,"8P31111","Sordahl","M","2023.01.18","2023.01.21","Yoga",3,"C",29.4,1899-12-30 18:45:00,"CdG",28,1899-12-30 17:50:00,"SL",12.9,"Little blood for hemo","ME/RSBL","RFY"
"89","33C",33,"000724D4F3","2023.01.21","G5","2",1899-12-30 10:11:00,"ABC","5up",12.05,"RW",NA,5,"UniqueID3",8,"8P31111","Sordahl","M","2023.01.18","2023.01.21","Yoga",3,"C",29.4,1899-12-30 18:45:00,"CdG",28,1899-12-30 17:50:00,"SL",12.9,"Little blood for hemo","ME/RSBL","RFY"
"90","33C",33,"000724D4F3","2023.01.21","G15","2",1899-12-30 15:11:00,"ABC","3down",11.95,"RM",NA,15,"UniqueID3",4,"8P31111","Sordahl","M","2023.01.18","2023.01.21","Yoga",3,"C",29.4,1899-12-30 18:45:00,"CdG",28,1899-12-30 17:50:00,"SL",12.9,"Little blood for hemo","ME/RSBL","RFY"
"91","33D",33,"000724FD1B","2023.01.21","G5","1",1899-12-30 10:11:00,"DEF","2up",9.75,"CdG",NA,5,"UniqueID1",8,"8917480","Sordahl","F","2023.01.18","2023.01.21","Lemur",3,"D",28.9,1899-12-30 18:44:00,"RW",27.9,1899-12-30 18:15:00,"SL",12.9,NA,"ME/RY","RFW"
"92","33D",33,"000724FD1B","2023.01.21","G15","1",1899-12-30 15:11:00,"DEF","4up",9.7,"RW",NA,15,"UniqueID1",4,"8917480","Sordahl","F","2023.01.18","2023.01.21","Lemur",3,"D",28.9,1899-12-30 18:44:00,"RW",27.9,1899-12-30 18:15:00,"SL",12.9,NA,"ME/RY","RFW"
"93","33D",33,"000724FD1B","2023.01.21","G13","1",1899-12-30 14:10:00,"DEF","6up",11.15,"RW",NA,13,"UniqueID1",3,"8917480","Sordahl","F","2023.01.18","2023.01.21","Lemur",3,"D",28.9,1899-12-30 18:44:00,"RW",27.9,1899-12-30 18:15:00,"SL",12.9,NA,"ME/RY","RFW"
"94","33D",33,"000724FD1B","2023.01.21","G17","1",1899-12-30 16:10:00,"DEF","3down",9.4,"RW",NA,17,"UniqueID1",5,"8917480","Sordahl","F","2023.01.18","2023.01.21","Lemur",3,"D",28.9,1899-12-30 18:44:00,"RW",27.9,1899-12-30 18:15:00,"SL",12.9,NA,"ME/RY","RFW"
"95","33D",33,"000724FD1B","2023.01.21","G7","1",1899-12-30 11:11:00,"DEF","2up",9.9,"CdG",NA,7,"UniqueID1",9,"8917480","Sordahl","F","2023.01.18","2023.01.21","Lemur",3,"D",28.9,1899-12-30 18:44:00,"RW",27.9,1899-12-30 18:15:00,"SL",12.9,NA,"ME/RY","RFW"
"96","33D",33,"000724FD1B","2023.01.21","G19","1",1899-12-30 17:10:00,"DEF","4up",9.2,"CdG",NA,19,"UniqueID1",6,"8917480","Sordahl","F","2023.01.18","2023.01.21","Lemur",3,"D",28.9,1899-12-30 18:44:00,"RW",27.9,1899-12-30 18:15:00,"SL",12.9,NA,"ME/RY","RFW"
"97","33D",33,"000724FD1B","2023.01.21","G9","1",1899-12-30 12:10:00,"DEF","5up",9.9,"SL",NA,9,"UniqueID1",10,"8917480","Sordahl","F","2023.01.18","2023.01.21","Lemur",3,"D",28.9,1899-12-30 18:44:00,"RW",27.9,1899-12-30 18:15:00,"SL",12.9,NA,"ME/RY","RFW"
"98","33D",33,"000724FD1B","2023.01.21","G11","1",1899-12-30 13:12:00,"DEF","6down",10.5,"RM",NA,11,"UniqueID1",2,"8917480","Sordahl","F","2023.01.18","2023.01.21","Lemur",3,"D",28.9,1899-12-30 18:44:00,"RW",27.9,1899-12-30 18:15:00,"SL",12.9,NA,"ME/RY","RFW"
"99","33D",33,"000724FD1B","2023.01.21","G1","1",1899-12-30 08:12:00,"DEF","2down",9.85,"RW",NA,1,"UniqueID1",1,"8917480","Sordahl","F","2023.01.18","2023.01.21","Lemur",3,"D",28.9,1899-12-30 18:44:00,"RW",27.9,1899-12-30 18:15:00,"SL",12.9,NA,"ME/RY","RFW"
"100","33D",33,"000724FD1B","2023.01.21","G3","1",1899-12-30 09:11:00,"DEF","5down",9.65,"RW",NA,3,"UniqueID1",7,"8917480","Sordahl","F","2023.01.18","2023.01.21","Lemur",3,"D",28.9,1899-12-30 18:44:00,"RW",27.9,1899-12-30 18:15:00,"SL",12.9,NA,"ME/RY","RFW"
"101","33E",33,"000726E250","2023.01.21","G13","1",1899-12-30 14:10:00,"DEF","6up",11.15,"RW",NA,13,"UniqueID2",3,"8917479","Sordahl","F","2023.01.18","2023.01.21","Water_faucet",3,"E",30.3,1899-12-30 18:31:00,"RW",26.5,1899-12-30 18:37:00,"SL",8.1,"Question mark next to Hemo value","ME/RY","RFO"
"102","33E",33,"000726E250","2023.01.21","G1","1",1899-12-30 08:12:00,"DEF","2down",9.85,"RW",NA,1,"UniqueID2",1,"8917479","Sordahl","F","2023.01.18","2023.01.21","Water_faucet",3,"E",30.3,1899-12-30 18:31:00,"RW",26.5,1899-12-30 18:37:00,"SL",8.1,"Question mark next to Hemo value","ME/RY","RFO"
"103","33E",33,"000726E250","2023.01.21","G9","1",1899-12-30 12:10:00,"DEF","5up",9.9,"SL",NA,9,"UniqueID2",10,"8917479","Sordahl","F","2023.01.18","2023.01.21","Water_faucet",3,"E",30.3,1899-12-30 18:31:00,"RW",26.5,1899-12-30 18:37:00,"SL",8.1,"Question mark next to Hemo value","ME/RY","RFO"
"104","33E",33,"000726E250","2023.01.21","G17","1",1899-12-30 16:10:00,"DEF","3down",9.4,"RW",NA,17,"UniqueID2",5,"8917479","Sordahl","F","2023.01.18","2023.01.21","Water_faucet",3,"E",30.3,1899-12-30 18:31:00,"RW",26.5,1899-12-30 18:37:00,"SL",8.1,"Question mark next to Hemo value","ME/RY","RFO"
"105","33E",33,"000726E250","2023.01.21","G3","1",1899-12-30 09:11:00,"DEF","5down",9.65,"RW",NA,3,"UniqueID2",7,"8917479","Sordahl","F","2023.01.18","2023.01.21","Water_faucet",3,"E",30.3,1899-12-30 18:31:00,"RW",26.5,1899-12-30 18:37:00,"SL",8.1,"Question mark next to Hemo value","ME/RY","RFO"
"106","33E",33,"000726E250","2023.01.21","G5","1",1899-12-30 10:11:00,"DEF","2up",9.75,"CdG",NA,5,"UniqueID2",8,"8917479","Sordahl","F","2023.01.18","2023.01.21","Water_faucet",3,"E",30.3,1899-12-30 18:31:00,"RW",26.5,1899-12-30 18:37:00,"SL",8.1,"Question mark next to Hemo value","ME/RY","RFO"
"107","33E",33,"000726E250","2023.01.21","G19","1",1899-12-30 17:10:00,"DEF","4up",9.2,"CdG",NA,19,"UniqueID2",6,"8917479","Sordahl","F","2023.01.18","2023.01.21","Water_faucet",3,"E",30.3,1899-12-30 18:31:00,"RW",26.5,1899-12-30 18:37:00,"SL",8.1,"Question mark next to Hemo value","ME/RY","RFO"
"108","33E",33,"000726E250","2023.01.21","G15","1",1899-12-30 15:11:00,"DEF","4up",9.7,"RW",NA,15,"UniqueID2",4,"8917479","Sordahl","F","2023.01.18","2023.01.21","Water_faucet",3,"E",30.3,1899-12-30 18:31:00,"RW",26.5,1899-12-30 18:37:00,"SL",8.1,"Question mark next to Hemo value","ME/RY","RFO"
"109","33E",33,"000726E250","2023.01.21","G11","1",1899-12-30 13:12:00,"DEF","6down",10.5,"RM",NA,11,"UniqueID2",2,"8917479","Sordahl","F","2023.01.18","2023.01.21","Water_faucet",3,"E",30.3,1899-12-30 18:31:00,"RW",26.5,1899-12-30 18:37:00,"SL",8.1,"Question mark next to Hemo value","ME/RY","RFO"
"110","33E",33,"000726E250","2023.01.21","G7","1",1899-12-30 11:11:00,"DEF","2up",9.9,"CdG",NA,7,"UniqueID2",9,"8917479","Sordahl","F","2023.01.18","2023.01.21","Water_faucet",3,"E",30.3,1899-12-30 18:31:00,"RW",26.5,1899-12-30 18:37:00,"SL",8.1,"Question mark next to Hemo value","ME/RY","RFO"
"111","33F",33,"000724EF35","2023.01.21","G17","1",1899-12-30 16:10:00,"DEF","3down",9.4,"RW",NA,17,"UniqueID3",5,"8P31126","Sordahl","M","2023.01.18","2023.01.21","Footballer",3,"F",29.1,1899-12-30 18:33:00,"CdG",26.9,1899-12-30 18:25:00,"SL",15.6,NA,"ME/LG","RFO"
"112","33F",33,"000724EF35","2023.01.21","G19","1",1899-12-30 17:10:00,"DEF","4up",9.2,"CdG",NA,19,"UniqueID3",6,"8P31126","Sordahl","M","2023.01.18","2023.01.21","Footballer",3,"F",29.1,1899-12-30 18:33:00,"CdG",26.9,1899-12-30 18:25:00,"SL",15.6,NA,"ME/LG","RFO"
"113","33F",33,"000724EF35","2023.01.21","G15","1",1899-12-30 15:11:00,"DEF","4up",9.7,"RW",NA,15,"UniqueID3",4,"8P31126","Sordahl","M","2023.01.18","2023.01.21","Footballer",3,"F",29.1,1899-12-30 18:33:00,"CdG",26.9,1899-12-30 18:25:00,"SL",15.6,NA,"ME/LG","RFO"
"114","33F",33,"000724EF35","2023.01.21","G9","1",1899-12-30 12:10:00,"DEF","5up",9.9,"SL",NA,9,"UniqueID3",10,"8P31126","Sordahl","M","2023.01.18","2023.01.21","Footballer",3,"F",29.1,1899-12-30 18:33:00,"CdG",26.9,1899-12-30 18:25:00,"SL",15.6,NA,"ME/LG","RFO"
"115","33F",33,"000724EF35","2023.01.21","G7","1",1899-12-30 11:11:00,"DEF","2up",9.9,"CdG",NA,7,"UniqueID3",9,"8P31126","Sordahl","M","2023.01.18","2023.01.21","Footballer",3,"F",29.1,1899-12-30 18:33:00,"CdG",26.9,1899-12-30 18:25:00,"SL",15.6,NA,"ME/LG","RFO"
"116","33F",33,"000724EF35","2023.01.21","G1","1",1899-12-30 08:12:00,"DEF","2down",9.85,"RW",NA,1,"UniqueID3",1,"8P31126","Sordahl","M","2023.01.18","2023.01.21","Footballer",3,"F",29.1,1899-12-30 18:33:00,"CdG",26.9,1899-12-30 18:25:00,"SL",15.6,NA,"ME/LG","RFO"
"117","33F",33,"000724EF35","2023.01.21","G11","1",1899-12-30 13:12:00,"DEF","6down",10.5,"RM",NA,11,"UniqueID3",2,"8P31126","Sordahl","M","2023.01.18","2023.01.21","Footballer",3,"F",29.1,1899-12-30 18:33:00,"CdG",26.9,1899-12-30 18:25:00,"SL",15.6,NA,"ME/LG","RFO"
"118","33F",33,"000724EF35","2023.01.21","G3","1",1899-12-30 09:11:00,"DEF","5down",9.65,"RW",NA,3,"UniqueID3",7,"8P31126","Sordahl","M","2023.01.18","2023.01.21","Footballer",3,"F",29.1,1899-12-30 18:33:00,"CdG",26.9,1899-12-30 18:25:00,"SL",15.6,NA,"ME/LG","RFO"
"119","33F",33,"000724EF35","2023.01.21","G13","1",1899-12-30 14:10:00,"DEF","6up",11.15,"RW",NA,13,"UniqueID3",3,"8P31126","Sordahl","M","2023.01.18","2023.01.21","Footballer",3,"F",29.1,1899-12-30 18:33:00,"CdG",26.9,1899-12-30 18:25:00,"SL",15.6,NA,"ME/LG","RFO"
"120","33F",33,"000724EF35","2023.01.21","G5","1",1899-12-30 10:11:00,"DEF","2up",9.75,"CdG",NA,5,"UniqueID3",8,"8P31126","Sordahl","M","2023.01.18","2023.01.21","Footballer",3,"F",29.1,1899-12-30 18:33:00,"CdG",26.9,1899-12-30 18:25:00,"SL",15.6,NA,"ME/LG","RFO"
"121","34A",34,"000724D5A1","2023.01.22","G30","2",1899-12-30 12:40:00,"ABC","6up",10.75,"RM","Cameras had to be restarted after release",10,"UniqueID1",5,"8P14965","Sordahl","F","2023.01.21","2023.01.24","J",1,"A",30,1899-12-30 18:35:00,"RM",28,1899-12-30 17:00:00,"SL",16.7,NA,"RFO","O/ME"
"122","34A",34,"000724D5A1","2023.01.22","G36","2",1899-12-30 15:41:00,"ABC","4down",10.2,"SL",NA,16,"UniqueID1",8,"8P14965","Sordahl","F","2023.01.21","2023.01.24","J",1,"A",30,1899-12-30 18:35:00,"RM",28,1899-12-30 17:00:00,"SL",16.7,NA,"RFO","O/ME"
"123","34A",34,"000724D5A1","2023.01.22","G22","2",1899-12-30 08:40:00,"ABC","6up",11.75,"RM",NA,2,"UniqueID1",1,"8P14965","Sordahl","F","2023.01.21","2023.01.24","J",1,"A",30,1899-12-30 18:35:00,"RM",28,1899-12-30 17:00:00,"SL",16.7,NA,"RFO","O/ME"
"124","34A",34,"000724D5A1","2023.01.22","G40","2",1899-12-30 17:40:00,"ABC","6up",9.6,"RM",NA,20,"UniqueID1",10,"8P14965","Sordahl","F","2023.01.21","2023.01.24","J",1,"A",30,1899-12-30 18:35:00,"RM",28,1899-12-30 17:00:00,"SL",16.7,NA,"RFO","O/ME"
"125","34A",34,"000724D5A1","2023.01.22","G26","2",1899-12-30 10:40:00,"ABC","1up",11.95,"RM",NA,6,"UniqueID1",3,"8P14965","Sordahl","F","2023.01.21","2023.01.24","J",1,"A",30,1899-12-30 18:35:00,"RM",28,1899-12-30 17:00:00,"SL",16.7,NA,"RFO","O/ME"
"126","34A",34,"000724D5A1","2023.01.22","G34","2",1899-12-30 14:40:00,"ABC","5down",10.15,"RM",NA,14,"UniqueID1",7,"8P14965","Sordahl","F","2023.01.21","2023.01.24","J",1,"A",30,1899-12-30 18:35:00,"RM",28,1899-12-30 17:00:00,"SL",16.7,NA,"RFO","O/ME"
"127","34A",34,"000724D5A1","2023.01.22","G28","2",1899-12-30 11:40:00,"ABC","5up",8.5,"SL",NA,8,"UniqueID1",4,"8P14965","Sordahl","F","2023.01.21","2023.01.24","J",1,"A",30,1899-12-30 18:35:00,"RM",28,1899-12-30 17:00:00,"SL",16.7,NA,"RFO","O/ME"
"128","34A",34,"000724D5A1","2023.01.22","G38","2",1899-12-30 16:40:00,"ABC","6down",10.4,"SL",NA,18,"UniqueID1",9,"8P14965","Sordahl","F","2023.01.21","2023.01.24","J",1,"A",30,1899-12-30 18:35:00,"RM",28,1899-12-30 17:00:00,"SL",16.7,NA,"RFO","O/ME"
"129","34A",34,"000724D5A1","2023.01.22","G24","2",1899-12-30 09:40:00,"ABC","6down",11.2,"SL",NA,4,"UniqueID1",2,"8P14965","Sordahl","F","2023.01.21","2023.01.24","J",1,"A",30,1899-12-30 18:35:00,"RM",28,1899-12-30 17:00:00,"SL",16.7,NA,"RFO","O/ME"
"130","34A",34,"000724D5A1","2023.01.22","G32","2",1899-12-30 13:40:00,"ABC","3up",9.4,"SL",NA,12,"UniqueID1",6,"8P14965","Sordahl","F","2023.01.21","2023.01.24","J",1,"A",30,1899-12-30 18:35:00,"RM",28,1899-12-30 17:00:00,"SL",16.7,NA,"RFO","O/ME"
"131","34B",34,"000724D729","2023.01.22","G40","2",1899-12-30 17:40:00,"ABC","6up",9.6,"RM",NA,20,"UniqueID2",10,"8P31071","Sordahl","M","2023.01.21","2023.01.24","Lemur",1,"B",31.1,1899-12-30 18:32:00,"RW",29,1899-12-30 17:36:00,"SL",13.8,NA,"RFY","ME/RS"
"132","34B",34,"000724D729","2023.01.22","G32","2",1899-12-30 13:40:00,"ABC","3up",9.4,"SL",NA,12,"UniqueID2",6,"8P31071","Sordahl","M","2023.01.21","2023.01.24","Lemur",1,"B",31.1,1899-12-30 18:32:00,"RW",29,1899-12-30 17:36:00,"SL",13.8,NA,"RFY","ME/RS"
"133","34B",34,"000724D729","2023.01.22","G30","2",1899-12-30 12:40:00,"ABC","6up",10.75,"RM","Cameras had to be restarted after release",10,"UniqueID2",5,"8P31071","Sordahl","M","2023.01.21","2023.01.24","Lemur",1,"B",31.1,1899-12-30 18:32:00,"RW",29,1899-12-30 17:36:00,"SL",13.8,NA,"RFY","ME/RS"
"134","34B",34,"000724D729","2023.01.22","G28","2",1899-12-30 11:40:00,"ABC","5up",8.5,"SL",NA,8,"UniqueID2",4,"8P31071","Sordahl","M","2023.01.21","2023.01.24","Lemur",1,"B",31.1,1899-12-30 18:32:00,"RW",29,1899-12-30 17:36:00,"SL",13.8,NA,"RFY","ME/RS"
"135","34B",34,"000724D729","2023.01.22","G24","2",1899-12-30 09:40:00,"ABC","6down",11.2,"SL",NA,4,"UniqueID2",2,"8P31071","Sordahl","M","2023.01.21","2023.01.24","Lemur",1,"B",31.1,1899-12-30 18:32:00,"RW",29,1899-12-30 17:36:00,"SL",13.8,NA,"RFY","ME/RS"
"136","34B",34,"000724D729","2023.01.22","G34","2",1899-12-30 14:40:00,"ABC","5down",10.15,"RM",NA,14,"UniqueID2",7,"8P31071","Sordahl","M","2023.01.21","2023.01.24","Lemur",1,"B",31.1,1899-12-30 18:32:00,"RW",29,1899-12-30 17:36:00,"SL",13.8,NA,"RFY","ME/RS"
"137","34B",34,"000724D729","2023.01.22","G26","2",1899-12-30 10:40:00,"ABC","1up",11.95,"RM",NA,6,"UniqueID2",3,"8P31071","Sordahl","M","2023.01.21","2023.01.24","Lemur",1,"B",31.1,1899-12-30 18:32:00,"RW",29,1899-12-30 17:36:00,"SL",13.8,NA,"RFY","ME/RS"
"138","34B",34,"000724D729","2023.01.22","G36","2",1899-12-30 15:41:00,"ABC","4down",10.2,"SL",NA,16,"UniqueID2",8,"8P31071","Sordahl","M","2023.01.21","2023.01.24","Lemur",1,"B",31.1,1899-12-30 18:32:00,"RW",29,1899-12-30 17:36:00,"SL",13.8,NA,"RFY","ME/RS"
"139","34B",34,"000724D729","2023.01.22","G22","2",1899-12-30 08:40:00,"ABC","6up",11.75,"RM",NA,2,"UniqueID2",1,"8P31071","Sordahl","M","2023.01.21","2023.01.24","Lemur",1,"B",31.1,1899-12-30 18:32:00,"RW",29,1899-12-30 17:36:00,"SL",13.8,NA,"RFY","ME/RS"
"140","34B",34,"000724D729","2023.01.22","G38","2",1899-12-30 16:40:00,"ABC","6down",10.4,"SL",NA,18,"UniqueID2",9,"8P31071","Sordahl","M","2023.01.21","2023.01.24","Lemur",1,"B",31.1,1899-12-30 18:32:00,"RW",29,1899-12-30 17:36:00,"SL",13.8,NA,"RFY","ME/RS"
"141","34C",34,"000724D1F3","2023.01.22","G30","2",1899-12-30 12:40:00,"ABC","6up",10.75,"RM","Cameras had to be restarted after release",10,"UniqueID3",5,"8P31104","Sordahl","F","2023.01.21","2023.01.24","Water_faucet",1,"C",31.8,1899-12-30 18:40:00,"RM",28.1,1899-12-30 17:10:00,"SL",17.6,NA,"MB/ME","RFR"
"142","34C",34,"000724D1F3","2023.01.22","G24","2",1899-12-30 09:40:00,"ABC","6down",11.2,"SL",NA,4,"UniqueID3",2,"8P31104","Sordahl","F","2023.01.21","2023.01.24","Water_faucet",1,"C",31.8,1899-12-30 18:40:00,"RM",28.1,1899-12-30 17:10:00,"SL",17.6,NA,"MB/ME","RFR"
"143","34C",34,"000724D1F3","2023.01.22","G26","2",1899-12-30 10:40:00,"ABC","1up",11.95,"RM",NA,6,"UniqueID3",3,"8P31104","Sordahl","F","2023.01.21","2023.01.24","Water_faucet",1,"C",31.8,1899-12-30 18:40:00,"RM",28.1,1899-12-30 17:10:00,"SL",17.6,NA,"MB/ME","RFR"
"144","34C",34,"000724D1F3","2023.01.22","G28","2",1899-12-30 11:40:00,"ABC","5up",8.5,"SL",NA,8,"UniqueID3",4,"8P31104","Sordahl","F","2023.01.21","2023.01.24","Water_faucet",1,"C",31.8,1899-12-30 18:40:00,"RM",28.1,1899-12-30 17:10:00,"SL",17.6,NA,"MB/ME","RFR"
"145","34C",34,"000724D1F3","2023.01.22","G36","2",1899-12-30 15:41:00,"ABC","4down",10.2,"SL",NA,16,"UniqueID3",8,"8P31104","Sordahl","F","2023.01.21","2023.01.24","Water_faucet",1,"C",31.8,1899-12-30 18:40:00,"RM",28.1,1899-12-30 17:10:00,"SL",17.6,NA,"MB/ME","RFR"
"146","34C",34,"000724D1F3","2023.01.22","G32","2",1899-12-30 13:40:00,"ABC","3up",9.4,"SL",NA,12,"UniqueID3",6,"8P31104","Sordahl","F","2023.01.21","2023.01.24","Water_faucet",1,"C",31.8,1899-12-30 18:40:00,"RM",28.1,1899-12-30 17:10:00,"SL",17.6,NA,"MB/ME","RFR"
"147","34C",34,"000724D1F3","2023.01.22","G40","2",1899-12-30 17:40:00,"ABC","6up",9.6,"RM",NA,20,"UniqueID3",10,"8P31104","Sordahl","F","2023.01.21","2023.01.24","Water_faucet",1,"C",31.8,1899-12-30 18:40:00,"RM",28.1,1899-12-30 17:10:00,"SL",17.6,NA,"MB/ME","RFR"
"148","34C",34,"000724D1F3","2023.01.22","G38","2",1899-12-30 16:40:00,"ABC","6down",10.4,"SL",NA,18,"UniqueID3",9,"8P31104","Sordahl","F","2023.01.21","2023.01.24","Water_faucet",1,"C",31.8,1899-12-30 18:40:00,"RM",28.1,1899-12-30 17:10:00,"SL",17.6,NA,"MB/ME","RFR"
"149","34C",34,"000724D1F3","2023.01.22","G22","2",1899-12-30 08:40:00,"ABC","6up",11.75,"RM",NA,2,"UniqueID3",1,"8P31104","Sordahl","F","2023.01.21","2023.01.24","Water_faucet",1,"C",31.8,1899-12-30 18:40:00,"RM",28.1,1899-12-30 17:10:00,"SL",17.6,NA,"MB/ME","RFR"
"150","34C",34,"000724D1F3","2023.01.22","G34","2",1899-12-30 14:40:00,"ABC","5down",10.15,"RM",NA,14,"UniqueID3",7,"8P31104","Sordahl","F","2023.01.21","2023.01.24","Water_faucet",1,"C",31.8,1899-12-30 18:40:00,"RM",28.1,1899-12-30 17:10:00,"SL",17.6,NA,"MB/ME","RFR"
"151","34D",34,"000724DFEA","2023.01.22","G36","1",1899-12-30 15:41:00,"DEF","4down",11.15,"SL",NA,16,"UniqueID1",8,"8P31094","Sordahl","F","2023.01.21","2023.01.24","Yoga",1,"D",30.2,1899-12-30 18:38:00,"RM",27.5,1899-12-30 17:18:00,"SL",18,NA,"RFMB","O/ME"
"152","34D",34,"000724DFEA","2023.01.22","G28","1",1899-12-30 11:40:00,"DEF","4up",11.9,"RM",NA,8,"UniqueID1",4,"8P31094","Sordahl","F","2023.01.21","2023.01.24","Yoga",1,"D",30.2,1899-12-30 18:38:00,"RM",27.5,1899-12-30 17:18:00,"SL",18,NA,"RFMB","O/ME"
"153","34D",34,"000724DFEA","2023.01.22","G40","1",1899-12-30 17:40:00,"DEF","3up",9.85,"SL",NA,20,"UniqueID1",10,"8P31094","Sordahl","F","2023.01.21","2023.01.24","Yoga",1,"D",30.2,1899-12-30 18:38:00,"RM",27.5,1899-12-30 17:18:00,"SL",18,NA,"RFMB","O/ME"
"154","34D",34,"000724DFEA","2023.01.22","G30","1",1899-12-30 12:40:00,"DEF","5down",11.2,"RW",NA,10,"UniqueID1",5,"8P31094","Sordahl","F","2023.01.21","2023.01.24","Yoga",1,"D",30.2,1899-12-30 18:38:00,"RM",27.5,1899-12-30 17:18:00,"SL",18,NA,"RFMB","O/ME"
"155","34D",34,"000724DFEA","2023.01.22","G38","1",1899-12-30 16:40:00,"DEF","2down",11.75,"RM",NA,18,"UniqueID1",9,"8P31094","Sordahl","F","2023.01.21","2023.01.24","Yoga",1,"D",30.2,1899-12-30 18:38:00,"RM",27.5,1899-12-30 17:18:00,"SL",18,NA,"RFMB","O/ME"
"156","34D",34,"000724DFEA","2023.01.22","G32","1",1899-12-30 13:40:00,"DEF","1down",11.85,"RW",NA,12,"UniqueID1",6,"8P31094","Sordahl","F","2023.01.21","2023.01.24","Yoga",1,"D",30.2,1899-12-30 18:38:00,"RM",27.5,1899-12-30 17:18:00,"SL",18,NA,"RFMB","O/ME"
"157","34D",34,"000724DFEA","2023.01.22","G22","1",1899-12-30 08:40:00,"DEF","2up",9.9,"SL",NA,2,"UniqueID1",1,"8P31094","Sordahl","F","2023.01.21","2023.01.24","Yoga",1,"D",30.2,1899-12-30 18:38:00,"RM",27.5,1899-12-30 17:18:00,"SL",18,NA,"RFMB","O/ME"
"158","34D",34,"000724DFEA","2023.01.22","G24","1",1899-12-30 09:40:00,"DEF","3down",10.25,"RM",NA,4,"UniqueID1",2,"8P31094","Sordahl","F","2023.01.21","2023.01.24","Yoga",1,"D",30.2,1899-12-30 18:38:00,"RM",27.5,1899-12-30 17:18:00,"SL",18,NA,"RFMB","O/ME"
"159","34D",34,"000724DFEA","2023.01.22","G26","1",1899-12-30 10:40:00,"DEF","6up",11.25,"SL",NA,6,"UniqueID1",3,"8P31094","Sordahl","F","2023.01.21","2023.01.24","Yoga",1,"D",30.2,1899-12-30 18:38:00,"RM",27.5,1899-12-30 17:18:00,"SL",18,NA,"RFMB","O/ME"
"160","34D",34,"000724DFEA","2023.01.22","G34","1",1899-12-30 14:40:00,"DEF","6up",11.3,"SL",NA,14,"UniqueID1",7,"8P31094","Sordahl","F","2023.01.21","2023.01.24","Yoga",1,"D",30.2,1899-12-30 18:38:00,"RM",27.5,1899-12-30 17:18:00,"SL",18,NA,"RFMB","O/ME"
"161","34E",34,"000724DE7A","2023.01.22","G30","1",1899-12-30 12:40:00,"DEF","5down",11.2,"RW",NA,10,"UniqueID2",5,"8P26848","Sordahl","M","2023.01.21","2023.01.24","No_backpack",1,"E",30.8,1899-12-30 18:31:00,"RW",29.3,1899-12-30 17:42:00,"SL",16.2,"Found without backpack","RFR","ME/BLR"
"162","34E",34,"000724DE7A","2023.01.22","G36","1",1899-12-30 15:41:00,"DEF","4down",11.15,"SL",NA,16,"UniqueID2",8,"8P26848","Sordahl","M","2023.01.21","2023.01.24","No_backpack",1,"E",30.8,1899-12-30 18:31:00,"RW",29.3,1899-12-30 17:42:00,"SL",16.2,"Found without backpack","RFR","ME/BLR"
"163","34E",34,"000724DE7A","2023.01.22","G24","1",1899-12-30 09:40:00,"DEF","3down",10.25,"RM",NA,4,"UniqueID2",2,"8P26848","Sordahl","M","2023.01.21","2023.01.24","No_backpack",1,"E",30.8,1899-12-30 18:31:00,"RW",29.3,1899-12-30 17:42:00,"SL",16.2,"Found without backpack","RFR","ME/BLR"
"164","34E",34,"000724DE7A","2023.01.22","G32","1",1899-12-30 13:40:00,"DEF","1down",11.85,"RW",NA,12,"UniqueID2",6,"8P26848","Sordahl","M","2023.01.21","2023.01.24","No_backpack",1,"E",30.8,1899-12-30 18:31:00,"RW",29.3,1899-12-30 17:42:00,"SL",16.2,"Found without backpack","RFR","ME/BLR"
"165","34E",34,"000724DE7A","2023.01.22","G26","1",1899-12-30 10:40:00,"DEF","6up",11.25,"SL",NA,6,"UniqueID2",3,"8P26848","Sordahl","M","2023.01.21","2023.01.24","No_backpack",1,"E",30.8,1899-12-30 18:31:00,"RW",29.3,1899-12-30 17:42:00,"SL",16.2,"Found without backpack","RFR","ME/BLR"
"166","34E",34,"000724DE7A","2023.01.22","G38","1",1899-12-30 16:40:00,"DEF","2down",11.75,"RM",NA,18,"UniqueID2",9,"8P26848","Sordahl","M","2023.01.21","2023.01.24","No_backpack",1,"E",30.8,1899-12-30 18:31:00,"RW",29.3,1899-12-30 17:42:00,"SL",16.2,"Found without backpack","RFR","ME/BLR"
"167","34E",34,"000724DE7A","2023.01.22","G40","1",1899-12-30 17:40:00,"DEF","3up",9.85,"SL",NA,20,"UniqueID2",10,"8P26848","Sordahl","M","2023.01.21","2023.01.24","No_backpack",1,"E",30.8,1899-12-30 18:31:00,"RW",29.3,1899-12-30 17:42:00,"SL",16.2,"Found without backpack","RFR","ME/BLR"
"168","34E",34,"000724DE7A","2023.01.22","G34","1",1899-12-30 14:40:00,"DEF","6up",11.3,"SL",NA,14,"UniqueID2",7,"8P26848","Sordahl","M","2023.01.21","2023.01.24","No_backpack",1,"E",30.8,1899-12-30 18:31:00,"RW",29.3,1899-12-30 17:42:00,"SL",16.2,"Found without backpack","RFR","ME/BLR"
"169","34E",34,"000724DE7A","2023.01.22","G28","1",1899-12-30 11:40:00,"DEF","4up",11.9,"RM",NA,8,"UniqueID2",4,"8P26848","Sordahl","M","2023.01.21","2023.01.24","No_backpack",1,"E",30.8,1899-12-30 18:31:00,"RW",29.3,1899-12-30 17:42:00,"SL",16.2,"Found without backpack","RFR","ME/BLR"
"170","34E",34,"000724DE7A","2023.01.22","G22","1",1899-12-30 08:40:00,"DEF","2up",9.9,"SL",NA,2,"UniqueID2",1,"8P26848","Sordahl","M","2023.01.21","2023.01.24","No_backpack",1,"E",30.8,1899-12-30 18:31:00,"RW",29.3,1899-12-30 17:42:00,"SL",16.2,"Found without backpack","RFR","ME/BLR"
"171","34F",34,"000724D967","2023.01.22","G38","1",1899-12-30 16:40:00,"DEF","2down",11.75,"RM",NA,18,"UniqueID3",9,"8P31083","Sordahl","M","2023.01.21","2023.01.24","Ghost",1,"F",30.5,1899-12-30 18:29:00,"RW",29.4,1899-12-30 16:49:00,"SL",12.5,NA,"RFO","BLR/ME"
"172","34F",34,"000724D967","2023.01.22","G24","1",1899-12-30 09:40:00,"DEF","3down",10.25,"RM",NA,4,"UniqueID3",2,"8P31083","Sordahl","M","2023.01.21","2023.01.24","Ghost",1,"F",30.5,1899-12-30 18:29:00,"RW",29.4,1899-12-30 16:49:00,"SL",12.5,NA,"RFO","BLR/ME"
"173","34F",34,"000724D967","2023.01.22","G32","1",1899-12-30 13:40:00,"DEF","1down",11.85,"RW",NA,12,"UniqueID3",6,"8P31083","Sordahl","M","2023.01.21","2023.01.24","Ghost",1,"F",30.5,1899-12-30 18:29:00,"RW",29.4,1899-12-30 16:49:00,"SL",12.5,NA,"RFO","BLR/ME"
"174","34F",34,"000724D967","2023.01.22","G36","1",1899-12-30 15:41:00,"DEF","4down",11.15,"SL",NA,16,"UniqueID3",8,"8P31083","Sordahl","M","2023.01.21","2023.01.24","Ghost",1,"F",30.5,1899-12-30 18:29:00,"RW",29.4,1899-12-30 16:49:00,"SL",12.5,NA,"RFO","BLR/ME"
"175","34F",34,"000724D967","2023.01.22","G40","1",1899-12-30 17:40:00,"DEF","3up",9.85,"SL",NA,20,"UniqueID3",10,"8P31083","Sordahl","M","2023.01.21","2023.01.24","Ghost",1,"F",30.5,1899-12-30 18:29:00,"RW",29.4,1899-12-30 16:49:00,"SL",12.5,NA,"RFO","BLR/ME"
"176","34F",34,"000724D967","2023.01.22","G22","1",1899-12-30 08:40:00,"DEF","2up",9.9,"SL",NA,2,"UniqueID3",1,"8P31083","Sordahl","M","2023.01.21","2023.01.24","Ghost",1,"F",30.5,1899-12-30 18:29:00,"RW",29.4,1899-12-30 16:49:00,"SL",12.5,NA,"RFO","BLR/ME"
"177","34F",34,"000724D967","2023.01.22","G28","1",1899-12-30 11:40:00,"DEF","4up",11.9,"RM",NA,8,"UniqueID3",4,"8P31083","Sordahl","M","2023.01.21","2023.01.24","Ghost",1,"F",30.5,1899-12-30 18:29:00,"RW",29.4,1899-12-30 16:49:00,"SL",12.5,NA,"RFO","BLR/ME"
"178","34F",34,"000724D967","2023.01.22","G34","1",1899-12-30 14:40:00,"DEF","6up",11.3,"SL",NA,14,"UniqueID3",7,"8P31083","Sordahl","M","2023.01.21","2023.01.24","Ghost",1,"F",30.5,1899-12-30 18:29:00,"RW",29.4,1899-12-30 16:49:00,"SL",12.5,NA,"RFO","BLR/ME"
"179","34F",34,"000724D967","2023.01.22","G26","1",1899-12-30 10:40:00,"DEF","6up",11.25,"SL",NA,6,"UniqueID3",3,"8P31083","Sordahl","M","2023.01.21","2023.01.24","Ghost",1,"F",30.5,1899-12-30 18:29:00,"RW",29.4,1899-12-30 16:49:00,"SL",12.5,NA,"RFO","BLR/ME"
"180","34F",34,"000724D967","2023.01.22","G30","1",1899-12-30 12:40:00,"DEF","5down",11.2,"RW",NA,10,"UniqueID3",5,"8P31083","Sordahl","M","2023.01.21","2023.01.24","Ghost",1,"F",30.5,1899-12-30 18:29:00,"RW",29.4,1899-12-30 16:49:00,"SL",12.5,NA,"RFO","BLR/ME"
"181","35G",35,"0007250390","2023.01.22","G31","2",1899-12-30 13:11:00,"GHI","4down",11.55,"RW",NA,11,"UniqueID1",6,"8P31073","Sordahl","M","2023.01.21","2023.01.24","Footballer",4,"G",31.3,1899-12-30 19:04:00,"RW",29.2,1899-12-30 18:03:00,"RW",17.8,NA,"RFRS","ME/RS"
"182","35G",35,"0007250390","2023.01.22","G23","2",1899-12-30 09:11:00,"GHI","6down",11.9,"SL",NA,3,"UniqueID1",2,"8P31073","Sordahl","M","2023.01.21","2023.01.24","Footballer",4,"G",31.3,1899-12-30 19:04:00,"RW",29.2,1899-12-30 18:03:00,"RW",17.8,NA,"RFRS","ME/RS"
"183","35G",35,"0007250390","2023.01.22","G33","2",1899-12-30 14:10:00,"GHI","6down",11.95,"RM",NA,13,"UniqueID1",7,"8P31073","Sordahl","M","2023.01.21","2023.01.24","Footballer",4,"G",31.3,1899-12-30 19:04:00,"RW",29.2,1899-12-30 18:03:00,"RW",17.8,NA,"RFRS","ME/RS"
"184","35G",35,"0007250390","2023.01.22","G25","2",1899-12-30 10:10:00,"GHI","4up",11.7,"SL",NA,5,"UniqueID1",3,"8P31073","Sordahl","M","2023.01.21","2023.01.24","Footballer",4,"G",31.3,1899-12-30 19:04:00,"RW",29.2,1899-12-30 18:03:00,"RW",17.8,NA,"RFRS","ME/RS"
"185","35G",35,"0007250390","2023.01.22","G27","2",1899-12-30 11:10:00,"GHI","1up",11.45,"RM",NA,7,"UniqueID1",4,"8P31073","Sordahl","M","2023.01.21","2023.01.24","Footballer",4,"G",31.3,1899-12-30 19:04:00,"RW",29.2,1899-12-30 18:03:00,"RW",17.8,NA,"RFRS","ME/RS"
"186","35G",35,"0007250390","2023.01.22","G35","2",1899-12-30 15:13:00,"GHI","2down",11.3,"RM",NA,15,"UniqueID1",8,"8P31073","Sordahl","M","2023.01.21","2023.01.24","Footballer",4,"G",31.3,1899-12-30 19:04:00,"RW",29.2,1899-12-30 18:03:00,"RW",17.8,NA,"RFRS","ME/RS"
"187","35G",35,"0007250390","2023.01.22","G21","2",1899-12-30 08:10:00,"GHI","4up",11.75,"RM",NA,1,"UniqueID1",1,"8P31073","Sordahl","M","2023.01.21","2023.01.24","Footballer",4,"G",31.3,1899-12-30 19:04:00,"RW",29.2,1899-12-30 18:03:00,"RW",17.8,NA,"RFRS","ME/RS"
"188","35G",35,"0007250390","2023.01.22","G37","2",1899-12-30 16:10:00,"GHI","1down",12,"RM",NA,17,"UniqueID1",9,"8P31073","Sordahl","M","2023.01.21","2023.01.24","Footballer",4,"G",31.3,1899-12-30 19:04:00,"RW",29.2,1899-12-30 18:03:00,"RW",17.8,NA,"RFRS","ME/RS"
"189","35G",35,"0007250390","2023.01.22","G39","2",1899-12-30 17:10:00,"GHI","6up",11.3,"SL",NA,19,"UniqueID1",10,"8P31073","Sordahl","M","2023.01.21","2023.01.24","Footballer",4,"G",31.3,1899-12-30 19:04:00,"RW",29.2,1899-12-30 18:03:00,"RW",17.8,NA,"RFRS","ME/RS"
"190","35G",35,"0007250390","2023.01.22","G29","2",1899-12-30 12:10:00,"GHI","3up",11.95,"SL",NA,9,"UniqueID1",5,"8P31073","Sordahl","M","2023.01.21","2023.01.24","Footballer",4,"G",31.3,1899-12-30 19:04:00,"RW",29.2,1899-12-30 18:03:00,"RW",17.8,NA,"RFRS","ME/RS"
"191","35H",35,"000724EE79","2023.01.22","G39","2",1899-12-30 17:10:00,"GHI","6up",11.3,"SL",NA,19,"UniqueID2",10,"8917419","Sordahl","F","2023.01.21","2023.01.24","Water_faucet",4,"H",31.4,1899-12-30 19:04:00,"RW",29.2,1899-12-30 18:09:00,"RW",15.3,NA,"RY/ME","RFR"
"192","35H",35,"000724EE79","2023.01.22","G37","2",1899-12-30 16:10:00,"GHI","1down",12,"RM",NA,17,"UniqueID2",9,"8917419","Sordahl","F","2023.01.21","2023.01.24","Water_faucet",4,"H",31.4,1899-12-30 19:04:00,"RW",29.2,1899-12-30 18:09:00,"RW",15.3,NA,"RY/ME","RFR"
"193","35H",35,"000724EE79","2023.01.22","G23","2",1899-12-30 09:11:00,"GHI","6down",11.9,"SL",NA,3,"UniqueID2",2,"8917419","Sordahl","F","2023.01.21","2023.01.24","Water_faucet",4,"H",31.4,1899-12-30 19:04:00,"RW",29.2,1899-12-30 18:09:00,"RW",15.3,NA,"RY/ME","RFR"
"194","35H",35,"000724EE79","2023.01.22","G35","2",1899-12-30 15:13:00,"GHI","2down",11.3,"RM",NA,15,"UniqueID2",8,"8917419","Sordahl","F","2023.01.21","2023.01.24","Water_faucet",4,"H",31.4,1899-12-30 19:04:00,"RW",29.2,1899-12-30 18:09:00,"RW",15.3,NA,"RY/ME","RFR"
"195","35H",35,"000724EE79","2023.01.22","G31","2",1899-12-30 13:11:00,"GHI","4down",11.55,"RW",NA,11,"UniqueID2",6,"8917419","Sordahl","F","2023.01.21","2023.01.24","Water_faucet",4,"H",31.4,1899-12-30 19:04:00,"RW",29.2,1899-12-30 18:09:00,"RW",15.3,NA,"RY/ME","RFR"
"196","35H",35,"000724EE79","2023.01.22","G33","2",1899-12-30 14:10:00,"GHI","6down",11.95,"RM",NA,13,"UniqueID2",7,"8917419","Sordahl","F","2023.01.21","2023.01.24","Water_faucet",4,"H",31.4,1899-12-30 19:04:00,"RW",29.2,1899-12-30 18:09:00,"RW",15.3,NA,"RY/ME","RFR"
"197","35H",35,"000724EE79","2023.01.22","G27","2",1899-12-30 11:10:00,"GHI","1up",11.45,"RM",NA,7,"UniqueID2",4,"8917419","Sordahl","F","2023.01.21","2023.01.24","Water_faucet",4,"H",31.4,1899-12-30 19:04:00,"RW",29.2,1899-12-30 18:09:00,"RW",15.3,NA,"RY/ME","RFR"
"198","35H",35,"000724EE79","2023.01.22","G29","2",1899-12-30 12:10:00,"GHI","3up",11.95,"SL",NA,9,"UniqueID2",5,"8917419","Sordahl","F","2023.01.21","2023.01.24","Water_faucet",4,"H",31.4,1899-12-30 19:04:00,"RW",29.2,1899-12-30 18:09:00,"RW",15.3,NA,"RY/ME","RFR"
"199","35H",35,"000724EE79","2023.01.22","G21","2",1899-12-30 08:10:00,"GHI","4up",11.75,"RM",NA,1,"UniqueID2",1,"8917419","Sordahl","F","2023.01.21","2023.01.24","Water_faucet",4,"H",31.4,1899-12-30 19:04:00,"RW",29.2,1899-12-30 18:09:00,"RW",15.3,NA,"RY/ME","RFR"
"200","35H",35,"000724EE79","2023.01.22","G25","2",1899-12-30 10:10:00,"GHI","4up",11.7,"SL",NA,5,"UniqueID2",3,"8917419","Sordahl","F","2023.01.21","2023.01.24","Water_faucet",4,"H",31.4,1899-12-30 19:04:00,"RW",29.2,1899-12-30 18:09:00,"RW",15.3,NA,"RY/ME","RFR"
"201","35I",35,"000724DDBC","2023.01.22","G37","2",1899-12-30 16:10:00,"GHI","1down",12,"RM",NA,17,"UniqueID3",9,"8917481","Sordahl","M","2023.01.21","2023.01.24","Lemur",4,"I",28.6,1899-12-30 19:08:00,"RW",27.2,1899-12-30 17:55:00,"RW",16.5,"16.6 second hemo measure","ME/RSW","RFY"
"202","35I",35,"000724DDBC","2023.01.22","G31","2",1899-12-30 13:11:00,"GHI","4down",11.55,"RW",NA,11,"UniqueID3",6,"8917481","Sordahl","M","2023.01.21","2023.01.24","Lemur",4,"I",28.6,1899-12-30 19:08:00,"RW",27.2,1899-12-30 17:55:00,"RW",16.5,"16.6 second hemo measure","ME/RSW","RFY"
"203","35I",35,"000724DDBC","2023.01.22","G27","2",1899-12-30 11:10:00,"GHI","1up",11.45,"RM",NA,7,"UniqueID3",4,"8917481","Sordahl","M","2023.01.21","2023.01.24","Lemur",4,"I",28.6,1899-12-30 19:08:00,"RW",27.2,1899-12-30 17:55:00,"RW",16.5,"16.6 second hemo measure","ME/RSW","RFY"
"204","35I",35,"000724DDBC","2023.01.22","G29","2",1899-12-30 12:10:00,"GHI","3up",11.95,"SL",NA,9,"UniqueID3",5,"8917481","Sordahl","M","2023.01.21","2023.01.24","Lemur",4,"I",28.6,1899-12-30 19:08:00,"RW",27.2,1899-12-30 17:55:00,"RW",16.5,"16.6 second hemo measure","ME/RSW","RFY"
"205","35I",35,"000724DDBC","2023.01.22","G39","2",1899-12-30 17:10:00,"GHI","6up",11.3,"SL",NA,19,"UniqueID3",10,"8917481","Sordahl","M","2023.01.21","2023.01.24","Lemur",4,"I",28.6,1899-12-30 19:08:00,"RW",27.2,1899-12-30 17:55:00,"RW",16.5,"16.6 second hemo measure","ME/RSW","RFY"
"206","35I",35,"000724DDBC","2023.01.22","G25","2",1899-12-30 10:10:00,"GHI","4up",11.7,"SL",NA,5,"UniqueID3",3,"8917481","Sordahl","M","2023.01.21","2023.01.24","Lemur",4,"I",28.6,1899-12-30 19:08:00,"RW",27.2,1899-12-30 17:55:00,"RW",16.5,"16.6 second hemo measure","ME/RSW","RFY"
"207","35I",35,"000724DDBC","2023.01.22","G21","2",1899-12-30 08:10:00,"GHI","4up",11.75,"RM",NA,1,"UniqueID3",1,"8917481","Sordahl","M","2023.01.21","2023.01.24","Lemur",4,"I",28.6,1899-12-30 19:08:00,"RW",27.2,1899-12-30 17:55:00,"RW",16.5,"16.6 second hemo measure","ME/RSW","RFY"
"208","35I",35,"000724DDBC","2023.01.22","G23","2",1899-12-30 09:11:00,"GHI","6down",11.9,"SL",NA,3,"UniqueID3",2,"8917481","Sordahl","M","2023.01.21","2023.01.24","Lemur",4,"I",28.6,1899-12-30 19:08:00,"RW",27.2,1899-12-30 17:55:00,"RW",16.5,"16.6 second hemo measure","ME/RSW","RFY"
"209","35I",35,"000724DDBC","2023.01.22","G35","2",1899-12-30 15:13:00,"GHI","2down",11.3,"RM",NA,15,"UniqueID3",8,"8917481","Sordahl","M","2023.01.21","2023.01.24","Lemur",4,"I",28.6,1899-12-30 19:08:00,"RW",27.2,1899-12-30 17:55:00,"RW",16.5,"16.6 second hemo measure","ME/RSW","RFY"
"210","35I",35,"000724DDBC","2023.01.22","G33","2",1899-12-30 14:10:00,"GHI","6down",11.95,"RM",NA,13,"UniqueID3",7,"8917481","Sordahl","M","2023.01.21","2023.01.24","Lemur",4,"I",28.6,1899-12-30 19:08:00,"RW",27.2,1899-12-30 17:55:00,"RW",16.5,"16.6 second hemo measure","ME/RSW","RFY"
"211","35J",35,"000724E4F9","2023.01.22","G21","1",1899-12-30 08:10:00,"JKL","6up",11.25,"SL","G & E escaped",1,"UniqueID1",1,"8P31107","Sordahl","F","2023.01.21","2023.01.24","Ghost",4,"J",29.2,1899-12-30 19:10:00,"RM",27.6,1899-12-30 17:48:00,"RW",12.1,NA,"ME/GR","RFR"
"212","35J",35,"000724E4F9","2023.01.22","G31","1",1899-12-30 13:11:00,"JKL","6up",10.95,"RM",NA,11,"UniqueID1",6,"8P31107","Sordahl","F","2023.01.21","2023.01.24","Ghost",4,"J",29.2,1899-12-30 19:10:00,"RM",27.6,1899-12-30 17:48:00,"RW",12.1,NA,"ME/GR","RFR"
"213","35J",35,"000724E4F9","2023.01.22","G37","1",1899-12-30 16:10:00,"JKL","5up",9.95,"SL",NA,17,"UniqueID1",9,"8P31107","Sordahl","F","2023.01.21","2023.01.24","Ghost",4,"J",29.2,1899-12-30 19:10:00,"RM",27.6,1899-12-30 17:48:00,"RW",12.1,NA,"ME/GR","RFR"
"214","35J",35,"000724E4F9","2023.01.22","G27","1",1899-12-30 11:10:00,"JKL","5up",11.95,"SL",NA,7,"UniqueID1",4,"8P31107","Sordahl","F","2023.01.21","2023.01.24","Ghost",4,"J",29.2,1899-12-30 19:10:00,"RM",27.6,1899-12-30 17:48:00,"RW",12.1,NA,"ME/GR","RFR"
"215","35J",35,"000724E4F9","2023.01.22","G39","1",1899-12-30 17:10:00,"JKL","1down",8.7,"RM",NA,19,"UniqueID1",10,"8P31107","Sordahl","F","2023.01.21","2023.01.24","Ghost",4,"J",29.2,1899-12-30 19:10:00,"RM",27.6,1899-12-30 17:48:00,"RW",12.1,NA,"ME/GR","RFR"
"216","35J",35,"000724E4F9","2023.01.22","G25","1",1899-12-30 10:10:00,"JKL","4up",12,"RM",NA,5,"UniqueID1",3,"8P31107","Sordahl","F","2023.01.21","2023.01.24","Ghost",4,"J",29.2,1899-12-30 19:10:00,"RM",27.6,1899-12-30 17:48:00,"RW",12.1,NA,"ME/GR","RFR"
"217","35J",35,"000724E4F9","2023.01.22","G23","1",1899-12-30 09:11:00,"JKL","2down",10.45,"RM",NA,3,"UniqueID1",2,"8P31107","Sordahl","F","2023.01.21","2023.01.24","Ghost",4,"J",29.2,1899-12-30 19:10:00,"RM",27.6,1899-12-30 17:48:00,"RW",12.1,NA,"ME/GR","RFR"
"218","35J",35,"000724E4F9","2023.01.22","G33","1",1899-12-30 14:10:00,"JKL","5down",8.15,"SL",NA,13,"UniqueID1",7,"8P31107","Sordahl","F","2023.01.21","2023.01.24","Ghost",4,"J",29.2,1899-12-30 19:10:00,"RM",27.6,1899-12-30 17:48:00,"RW",12.1,NA,"ME/GR","RFR"
"219","35J",35,"000724E4F9","2023.01.22","G35","1",1899-12-30 15:13:00,"JKL","5down",10.9,"SL",NA,15,"UniqueID1",8,"8P31107","Sordahl","F","2023.01.21","2023.01.24","Ghost",4,"J",29.2,1899-12-30 19:10:00,"RM",27.6,1899-12-30 17:48:00,"RW",12.1,NA,"ME/GR","RFR"
"220","35J",35,"000724E4F9","2023.01.22","G29","1",1899-12-30 12:10:00,"JKL","6down",9.95,"RM",NA,9,"UniqueID1",5,"8P31107","Sordahl","F","2023.01.21","2023.01.24","Ghost",4,"J",29.2,1899-12-30 19:10:00,"RM",27.6,1899-12-30 17:48:00,"RW",12.1,NA,"ME/GR","RFR"
"221","35K",35,"000724D2AE","2023.01.22","G23","1",1899-12-30 09:11:00,"JKL","2down",10.45,"RM",NA,3,"UniqueID2",2,"8P31097","Sordahl","M","2023.01.21","2023.01.24","J",4,"K",31.2,1899-12-30 19:13:00,"RM",29.3,1899-12-30 17:25:00,"SL",17.9,NA,"RFMB","ME/LI"
"222","35K",35,"000724D2AE","2023.01.22","G29","1",1899-12-30 12:10:00,"JKL","6down",9.95,"RM",NA,9,"UniqueID2",5,"8P31097","Sordahl","M","2023.01.21","2023.01.24","J",4,"K",31.2,1899-12-30 19:13:00,"RM",29.3,1899-12-30 17:25:00,"SL",17.9,NA,"RFMB","ME/LI"
"223","35K",35,"000724D2AE","2023.01.22","G21","1",1899-12-30 08:10:00,"JKL","6up",11.25,"SL","G & E escaped",1,"UniqueID2",1,"8P31097","Sordahl","M","2023.01.21","2023.01.24","J",4,"K",31.2,1899-12-30 19:13:00,"RM",29.3,1899-12-30 17:25:00,"SL",17.9,NA,"RFMB","ME/LI"
"224","35K",35,"000724D2AE","2023.01.22","G25","1",1899-12-30 10:10:00,"JKL","4up",12,"RM",NA,5,"UniqueID2",3,"8P31097","Sordahl","M","2023.01.21","2023.01.24","J",4,"K",31.2,1899-12-30 19:13:00,"RM",29.3,1899-12-30 17:25:00,"SL",17.9,NA,"RFMB","ME/LI"
"225","35K",35,"000724D2AE","2023.01.22","G35","1",1899-12-30 15:13:00,"JKL","5down",10.9,"SL",NA,15,"UniqueID2",8,"8P31097","Sordahl","M","2023.01.21","2023.01.24","J",4,"K",31.2,1899-12-30 19:13:00,"RM",29.3,1899-12-30 17:25:00,"SL",17.9,NA,"RFMB","ME/LI"
"226","35K",35,"000724D2AE","2023.01.22","G27","1",1899-12-30 11:10:00,"JKL","5up",11.95,"SL",NA,7,"UniqueID2",4,"8P31097","Sordahl","M","2023.01.21","2023.01.24","J",4,"K",31.2,1899-12-30 19:13:00,"RM",29.3,1899-12-30 17:25:00,"SL",17.9,NA,"RFMB","ME/LI"
"227","35K",35,"000724D2AE","2023.01.22","G33","1",1899-12-30 14:10:00,"JKL","5down",8.15,"SL",NA,13,"UniqueID2",7,"8P31097","Sordahl","M","2023.01.21","2023.01.24","J",4,"K",31.2,1899-12-30 19:13:00,"RM",29.3,1899-12-30 17:25:00,"SL",17.9,NA,"RFMB","ME/LI"
"228","35K",35,"000724D2AE","2023.01.22","G31","1",1899-12-30 13:11:00,"JKL","6up",10.95,"RM",NA,11,"UniqueID2",6,"8P31097","Sordahl","M","2023.01.21","2023.01.24","J",4,"K",31.2,1899-12-30 19:13:00,"RM",29.3,1899-12-30 17:25:00,"SL",17.9,NA,"RFMB","ME/LI"
"229","35K",35,"000724D2AE","2023.01.22","G39","1",1899-12-30 17:10:00,"JKL","1down",8.7,"RM",NA,19,"UniqueID2",10,"8P31097","Sordahl","M","2023.01.21","2023.01.24","J",4,"K",31.2,1899-12-30 19:13:00,"RM",29.3,1899-12-30 17:25:00,"SL",17.9,NA,"RFMB","ME/LI"
"230","35K",35,"000724D2AE","2023.01.22","G37","1",1899-12-30 16:10:00,"JKL","5up",9.95,"SL",NA,17,"UniqueID2",9,"8P31097","Sordahl","M","2023.01.21","2023.01.24","J",4,"K",31.2,1899-12-30 19:13:00,"RM",29.3,1899-12-30 17:25:00,"SL",17.9,NA,"RFMB","ME/LI"
"231","35L",35,"00072508EE","2023.01.22","G39","1",1899-12-30 17:10:00,"JKL","1down",8.7,"RM",NA,19,"UniqueID3",10,"8P14936","Sordahl","F","2023.01.21","2023.01.24","Yoga",4,"L",29,1899-12-30 19:15:00,"RM",26.4,1899-12-30 18:18:00,"RW",17.1,NA,"MB/ME","RFY"
"232","35L",35,"00072508EE","2023.01.22","G33","1",1899-12-30 14:10:00,"JKL","5down",8.15,"SL",NA,13,"UniqueID3",7,"8P14936","Sordahl","F","2023.01.21","2023.01.24","Yoga",4,"L",29,1899-12-30 19:15:00,"RM",26.4,1899-12-30 18:18:00,"RW",17.1,NA,"MB/ME","RFY"
"233","35L",35,"00072508EE","2023.01.22","G27","1",1899-12-30 11:10:00,"JKL","5up",11.95,"SL",NA,7,"UniqueID3",4,"8P14936","Sordahl","F","2023.01.21","2023.01.24","Yoga",4,"L",29,1899-12-30 19:15:00,"RM",26.4,1899-12-30 18:18:00,"RW",17.1,NA,"MB/ME","RFY"
"234","35L",35,"00072508EE","2023.01.22","G23","1",1899-12-30 09:11:00,"JKL","2down",10.45,"RM",NA,3,"UniqueID3",2,"8P14936","Sordahl","F","2023.01.21","2023.01.24","Yoga",4,"L",29,1899-12-30 19:15:00,"RM",26.4,1899-12-30 18:18:00,"RW",17.1,NA,"MB/ME","RFY"
"235","35L",35,"00072508EE","2023.01.22","G35","1",1899-12-30 15:13:00,"JKL","5down",10.9,"SL",NA,15,"UniqueID3",8,"8P14936","Sordahl","F","2023.01.21","2023.01.24","Yoga",4,"L",29,1899-12-30 19:15:00,"RM",26.4,1899-12-30 18:18:00,"RW",17.1,NA,"MB/ME","RFY"
"236","35L",35,"00072508EE","2023.01.22","G29","1",1899-12-30 12:10:00,"JKL","6down",9.95,"RM",NA,9,"UniqueID3",5,"8P14936","Sordahl","F","2023.01.21","2023.01.24","Yoga",4,"L",29,1899-12-30 19:15:00,"RM",26.4,1899-12-30 18:18:00,"RW",17.1,NA,"MB/ME","RFY"
"237","35L",35,"00072508EE","2023.01.22","G31","1",1899-12-30 13:11:00,"JKL","6up",10.95,"RM",NA,11,"UniqueID3",6,"8P14936","Sordahl","F","2023.01.21","2023.01.24","Yoga",4,"L",29,1899-12-30 19:15:00,"RM",26.4,1899-12-30 18:18:00,"RW",17.1,NA,"MB/ME","RFY"
"238","35L",35,"00072508EE","2023.01.22","G37","1",1899-12-30 16:10:00,"JKL","5up",9.95,"SL",NA,17,"UniqueID3",9,"8P14936","Sordahl","F","2023.01.21","2023.01.24","Yoga",4,"L",29,1899-12-30 19:15:00,"RM",26.4,1899-12-30 18:18:00,"RW",17.1,NA,"MB/ME","RFY"
"239","35L",35,"00072508EE","2023.01.22","G25","1",1899-12-30 10:10:00,"JKL","4up",12,"RM",NA,5,"UniqueID3",3,"8P14936","Sordahl","F","2023.01.21","2023.01.24","Yoga",4,"L",29,1899-12-30 19:15:00,"RM",26.4,1899-12-30 18:18:00,"RW",17.1,NA,"MB/ME","RFY"
"240","35L",35,"00072508EE","2023.01.22","G21","1",1899-12-30 08:10:00,"JKL","6up",11.25,"SL","G & E escaped",1,"UniqueID3",1,"8P14936","Sordahl","F","2023.01.21","2023.01.24","Yoga",4,"L",29,1899-12-30 19:15:00,"RM",26.4,1899-12-30 18:18:00,"RW",17.1,NA,"MB/ME","RFY"
"241","42A",42,"000724B6DB","2023.02.06","G49","2",1899-12-30 12:00:00,"ABC","6up",12,"RW",NA,9,"UniqueID1",5,"8P26918","Ranes","M","2023.02.03","2023.02.06","Footballer",1,"A",34.8,1899-12-30 17:07:00,"RW",31.8,1899-12-30 18:22:00,"CdG",17.8,NA,"ME/LI","RFRS"
"242","42A",42,"000724B6DB","2023.02.06","G45","2",1899-12-30 09:59:00,"ABC","4up",11.25,"RW",NA,5,"UniqueID1",3,"8P26918","Ranes","M","2023.02.03","2023.02.06","Footballer",1,"A",34.8,1899-12-30 17:07:00,"RW",31.8,1899-12-30 18:22:00,"CdG",17.8,NA,"ME/LI","RFRS"
"243","42A",42,"000724B6DB","2023.02.06","G59","2",1899-12-30 17:00:00,"ABC","1down",9.9,"RW",NA,19,"UniqueID1",10,"8P26918","Ranes","M","2023.02.03","2023.02.06","Footballer",1,"A",34.8,1899-12-30 17:07:00,"RW",31.8,1899-12-30 18:22:00,"CdG",17.8,NA,"ME/LI","RFRS"
"244","42A",42,"000724B6DB","2023.02.06","G51","2",1899-12-30 13:01:00,"ABC","6down",11.55,"RM",NA,11,"UniqueID1",6,"8P26918","Ranes","M","2023.02.03","2023.02.06","Footballer",1,"A",34.8,1899-12-30 17:07:00,"RW",31.8,1899-12-30 18:22:00,"CdG",17.8,NA,"ME/LI","RFRS"
"245","42A",42,"000724B6DB","2023.02.06","G55","2",1899-12-30 15:00:00,"ABC","4down",11.15,"RW",NA,15,"UniqueID1",8,"8P26918","Ranes","M","2023.02.03","2023.02.06","Footballer",1,"A",34.8,1899-12-30 17:07:00,"RW",31.8,1899-12-30 18:22:00,"CdG",17.8,NA,"ME/LI","RFRS"
"246","42A",42,"000724B6DB","2023.02.06","G53","2",1899-12-30 14:00:00,"ABC","3down",11.95,"SA",NA,13,"UniqueID1",7,"8P26918","Ranes","M","2023.02.03","2023.02.06","Footballer",1,"A",34.8,1899-12-30 17:07:00,"RW",31.8,1899-12-30 18:22:00,"CdG",17.8,NA,"ME/LI","RFRS"
"247","42A",42,"000724B6DB","2023.02.06","G41","2",1899-12-30 08:02:00,"ABC","1up",12,"CdG",NA,1,"UniqueID1",1,"8P26918","Ranes","M","2023.02.03","2023.02.06","Footballer",1,"A",34.8,1899-12-30 17:07:00,"RW",31.8,1899-12-30 18:22:00,"CdG",17.8,NA,"ME/LI","RFRS"
"248","42A",42,"000724B6DB","2023.02.06","G57","2",1899-12-30 15:59:00,"ABC","5down",9.75,"RW",NA,17,"UniqueID1",9,"8P26918","Ranes","M","2023.02.03","2023.02.06","Footballer",1,"A",34.8,1899-12-30 17:07:00,"RW",31.8,1899-12-30 18:22:00,"CdG",17.8,NA,"ME/LI","RFRS"
"249","42A",42,"000724B6DB","2023.02.06","G43","2",1899-12-30 09:00:00,"ABC","5up",12,"RW",NA,3,"UniqueID1",2,"8P26918","Ranes","M","2023.02.03","2023.02.06","Footballer",1,"A",34.8,1899-12-30 17:07:00,"RW",31.8,1899-12-30 18:22:00,"CdG",17.8,NA,"ME/LI","RFRS"
"250","42A",42,"000724B6DB","2023.02.06","G47","2",1899-12-30 10:59:00,"ABC","5down",9.9,"RM",NA,7,"UniqueID1",4,"8P26918","Ranes","M","2023.02.03","2023.02.06","Footballer",1,"A",34.8,1899-12-30 17:07:00,"RW",31.8,1899-12-30 18:22:00,"CdG",17.8,NA,"ME/LI","RFRS"
"251","42B",42,"000724CB56","2023.02.06","G51","2",1899-12-30 13:01:00,"ABC","6down",11.55,"RM",NA,11,"UniqueID2",6,"8917497","Ranes","M","2023.02.03","2023.02.06","Ghost",1,"B",31.9,1899-12-30 17:09:00,"RW",27.3,1899-12-30 17:42:00,"RW",13.2,NA,"RFRS","ME/RSW"
"252","42B",42,"000724CB56","2023.02.06","G53","2",1899-12-30 14:00:00,"ABC","3down",11.95,"SA",NA,13,"UniqueID2",7,"8917497","Ranes","M","2023.02.03","2023.02.06","Ghost",1,"B",31.9,1899-12-30 17:09:00,"RW",27.3,1899-12-30 17:42:00,"RW",13.2,NA,"RFRS","ME/RSW"
"253","42B",42,"000724CB56","2023.02.06","G49","2",1899-12-30 12:00:00,"ABC","6up",12,"RW",NA,9,"UniqueID2",5,"8917497","Ranes","M","2023.02.03","2023.02.06","Ghost",1,"B",31.9,1899-12-30 17:09:00,"RW",27.3,1899-12-30 17:42:00,"RW",13.2,NA,"RFRS","ME/RSW"
"254","42B",42,"000724CB56","2023.02.06","G45","2",1899-12-30 09:59:00,"ABC","4up",11.25,"RW",NA,5,"UniqueID2",3,"8917497","Ranes","M","2023.02.03","2023.02.06","Ghost",1,"B",31.9,1899-12-30 17:09:00,"RW",27.3,1899-12-30 17:42:00,"RW",13.2,NA,"RFRS","ME/RSW"
"255","42B",42,"000724CB56","2023.02.06","G47","2",1899-12-30 10:59:00,"ABC","5down",9.9,"RM",NA,7,"UniqueID2",4,"8917497","Ranes","M","2023.02.03","2023.02.06","Ghost",1,"B",31.9,1899-12-30 17:09:00,"RW",27.3,1899-12-30 17:42:00,"RW",13.2,NA,"RFRS","ME/RSW"
"256","42B",42,"000724CB56","2023.02.06","G59","2",1899-12-30 17:00:00,"ABC","1down",9.9,"RW",NA,19,"UniqueID2",10,"8917497","Ranes","M","2023.02.03","2023.02.06","Ghost",1,"B",31.9,1899-12-30 17:09:00,"RW",27.3,1899-12-30 17:42:00,"RW",13.2,NA,"RFRS","ME/RSW"
"257","42B",42,"000724CB56","2023.02.06","G41","2",1899-12-30 08:02:00,"ABC","1up",12,"CdG",NA,1,"UniqueID2",1,"8917497","Ranes","M","2023.02.03","2023.02.06","Ghost",1,"B",31.9,1899-12-30 17:09:00,"RW",27.3,1899-12-30 17:42:00,"RW",13.2,NA,"RFRS","ME/RSW"
"258","42B",42,"000724CB56","2023.02.06","G55","2",1899-12-30 15:00:00,"ABC","4down",11.15,"RW",NA,15,"UniqueID2",8,"8917497","Ranes","M","2023.02.03","2023.02.06","Ghost",1,"B",31.9,1899-12-30 17:09:00,"RW",27.3,1899-12-30 17:42:00,"RW",13.2,NA,"RFRS","ME/RSW"
"259","42B",42,"000724CB56","2023.02.06","G43","2",1899-12-30 09:00:00,"ABC","5up",12,"RW",NA,3,"UniqueID2",2,"8917497","Ranes","M","2023.02.03","2023.02.06","Ghost",1,"B",31.9,1899-12-30 17:09:00,"RW",27.3,1899-12-30 17:42:00,"RW",13.2,NA,"RFRS","ME/RSW"
"260","42B",42,"000724CB56","2023.02.06","G57","2",1899-12-30 15:59:00,"ABC","5down",9.75,"RW",NA,17,"UniqueID2",9,"8917497","Ranes","M","2023.02.03","2023.02.06","Ghost",1,"B",31.9,1899-12-30 17:09:00,"RW",27.3,1899-12-30 17:42:00,"RW",13.2,NA,"RFRS","ME/RSW"
"261","42C",42,"000724C0B5","2023.02.06","G41","2",1899-12-30 08:02:00,"ABC","1up",12,"CdG",NA,1,"UniqueID3",1,"8P15000","Ranes","M","2023.02.03","2023.02.06","Yoga",1,"C",33.4,1899-12-30 17:11:00,"RM",28.6,1899-12-30 18:00:00,"CdG",17,NA,"RFO","Y/ME"
"262","42C",42,"000724C0B5","2023.02.06","G47","2",1899-12-30 10:59:00,"ABC","5down",9.9,"RM",NA,7,"UniqueID3",4,"8P15000","Ranes","M","2023.02.03","2023.02.06","Yoga",1,"C",33.4,1899-12-30 17:11:00,"RM",28.6,1899-12-30 18:00:00,"CdG",17,NA,"RFO","Y/ME"
"263","42C",42,"000724C0B5","2023.02.06","G43","2",1899-12-30 09:00:00,"ABC","5up",12,"RW",NA,3,"UniqueID3",2,"8P15000","Ranes","M","2023.02.03","2023.02.06","Yoga",1,"C",33.4,1899-12-30 17:11:00,"RM",28.6,1899-12-30 18:00:00,"CdG",17,NA,"RFO","Y/ME"
"264","42C",42,"000724C0B5","2023.02.06","G51","2",1899-12-30 13:01:00,"ABC","6down",11.55,"RM",NA,11,"UniqueID3",6,"8P15000","Ranes","M","2023.02.03","2023.02.06","Yoga",1,"C",33.4,1899-12-30 17:11:00,"RM",28.6,1899-12-30 18:00:00,"CdG",17,NA,"RFO","Y/ME"
"265","42C",42,"000724C0B5","2023.02.06","G49","2",1899-12-30 12:00:00,"ABC","6up",12,"RW",NA,9,"UniqueID3",5,"8P15000","Ranes","M","2023.02.03","2023.02.06","Yoga",1,"C",33.4,1899-12-30 17:11:00,"RM",28.6,1899-12-30 18:00:00,"CdG",17,NA,"RFO","Y/ME"
"266","42C",42,"000724C0B5","2023.02.06","G55","2",1899-12-30 15:00:00,"ABC","4down",11.15,"RW",NA,15,"UniqueID3",8,"8P15000","Ranes","M","2023.02.03","2023.02.06","Yoga",1,"C",33.4,1899-12-30 17:11:00,"RM",28.6,1899-12-30 18:00:00,"CdG",17,NA,"RFO","Y/ME"
"267","42C",42,"000724C0B5","2023.02.06","G45","2",1899-12-30 09:59:00,"ABC","4up",11.25,"RW",NA,5,"UniqueID3",3,"8P15000","Ranes","M","2023.02.03","2023.02.06","Yoga",1,"C",33.4,1899-12-30 17:11:00,"RM",28.6,1899-12-30 18:00:00,"CdG",17,NA,"RFO","Y/ME"
"268","42C",42,"000724C0B5","2023.02.06","G59","2",1899-12-30 17:00:00,"ABC","1down",9.9,"RW",NA,19,"UniqueID3",10,"8P15000","Ranes","M","2023.02.03","2023.02.06","Yoga",1,"C",33.4,1899-12-30 17:11:00,"RM",28.6,1899-12-30 18:00:00,"CdG",17,NA,"RFO","Y/ME"
"269","42C",42,"000724C0B5","2023.02.06","G57","2",1899-12-30 15:59:00,"ABC","5down",9.75,"RW",NA,17,"UniqueID3",9,"8P15000","Ranes","M","2023.02.03","2023.02.06","Yoga",1,"C",33.4,1899-12-30 17:11:00,"RM",28.6,1899-12-30 18:00:00,"CdG",17,NA,"RFO","Y/ME"
"270","42C",42,"000724C0B5","2023.02.06","G53","2",1899-12-30 14:00:00,"ABC","3down",11.95,"SA",NA,13,"UniqueID3",7,"8P15000","Ranes","M","2023.02.03","2023.02.06","Yoga",1,"C",33.4,1899-12-30 17:11:00,"RM",28.6,1899-12-30 18:00:00,"CdG",17,NA,"RFO","Y/ME"
"271","42D",42,"000724D2B0","2023.02.06","G51","1",1899-12-30 13:01:00,"DEF","6down",9.65,"SA",NA,11,"UniqueID1",6,"8P14343","Ranes","M","2023.02.03","2023.02.06","Lemur",1,"D",32,1899-12-30 17:14:00,"RM",29,1899-12-30 18:12:00,"CdG",16.5,NA,"RFRS","ME/W"
"272","42D",42,"000724D2B0","2023.02.06","G41","1",1899-12-30 08:02:00,"DEF","2up",9.6,"RM","Reader 180 detached",1,"UniqueID1",1,"8P14343","Ranes","M","2023.02.03","2023.02.06","Lemur",1,"D",32,1899-12-30 17:14:00,"RM",29,1899-12-30 18:12:00,"CdG",16.5,NA,"RFRS","ME/W"
"273","42D",42,"000724D2B0","2023.02.06","G47","1",1899-12-30 10:59:00,"DEF","5up",11.25,"RW",NA,7,"UniqueID1",4,"8P14343","Ranes","M","2023.02.03","2023.02.06","Lemur",1,"D",32,1899-12-30 17:14:00,"RM",29,1899-12-30 18:12:00,"CdG",16.5,NA,"RFRS","ME/W"
"274","42D",42,"000724D2B0","2023.02.06","G45","1",1899-12-30 09:59:00,"DEF","3up",10.1,"CdG",NA,5,"UniqueID1",3,"8P14343","Ranes","M","2023.02.03","2023.02.06","Lemur",1,"D",32,1899-12-30 17:14:00,"RM",29,1899-12-30 18:12:00,"CdG",16.5,NA,"RFRS","ME/W"
"275","42D",42,"000724D2B0","2023.02.06","G53","1",1899-12-30 14:00:00,"DEF","2down",9.25,"RW",NA,13,"UniqueID1",7,"8P14343","Ranes","M","2023.02.03","2023.02.06","Lemur",1,"D",32,1899-12-30 17:14:00,"RM",29,1899-12-30 18:12:00,"CdG",16.5,NA,"RFRS","ME/W"
"276","42D",42,"000724D2B0","2023.02.06","G59","1",1899-12-30 17:00:00,"DEF","2up",11.1,"RM",NA,19,"UniqueID1",10,"8P14343","Ranes","M","2023.02.03","2023.02.06","Lemur",1,"D",32,1899-12-30 17:14:00,"RM",29,1899-12-30 18:12:00,"CdG",16.5,NA,"RFRS","ME/W"
"277","42D",42,"000724D2B0","2023.02.06","G55","1",1899-12-30 15:00:00,"DEF","5down",10.5,"RM",NA,15,"UniqueID1",8,"8P14343","Ranes","M","2023.02.03","2023.02.06","Lemur",1,"D",32,1899-12-30 17:14:00,"RM",29,1899-12-30 18:12:00,"CdG",16.5,NA,"RFRS","ME/W"
"278","42D",42,"000724D2B0","2023.02.06","G57","1",1899-12-30 15:59:00,"DEF","6down",10.05,"RM",NA,17,"UniqueID1",9,"8P14343","Ranes","M","2023.02.03","2023.02.06","Lemur",1,"D",32,1899-12-30 17:14:00,"RM",29,1899-12-30 18:12:00,"CdG",16.5,NA,"RFRS","ME/W"
"279","42D",42,"000724D2B0","2023.02.06","G49","1",1899-12-30 12:00:00,"DEF","6down",9.6,"RM",NA,9,"UniqueID1",5,"8P14343","Ranes","M","2023.02.03","2023.02.06","Lemur",1,"D",32,1899-12-30 17:14:00,"RM",29,1899-12-30 18:12:00,"CdG",16.5,NA,"RFRS","ME/W"
"280","42D",42,"000724D2B0","2023.02.06","G43","1",1899-12-30 09:00:00,"DEF","1down",8.6,"CdG","RFID data for F2 missing",3,"UniqueID1",2,"8P14343","Ranes","M","2023.02.03","2023.02.06","Lemur",1,"D",32,1899-12-30 17:14:00,"RM",29,1899-12-30 18:12:00,"CdG",16.5,NA,"RFRS","ME/W"
"281","42E",42,"000724EB89","2023.02.06","G41","1",1899-12-30 08:02:00,"DEF","2up",9.6,"RM","Reader 180 detached",1,"UniqueID2",1,"8P14338","Ranes","M","2023.02.03","2023.02.06","J",1,"E",29.2,1899-12-30 17:17:00,"RM",27.2,1899-12-30 17:28:00,"RW",17.7,"Massive weight loss","ME/RS","RFO"
"282","42E",42,"000724EB89","2023.02.06","G43","1",1899-12-30 09:00:00,"DEF","1down",8.6,"CdG","RFID data for F2 missing",3,"UniqueID2",2,"8P14338","Ranes","M","2023.02.03","2023.02.06","J",1,"E",29.2,1899-12-30 17:17:00,"RM",27.2,1899-12-30 17:28:00,"RW",17.7,"Massive weight loss","ME/RS","RFO"
"283","42E",42,"000724EB89","2023.02.06","G49","1",1899-12-30 12:00:00,"DEF","6down",9.6,"RM",NA,9,"UniqueID2",5,"8P14338","Ranes","M","2023.02.03","2023.02.06","J",1,"E",29.2,1899-12-30 17:17:00,"RM",27.2,1899-12-30 17:28:00,"RW",17.7,"Massive weight loss","ME/RS","RFO"
"284","42E",42,"000724EB89","2023.02.06","G51","1",1899-12-30 13:01:00,"DEF","6down",9.65,"SA",NA,11,"UniqueID2",6,"8P14338","Ranes","M","2023.02.03","2023.02.06","J",1,"E",29.2,1899-12-30 17:17:00,"RM",27.2,1899-12-30 17:28:00,"RW",17.7,"Massive weight loss","ME/RS","RFO"
"285","42E",42,"000724EB89","2023.02.06","G53","1",1899-12-30 14:00:00,"DEF","2down",9.25,"RW",NA,13,"UniqueID2",7,"8P14338","Ranes","M","2023.02.03","2023.02.06","J",1,"E",29.2,1899-12-30 17:17:00,"RM",27.2,1899-12-30 17:28:00,"RW",17.7,"Massive weight loss","ME/RS","RFO"
"286","42E",42,"000724EB89","2023.02.06","G45","1",1899-12-30 09:59:00,"DEF","3up",10.1,"CdG",NA,5,"UniqueID2",3,"8P14338","Ranes","M","2023.02.03","2023.02.06","J",1,"E",29.2,1899-12-30 17:17:00,"RM",27.2,1899-12-30 17:28:00,"RW",17.7,"Massive weight loss","ME/RS","RFO"
"287","42E",42,"000724EB89","2023.02.06","G47","1",1899-12-30 10:59:00,"DEF","5up",11.25,"RW",NA,7,"UniqueID2",4,"8P14338","Ranes","M","2023.02.03","2023.02.06","J",1,"E",29.2,1899-12-30 17:17:00,"RM",27.2,1899-12-30 17:28:00,"RW",17.7,"Massive weight loss","ME/RS","RFO"
"288","42E",42,"000724EB89","2023.02.06","G57","1",1899-12-30 15:59:00,"DEF","6down",10.05,"RM",NA,17,"UniqueID2",9,"8P14338","Ranes","M","2023.02.03","2023.02.06","J",1,"E",29.2,1899-12-30 17:17:00,"RM",27.2,1899-12-30 17:28:00,"RW",17.7,"Massive weight loss","ME/RS","RFO"
"289","42E",42,"000724EB89","2023.02.06","G59","1",1899-12-30 17:00:00,"DEF","2up",11.1,"RM",NA,19,"UniqueID2",10,"8P14338","Ranes","M","2023.02.03","2023.02.06","J",1,"E",29.2,1899-12-30 17:17:00,"RM",27.2,1899-12-30 17:28:00,"RW",17.7,"Massive weight loss","ME/RS","RFO"
"290","42E",42,"000724EB89","2023.02.06","G55","1",1899-12-30 15:00:00,"DEF","5down",10.5,"RM",NA,15,"UniqueID2",8,"8P14338","Ranes","M","2023.02.03","2023.02.06","J",1,"E",29.2,1899-12-30 17:17:00,"RM",27.2,1899-12-30 17:28:00,"RW",17.7,"Massive weight loss","ME/RS","RFO"
"291","42F",42,"000724D4E5","2023.02.06","G51","1",1899-12-30 13:01:00,"DEF","6down",9.65,"SA",NA,11,"UniqueID3",6,"8P14342","Ranes","F","2023.02.03","2023.02.06","Water_faucet",1,"F",32.4,1899-12-30 17:23:00,"RM",28.5,1899-12-30 17:49:00,"CdG",16.5,NA,"RFRS","ME/BL"
"292","42F",42,"000724D4E5","2023.02.06","G41","1",1899-12-30 08:02:00,"DEF","2up",9.6,"RM","Reader 180 detached",1,"UniqueID3",1,"8P14342","Ranes","F","2023.02.03","2023.02.06","Water_faucet",1,"F",32.4,1899-12-30 17:23:00,"RM",28.5,1899-12-30 17:49:00,"CdG",16.5,NA,"RFRS","ME/BL"
"293","42F",42,"000724D4E5","2023.02.06","G53","1",1899-12-30 14:00:00,"DEF","2down",9.25,"RW",NA,13,"UniqueID3",7,"8P14342","Ranes","F","2023.02.03","2023.02.06","Water_faucet",1,"F",32.4,1899-12-30 17:23:00,"RM",28.5,1899-12-30 17:49:00,"CdG",16.5,NA,"RFRS","ME/BL"
"294","42F",42,"000724D4E5","2023.02.06","G45","1",1899-12-30 09:59:00,"DEF","3up",10.1,"CdG",NA,5,"UniqueID3",3,"8P14342","Ranes","F","2023.02.03","2023.02.06","Water_faucet",1,"F",32.4,1899-12-30 17:23:00,"RM",28.5,1899-12-30 17:49:00,"CdG",16.5,NA,"RFRS","ME/BL"
"295","42F",42,"000724D4E5","2023.02.06","G49","1",1899-12-30 12:00:00,"DEF","6down",9.6,"RM",NA,9,"UniqueID3",5,"8P14342","Ranes","F","2023.02.03","2023.02.06","Water_faucet",1,"F",32.4,1899-12-30 17:23:00,"RM",28.5,1899-12-30 17:49:00,"CdG",16.5,NA,"RFRS","ME/BL"
"296","42F",42,"000724D4E5","2023.02.06","G43","1",1899-12-30 09:00:00,"DEF","1down",8.6,"CdG","RFID data for F2 missing",3,"UniqueID3",2,"8P14342","Ranes","F","2023.02.03","2023.02.06","Water_faucet",1,"F",32.4,1899-12-30 17:23:00,"RM",28.5,1899-12-30 17:49:00,"CdG",16.5,NA,"RFRS","ME/BL"
"297","42F",42,"000724D4E5","2023.02.06","G59","1",1899-12-30 17:00:00,"DEF","2up",11.1,"RM",NA,19,"UniqueID3",10,"8P14342","Ranes","F","2023.02.03","2023.02.06","Water_faucet",1,"F",32.4,1899-12-30 17:23:00,"RM",28.5,1899-12-30 17:49:00,"CdG",16.5,NA,"RFRS","ME/BL"
"298","42F",42,"000724D4E5","2023.02.06","G57","1",1899-12-30 15:59:00,"DEF","6down",10.05,"RM",NA,17,"UniqueID3",9,"8P14342","Ranes","F","2023.02.03","2023.02.06","Water_faucet",1,"F",32.4,1899-12-30 17:23:00,"RM",28.5,1899-12-30 17:49:00,"CdG",16.5,NA,"RFRS","ME/BL"
"299","42F",42,"000724D4E5","2023.02.06","G55","1",1899-12-30 15:00:00,"DEF","5down",10.5,"RM",NA,15,"UniqueID3",8,"8P14342","Ranes","F","2023.02.03","2023.02.06","Water_faucet",1,"F",32.4,1899-12-30 17:23:00,"RM",28.5,1899-12-30 17:49:00,"CdG",16.5,NA,"RFRS","ME/BL"
"300","42F",42,"000724D4E5","2023.02.06","G47","1",1899-12-30 10:59:00,"DEF","5up",11.25,"RW",NA,7,"UniqueID3",4,"8P14342","Ranes","F","2023.02.03","2023.02.06","Water_faucet",1,"F",32.4,1899-12-30 17:23:00,"RM",28.5,1899-12-30 17:49:00,"CdG",16.5,NA,"RFRS","ME/BL"
"301","43G",43,"000724D429","2023.02.06","G52","2",1899-12-30 13:30:00,"GHI","4down",11.25,"RW",NA,12,"UniqueID1",6,"8P14997","Ranes","M","2023.02.03","2023.02.06","Footballer",2,"G",31.2,1899-12-30 17:42:00,"SA",28.8,1899-12-30 19:14:00,"RM",17.2,NA,"RFY","R/ME"
"302","43G",43,"000724D429","2023.02.06","G42","2",1899-12-30 08:30:00,"GHI","2down",10.95,"RW",NA,2,"UniqueID1",1,"8P14997","Ranes","M","2023.02.03","2023.02.06","Footballer",2,"G",31.2,1899-12-30 17:42:00,"SA",28.8,1899-12-30 19:14:00,"RM",17.2,NA,"RFY","R/ME"
"303","43G",43,"000724D429","2023.02.06","G60","2",1899-12-30 17:31:00,"GHI","3up",8.85,"RM",NA,20,"UniqueID1",10,"8P14997","Ranes","M","2023.02.03","2023.02.06","Footballer",2,"G",31.2,1899-12-30 17:42:00,"SA",28.8,1899-12-30 19:14:00,"RM",17.2,NA,"RFY","R/ME"
"304","43G",43,"000724D429","2023.02.06","G54","2",1899-12-30 14:30:00,"GHI","1down",12,"RW",NA,14,"UniqueID1",7,"8P14997","Ranes","M","2023.02.03","2023.02.06","Footballer",2,"G",31.2,1899-12-30 17:42:00,"SA",28.8,1899-12-30 19:14:00,"RM",17.2,NA,"RFY","R/ME"
"305","43G",43,"000724D429","2023.02.06","G50","2",1899-12-30 12:32:00,"GHI","2up",11.6,"RM",NA,10,"UniqueID1",5,"8P14997","Ranes","M","2023.02.03","2023.02.06","Footballer",2,"G",31.2,1899-12-30 17:42:00,"SA",28.8,1899-12-30 19:14:00,"RM",17.2,NA,"RFY","R/ME"
"306","43G",43,"000724D429","2023.02.06","G46","2",1899-12-30 10:30:00,"GHI","4up",9.85,"CdG",NA,6,"UniqueID1",3,"8P14997","Ranes","M","2023.02.03","2023.02.06","Footballer",2,"G",31.2,1899-12-30 17:42:00,"SA",28.8,1899-12-30 19:14:00,"RM",17.2,NA,"RFY","R/ME"
"307","43G",43,"000724D429","2023.02.06","G56","2",1899-12-30 15:29:00,"GHI","3up",11.05,"RM",NA,16,"UniqueID1",8,"8P14997","Ranes","M","2023.02.03","2023.02.06","Footballer",2,"G",31.2,1899-12-30 17:42:00,"SA",28.8,1899-12-30 19:14:00,"RM",17.2,NA,"RFY","R/ME"
"308","43G",43,"000724D429","2023.02.06","G44","2",1899-12-30 09:32:00,"GHI","6up",10.2,"CdG",NA,4,"UniqueID1",2,"8P14997","Ranes","M","2023.02.03","2023.02.06","Footballer",2,"G",31.2,1899-12-30 17:42:00,"SA",28.8,1899-12-30 19:14:00,"RM",17.2,NA,"RFY","R/ME"
"309","43G",43,"000724D429","2023.02.06","G48","2",1899-12-30 11:30:00,"GHI","3up",11.05,"RW",NA,8,"UniqueID1",4,"8P14997","Ranes","M","2023.02.03","2023.02.06","Footballer",2,"G",31.2,1899-12-30 17:42:00,"SA",28.8,1899-12-30 19:14:00,"RM",17.2,NA,"RFY","R/ME"
"310","43G",43,"000724D429","2023.02.06","G58","2",1899-12-30 16:30:00,"GHI","6down",9.35,"RW",NA,18,"UniqueID1",9,"8P14997","Ranes","M","2023.02.03","2023.02.06","Footballer",2,"G",31.2,1899-12-30 17:42:00,"SA",28.8,1899-12-30 19:14:00,"RM",17.2,NA,"RFY","R/ME"
"311","43H",43,"00072501AB","2023.02.06","G50","2",1899-12-30 12:32:00,"GHI","2up",11.6,"RM",NA,10,"UniqueID2",5,"8P31061","Ranes","M","2023.02.03","2023.02.06","J",2,"H",32.5,1899-12-30 17:50:00,"RM",29,1899-12-30 18:48:00,"RM",19.7,"Escaped before Hemo sampling","RFMB","DG/ME"
"312","43H",43,"00072501AB","2023.02.06","G44","2",1899-12-30 09:32:00,"GHI","6up",10.2,"CdG",NA,4,"UniqueID2",2,"8P31061","Ranes","M","2023.02.03","2023.02.06","J",2,"H",32.5,1899-12-30 17:50:00,"RM",29,1899-12-30 18:48:00,"RM",19.7,"Escaped before Hemo sampling","RFMB","DG/ME"
"313","43H",43,"00072501AB","2023.02.06","G60","2",1899-12-30 17:31:00,"GHI","3up",8.85,"RM",NA,20,"UniqueID2",10,"8P31061","Ranes","M","2023.02.03","2023.02.06","J",2,"H",32.5,1899-12-30 17:50:00,"RM",29,1899-12-30 18:48:00,"RM",19.7,"Escaped before Hemo sampling","RFMB","DG/ME"
"314","43H",43,"00072501AB","2023.02.06","G42","2",1899-12-30 08:30:00,"GHI","2down",10.95,"RW",NA,2,"UniqueID2",1,"8P31061","Ranes","M","2023.02.03","2023.02.06","J",2,"H",32.5,1899-12-30 17:50:00,"RM",29,1899-12-30 18:48:00,"RM",19.7,"Escaped before Hemo sampling","RFMB","DG/ME"
"315","43H",43,"00072501AB","2023.02.06","G58","2",1899-12-30 16:30:00,"GHI","6down",9.35,"RW",NA,18,"UniqueID2",9,"8P31061","Ranes","M","2023.02.03","2023.02.06","J",2,"H",32.5,1899-12-30 17:50:00,"RM",29,1899-12-30 18:48:00,"RM",19.7,"Escaped before Hemo sampling","RFMB","DG/ME"
"316","43H",43,"00072501AB","2023.02.06","G48","2",1899-12-30 11:30:00,"GHI","3up",11.05,"RW",NA,8,"UniqueID2",4,"8P31061","Ranes","M","2023.02.03","2023.02.06","J",2,"H",32.5,1899-12-30 17:50:00,"RM",29,1899-12-30 18:48:00,"RM",19.7,"Escaped before Hemo sampling","RFMB","DG/ME"
"317","43H",43,"00072501AB","2023.02.06","G52","2",1899-12-30 13:30:00,"GHI","4down",11.25,"RW",NA,12,"UniqueID2",6,"8P31061","Ranes","M","2023.02.03","2023.02.06","J",2,"H",32.5,1899-12-30 17:50:00,"RM",29,1899-12-30 18:48:00,"RM",19.7,"Escaped before Hemo sampling","RFMB","DG/ME"
"318","43H",43,"00072501AB","2023.02.06","G54","2",1899-12-30 14:30:00,"GHI","1down",12,"RW",NA,14,"UniqueID2",7,"8P31061","Ranes","M","2023.02.03","2023.02.06","J",2,"H",32.5,1899-12-30 17:50:00,"RM",29,1899-12-30 18:48:00,"RM",19.7,"Escaped before Hemo sampling","RFMB","DG/ME"
"319","43H",43,"00072501AB","2023.02.06","G56","2",1899-12-30 15:29:00,"GHI","3up",11.05,"RM",NA,16,"UniqueID2",8,"8P31061","Ranes","M","2023.02.03","2023.02.06","J",2,"H",32.5,1899-12-30 17:50:00,"RM",29,1899-12-30 18:48:00,"RM",19.7,"Escaped before Hemo sampling","RFMB","DG/ME"
"320","43H",43,"00072501AB","2023.02.06","G46","2",1899-12-30 10:30:00,"GHI","4up",9.85,"CdG",NA,6,"UniqueID2",3,"8P31061","Ranes","M","2023.02.03","2023.02.06","J",2,"H",32.5,1899-12-30 17:50:00,"RM",29,1899-12-30 18:48:00,"RM",19.7,"Escaped before Hemo sampling","RFMB","DG/ME"
"321","43I",43,"000724DE76","2023.02.06","G42","2",1899-12-30 08:30:00,"GHI","2down",10.95,"RW",NA,2,"UniqueID3",1,"8917495","Ranes","F","2023.02.03","2023.02.06","Ghost",2,"I",29.2,1899-12-30 17:47:00,"SA",27.2,1899-12-30 18:32:00,"RM",17.5,NA,"RFO","ME/RSW"
"322","43I",43,"000724DE76","2023.02.06","G50","2",1899-12-30 12:32:00,"GHI","2up",11.6,"RM",NA,10,"UniqueID3",5,"8917495","Ranes","F","2023.02.03","2023.02.06","Ghost",2,"I",29.2,1899-12-30 17:47:00,"SA",27.2,1899-12-30 18:32:00,"RM",17.5,NA,"RFO","ME/RSW"
"323","43I",43,"000724DE76","2023.02.06","G56","2",1899-12-30 15:29:00,"GHI","3up",11.05,"RM",NA,16,"UniqueID3",8,"8917495","Ranes","F","2023.02.03","2023.02.06","Ghost",2,"I",29.2,1899-12-30 17:47:00,"SA",27.2,1899-12-30 18:32:00,"RM",17.5,NA,"RFO","ME/RSW"
"324","43I",43,"000724DE76","2023.02.06","G54","2",1899-12-30 14:30:00,"GHI","1down",12,"RW",NA,14,"UniqueID3",7,"8917495","Ranes","F","2023.02.03","2023.02.06","Ghost",2,"I",29.2,1899-12-30 17:47:00,"SA",27.2,1899-12-30 18:32:00,"RM",17.5,NA,"RFO","ME/RSW"
"325","43I",43,"000724DE76","2023.02.06","G60","2",1899-12-30 17:31:00,"GHI","3up",8.85,"RM",NA,20,"UniqueID3",10,"8917495","Ranes","F","2023.02.03","2023.02.06","Ghost",2,"I",29.2,1899-12-30 17:47:00,"SA",27.2,1899-12-30 18:32:00,"RM",17.5,NA,"RFO","ME/RSW"
"326","43I",43,"000724DE76","2023.02.06","G48","2",1899-12-30 11:30:00,"GHI","3up",11.05,"RW",NA,8,"UniqueID3",4,"8917495","Ranes","F","2023.02.03","2023.02.06","Ghost",2,"I",29.2,1899-12-30 17:47:00,"SA",27.2,1899-12-30 18:32:00,"RM",17.5,NA,"RFO","ME/RSW"
"327","43I",43,"000724DE76","2023.02.06","G46","2",1899-12-30 10:30:00,"GHI","4up",9.85,"CdG",NA,6,"UniqueID3",3,"8917495","Ranes","F","2023.02.03","2023.02.06","Ghost",2,"I",29.2,1899-12-30 17:47:00,"SA",27.2,1899-12-30 18:32:00,"RM",17.5,NA,"RFO","ME/RSW"
"328","43I",43,"000724DE76","2023.02.06","G52","2",1899-12-30 13:30:00,"GHI","4down",11.25,"RW",NA,12,"UniqueID3",6,"8917495","Ranes","F","2023.02.03","2023.02.06","Ghost",2,"I",29.2,1899-12-30 17:47:00,"SA",27.2,1899-12-30 18:32:00,"RM",17.5,NA,"RFO","ME/RSW"
"329","43I",43,"000724DE76","2023.02.06","G44","2",1899-12-30 09:32:00,"GHI","6up",10.2,"CdG",NA,4,"UniqueID3",2,"8917495","Ranes","F","2023.02.03","2023.02.06","Ghost",2,"I",29.2,1899-12-30 17:47:00,"SA",27.2,1899-12-30 18:32:00,"RM",17.5,NA,"RFO","ME/RSW"
"330","43I",43,"000724DE76","2023.02.06","G58","2",1899-12-30 16:30:00,"GHI","6down",9.35,"RW",NA,18,"UniqueID3",9,"8917495","Ranes","F","2023.02.03","2023.02.06","Ghost",2,"I",29.2,1899-12-30 17:47:00,"SA",27.2,1899-12-30 18:32:00,"RM",17.5,NA,"RFO","ME/RSW"
"331","43J",43,"000724F655","2023.02.06","G52","1",1899-12-30 13:30:00,"JKL","4up",10.15,"SA",NA,12,"UniqueID1",6,"8917175","Ranes","F","2023.02.03","2023.02.06","Water_faucet",2,"J",28.8,1899-12-30 17:53:00,"RM",27.1,1899-12-30 18:40:00,"RM",17.4,NA,"ME/RSW","RFR"
"332","43J",43,"000724F655","2023.02.06","G48","1",1899-12-30 11:30:00,"JKL","5down",11.95,"RM",NA,8,"UniqueID1",4,"8917175","Ranes","F","2023.02.03","2023.02.06","Water_faucet",2,"J",28.8,1899-12-30 17:53:00,"RM",27.1,1899-12-30 18:40:00,"RM",17.4,NA,"ME/RSW","RFR"
"333","43J",43,"000724F655","2023.02.06","G56","1",1899-12-30 15:29:00,"JKL","5up",9.15,"RW",NA,16,"UniqueID1",8,"8917175","Ranes","F","2023.02.03","2023.02.06","Water_faucet",2,"J",28.8,1899-12-30 17:53:00,"RM",27.1,1899-12-30 18:40:00,"RM",17.4,NA,"ME/RSW","RFR"
"334","43J",43,"000724F655","2023.02.06","G60","1",1899-12-30 17:31:00,"JKL","1down",11.2,"SA",NA,20,"UniqueID1",10,"8917175","Ranes","F","2023.02.03","2023.02.06","Water_faucet",2,"J",28.8,1899-12-30 17:53:00,"RM",27.1,1899-12-30 18:40:00,"RM",17.4,NA,"ME/RSW","RFR"
"335","43J",43,"000724F655","2023.02.06","G42","1",1899-12-30 08:30:00,"JKL","5up",9.1,"CdG",NA,2,"UniqueID1",1,"8917175","Ranes","F","2023.02.03","2023.02.06","Water_faucet",2,"J",28.8,1899-12-30 17:53:00,"RM",27.1,1899-12-30 18:40:00,"RM",17.4,NA,"ME/RSW","RFR"
"336","43J",43,"000724F655","2023.02.06","G44","1",1899-12-30 09:32:00,"JKL","4up",11.15,"RW",NA,4,"UniqueID1",2,"8917175","Ranes","F","2023.02.03","2023.02.06","Water_faucet",2,"J",28.8,1899-12-30 17:53:00,"RM",27.1,1899-12-30 18:40:00,"RM",17.4,NA,"ME/RSW","RFR"
"337","43J",43,"000724F655","2023.02.06","G54","1",1899-12-30 14:30:00,"JKL","2up",10.2,"RM",NA,14,"UniqueID1",7,"8917175","Ranes","F","2023.02.03","2023.02.06","Water_faucet",2,"J",28.8,1899-12-30 17:53:00,"RM",27.1,1899-12-30 18:40:00,"RM",17.4,NA,"ME/RSW","RFR"
"338","43J",43,"000724F655","2023.02.06","G58","1",1899-12-30 16:30:00,"JKL","6down",11.4,"RM",NA,18,"UniqueID1",9,"8917175","Ranes","F","2023.02.03","2023.02.06","Water_faucet",2,"J",28.8,1899-12-30 17:53:00,"RM",27.1,1899-12-30 18:40:00,"RM",17.4,NA,"ME/RSW","RFR"
"339","43J",43,"000724F655","2023.02.06","G46","1",1899-12-30 10:30:00,"JKL","3up",10.9,"RW",NA,6,"UniqueID1",3,"8917175","Ranes","F","2023.02.03","2023.02.06","Water_faucet",2,"J",28.8,1899-12-30 17:53:00,"RM",27.1,1899-12-30 18:40:00,"RM",17.4,NA,"ME/RSW","RFR"
"340","43J",43,"000724F655","2023.02.06","G50","1",1899-12-30 12:32:00,"JKL","2up",10,"SA","Might be 1 extra food (well?) in F2",10,"UniqueID1",5,"8917175","Ranes","F","2023.02.03","2023.02.06","Water_faucet",2,"J",28.8,1899-12-30 17:53:00,"RM",27.1,1899-12-30 18:40:00,"RM",17.4,NA,"ME/RSW","RFR"
"341","43K",43,"000724D1F9","2023.02.06","G42","1",1899-12-30 08:30:00,"JKL","5up",9.1,"CdG",NA,2,"UniqueID2",1,"8P31081","Ranes","F","2023.02.03","2023.02.06","Lemur",2,"K",31.5,1899-12-30 17:57:00,"SA",29,1899-12-30 19:03:00,"RM",15.4,NA,"RFY","ME/BLR"
"342","43K",43,"000724D1F9","2023.02.06","G44","1",1899-12-30 09:32:00,"JKL","4up",11.15,"RW",NA,4,"UniqueID2",2,"8P31081","Ranes","F","2023.02.03","2023.02.06","Lemur",2,"K",31.5,1899-12-30 17:57:00,"SA",29,1899-12-30 19:03:00,"RM",15.4,NA,"RFY","ME/BLR"
"343","43K",43,"000724D1F9","2023.02.06","G48","1",1899-12-30 11:30:00,"JKL","5down",11.95,"RM",NA,8,"UniqueID2",4,"8P31081","Ranes","F","2023.02.03","2023.02.06","Lemur",2,"K",31.5,1899-12-30 17:57:00,"SA",29,1899-12-30 19:03:00,"RM",15.4,NA,"RFY","ME/BLR"
"344","43K",43,"000724D1F9","2023.02.06","G58","1",1899-12-30 16:30:00,"JKL","6down",11.4,"RM",NA,18,"UniqueID2",9,"8P31081","Ranes","F","2023.02.03","2023.02.06","Lemur",2,"K",31.5,1899-12-30 17:57:00,"SA",29,1899-12-30 19:03:00,"RM",15.4,NA,"RFY","ME/BLR"
"345","43K",43,"000724D1F9","2023.02.06","G60","1",1899-12-30 17:31:00,"JKL","1down",11.2,"SA",NA,20,"UniqueID2",10,"8P31081","Ranes","F","2023.02.03","2023.02.06","Lemur",2,"K",31.5,1899-12-30 17:57:00,"SA",29,1899-12-30 19:03:00,"RM",15.4,NA,"RFY","ME/BLR"
"346","43K",43,"000724D1F9","2023.02.06","G54","1",1899-12-30 14:30:00,"JKL","2up",10.2,"RM",NA,14,"UniqueID2",7,"8P31081","Ranes","F","2023.02.03","2023.02.06","Lemur",2,"K",31.5,1899-12-30 17:57:00,"SA",29,1899-12-30 19:03:00,"RM",15.4,NA,"RFY","ME/BLR"
"347","43K",43,"000724D1F9","2023.02.06","G50","1",1899-12-30 12:32:00,"JKL","2up",10,"SA","Might be 1 extra food (well?) in F2",10,"UniqueID2",5,"8P31081","Ranes","F","2023.02.03","2023.02.06","Lemur",2,"K",31.5,1899-12-30 17:57:00,"SA",29,1899-12-30 19:03:00,"RM",15.4,NA,"RFY","ME/BLR"
"348","43K",43,"000724D1F9","2023.02.06","G56","1",1899-12-30 15:29:00,"JKL","5up",9.15,"RW",NA,16,"UniqueID2",8,"8P31081","Ranes","F","2023.02.03","2023.02.06","Lemur",2,"K",31.5,1899-12-30 17:57:00,"SA",29,1899-12-30 19:03:00,"RM",15.4,NA,"RFY","ME/BLR"
"349","43K",43,"000724D1F9","2023.02.06","G52","1",1899-12-30 13:30:00,"JKL","4up",10.15,"SA",NA,12,"UniqueID2",6,"8P31081","Ranes","F","2023.02.03","2023.02.06","Lemur",2,"K",31.5,1899-12-30 17:57:00,"SA",29,1899-12-30 19:03:00,"RM",15.4,NA,"RFY","ME/BLR"
"350","43K",43,"000724D1F9","2023.02.06","G46","1",1899-12-30 10:30:00,"JKL","3up",10.9,"RW",NA,6,"UniqueID2",3,"8P31081","Ranes","F","2023.02.03","2023.02.06","Lemur",2,"K",31.5,1899-12-30 17:57:00,"SA",29,1899-12-30 19:03:00,"RM",15.4,NA,"RFY","ME/BLR"
"351","43L",43,"000724E390","2023.02.06","G58","1",1899-12-30 16:30:00,"JKL","6down",11.4,"RM",NA,18,"UniqueID3",9,"8917496","Ranes","M","2023.02.03","2023.02.06","Yoga",2,"L",28,1899-12-30 17:58:00,"RM",26.7,1899-12-30 19:21:00,"RM",17.7,"Lost featers near bill","RFY","ME/RSW"
"352","43L",43,"000724E390","2023.02.06","G54","1",1899-12-30 14:30:00,"JKL","2up",10.2,"RM",NA,14,"UniqueID3",7,"8917496","Ranes","M","2023.02.03","2023.02.06","Yoga",2,"L",28,1899-12-30 17:58:00,"RM",26.7,1899-12-30 19:21:00,"RM",17.7,"Lost featers near bill","RFY","ME/RSW"
"353","43L",43,"000724E390","2023.02.06","G56","1",1899-12-30 15:29:00,"JKL","5up",9.15,"RW",NA,16,"UniqueID3",8,"8917496","Ranes","M","2023.02.03","2023.02.06","Yoga",2,"L",28,1899-12-30 17:58:00,"RM",26.7,1899-12-30 19:21:00,"RM",17.7,"Lost featers near bill","RFY","ME/RSW"
"354","43L",43,"000724E390","2023.02.06","G48","1",1899-12-30 11:30:00,"JKL","5down",11.95,"RM",NA,8,"UniqueID3",4,"8917496","Ranes","M","2023.02.03","2023.02.06","Yoga",2,"L",28,1899-12-30 17:58:00,"RM",26.7,1899-12-30 19:21:00,"RM",17.7,"Lost featers near bill","RFY","ME/RSW"
"355","43L",43,"000724E390","2023.02.06","G60","1",1899-12-30 17:31:00,"JKL","1down",11.2,"SA",NA,20,"UniqueID3",10,"8917496","Ranes","M","2023.02.03","2023.02.06","Yoga",2,"L",28,1899-12-30 17:58:00,"RM",26.7,1899-12-30 19:21:00,"RM",17.7,"Lost featers near bill","RFY","ME/RSW"
"356","43L",43,"000724E390","2023.02.06","G50","1",1899-12-30 12:32:00,"JKL","2up",10,"SA","Might be 1 extra food (well?) in F2",10,"UniqueID3",5,"8917496","Ranes","M","2023.02.03","2023.02.06","Yoga",2,"L",28,1899-12-30 17:58:00,"RM",26.7,1899-12-30 19:21:00,"RM",17.7,"Lost featers near bill","RFY","ME/RSW"
"357","43L",43,"000724E390","2023.02.06","G52","1",1899-12-30 13:30:00,"JKL","4up",10.15,"SA",NA,12,"UniqueID3",6,"8917496","Ranes","M","2023.02.03","2023.02.06","Yoga",2,"L",28,1899-12-30 17:58:00,"RM",26.7,1899-12-30 19:21:00,"RM",17.7,"Lost featers near bill","RFY","ME/RSW"
"358","43L",43,"000724E390","2023.02.06","G42","1",1899-12-30 08:30:00,"JKL","5up",9.1,"CdG",NA,2,"UniqueID3",1,"8917496","Ranes","M","2023.02.03","2023.02.06","Yoga",2,"L",28,1899-12-30 17:58:00,"RM",26.7,1899-12-30 19:21:00,"RM",17.7,"Lost featers near bill","RFY","ME/RSW"
"359","43L",43,"000724E390","2023.02.06","G46","1",1899-12-30 10:30:00,"JKL","3up",10.9,"RW",NA,6,"UniqueID3",3,"8917496","Ranes","M","2023.02.03","2023.02.06","Yoga",2,"L",28,1899-12-30 17:58:00,"RM",26.7,1899-12-30 19:21:00,"RM",17.7,"Lost featers near bill","RFY","ME/RSW"
"360","43L",43,"000724E390","2023.02.06","G44","1",1899-12-30 09:32:00,"JKL","4up",11.15,"RW",NA,4,"UniqueID3",2,"8917496","Ranes","M","2023.02.03","2023.02.06","Yoga",2,"L",28,1899-12-30 17:58:00,"RM",26.7,1899-12-30 19:21:00,"RM",17.7,"Lost featers near bill","RFY","ME/RSW"
"361","44A",44,"000724E0AA","2023.02.07","G72","2",1899-12-30 13:32:00,"ABC","1down",11.3,"SA",NA,12,"UniqueID1",6,"8P14352","Ranes","F","2023.02.06","2023.02.09","Yoga",3,"A",32.4,1899-12-30 18:41:00,"SA",29.1,1899-12-30 18:08:00,"SL",15.3,NA,"ME/Y","RFW"
"362","44A",44,"000724E0AA","2023.02.07","G80","2",1899-12-30 17:36:00,"ABC","2down",8.65,"SA",NA,20,"UniqueID1",10,"8P14352","Ranes","F","2023.02.06","2023.02.09","Yoga",3,"A",32.4,1899-12-30 18:41:00,"SA",29.1,1899-12-30 18:08:00,"SL",15.3,NA,"ME/Y","RFW"
"363","44A",44,"000724E0AA","2023.02.07","G62","2",1899-12-30 08:30:00,"ABC","3up",11.55,"RM","Spilled part of well",2,"UniqueID1",1,"8P14352","Ranes","F","2023.02.06","2023.02.09","Yoga",3,"A",32.4,1899-12-30 18:41:00,"SA",29.1,1899-12-30 18:08:00,"SL",15.3,NA,"ME/Y","RFW"
"364","44A",44,"000724E0AA","2023.02.07","G68","2",1899-12-30 11:30:00,"ABC","6down",11.8,"CdG",NA,8,"UniqueID1",4,"8P14352","Ranes","F","2023.02.06","2023.02.09","Yoga",3,"A",32.4,1899-12-30 18:41:00,"SA",29.1,1899-12-30 18:08:00,"SL",15.3,NA,"ME/Y","RFW"
"365","44A",44,"000724E0AA","2023.02.07","G74","2",1899-12-30 14:29:00,"ABC","5down",11.65,"RW",NA,14,"UniqueID1",7,"8P14352","Ranes","F","2023.02.06","2023.02.09","Yoga",3,"A",32.4,1899-12-30 18:41:00,"SA",29.1,1899-12-30 18:08:00,"SL",15.3,NA,"ME/Y","RFW"
"366","44A",44,"000724E0AA","2023.02.07","G64","2",1899-12-30 09:32:00,"ABC","6up",11.95,"RM",NA,4,"UniqueID1",2,"8P14352","Ranes","F","2023.02.06","2023.02.09","Yoga",3,"A",32.4,1899-12-30 18:41:00,"SA",29.1,1899-12-30 18:08:00,"SL",15.3,NA,"ME/Y","RFW"
"367","44A",44,"000724E0AA","2023.02.07","G70","2",1899-12-30 12:30:00,"ABC","1down",11.05,"RM",NA,10,"UniqueID1",5,"8P14352","Ranes","F","2023.02.06","2023.02.09","Yoga",3,"A",32.4,1899-12-30 18:41:00,"SA",29.1,1899-12-30 18:08:00,"SL",15.3,NA,"ME/Y","RFW"
"368","44A",44,"000724E0AA","2023.02.07","G66","2",1899-12-30 10:31:00,"ABC","5up",12.05,"RM",NA,6,"UniqueID1",3,"8P14352","Ranes","F","2023.02.06","2023.02.09","Yoga",3,"A",32.4,1899-12-30 18:41:00,"SA",29.1,1899-12-30 18:08:00,"SL",15.3,NA,"ME/Y","RFW"
"369","44A",44,"000724E0AA","2023.02.07","G78","2",1899-12-30 16:29:00,"ABC","4down",10.95,"SA",NA,18,"UniqueID1",9,"8P14352","Ranes","F","2023.02.06","2023.02.09","Yoga",3,"A",32.4,1899-12-30 18:41:00,"SA",29.1,1899-12-30 18:08:00,"SL",15.3,NA,"ME/Y","RFW"
"370","44A",44,"000724E0AA","2023.02.07","G76","2",1899-12-30 15:29:00,"ABC","6down",11.05,"SA",NA,16,"UniqueID1",8,"8P14352","Ranes","F","2023.02.06","2023.02.09","Yoga",3,"A",32.4,1899-12-30 18:41:00,"SA",29.1,1899-12-30 18:08:00,"SL",15.3,NA,"ME/Y","RFW"
"371","44B",44,"000724B965","2023.02.07","G74","2",1899-12-30 14:29:00,"ABC","5down",11.65,"RW",NA,14,"UniqueID2",7,"8917465","Ranes","M","2023.02.06","2023.02.09","Ghost",3,"B",30.6,1899-12-30 18:38:00,"RW",28.5,1899-12-30 18:15:00,"RM",15.4,"Hemo is noted as 15.46","ME/RSW","RFY"
"372","44B",44,"000724B965","2023.02.07","G62","2",1899-12-30 08:30:00,"ABC","3up",11.55,"RM","Spilled part of well",2,"UniqueID2",1,"8917465","Ranes","M","2023.02.06","2023.02.09","Ghost",3,"B",30.6,1899-12-30 18:38:00,"RW",28.5,1899-12-30 18:15:00,"RM",15.4,"Hemo is noted as 15.46","ME/RSW","RFY"
"373","44B",44,"000724B965","2023.02.07","G66","2",1899-12-30 10:31:00,"ABC","5up",12.05,"RM",NA,6,"UniqueID2",3,"8917465","Ranes","M","2023.02.06","2023.02.09","Ghost",3,"B",30.6,1899-12-30 18:38:00,"RW",28.5,1899-12-30 18:15:00,"RM",15.4,"Hemo is noted as 15.46","ME/RSW","RFY"
"374","44B",44,"000724B965","2023.02.07","G72","2",1899-12-30 13:32:00,"ABC","1down",11.3,"SA",NA,12,"UniqueID2",6,"8917465","Ranes","M","2023.02.06","2023.02.09","Ghost",3,"B",30.6,1899-12-30 18:38:00,"RW",28.5,1899-12-30 18:15:00,"RM",15.4,"Hemo is noted as 15.46","ME/RSW","RFY"
"375","44B",44,"000724B965","2023.02.07","G80","2",1899-12-30 17:36:00,"ABC","2down",8.65,"SA",NA,20,"UniqueID2",10,"8917465","Ranes","M","2023.02.06","2023.02.09","Ghost",3,"B",30.6,1899-12-30 18:38:00,"RW",28.5,1899-12-30 18:15:00,"RM",15.4,"Hemo is noted as 15.46","ME/RSW","RFY"
"376","44B",44,"000724B965","2023.02.07","G76","2",1899-12-30 15:29:00,"ABC","6down",11.05,"SA",NA,16,"UniqueID2",8,"8917465","Ranes","M","2023.02.06","2023.02.09","Ghost",3,"B",30.6,1899-12-30 18:38:00,"RW",28.5,1899-12-30 18:15:00,"RM",15.4,"Hemo is noted as 15.46","ME/RSW","RFY"
"377","44B",44,"000724B965","2023.02.07","G68","2",1899-12-30 11:30:00,"ABC","6down",11.8,"CdG",NA,8,"UniqueID2",4,"8917465","Ranes","M","2023.02.06","2023.02.09","Ghost",3,"B",30.6,1899-12-30 18:38:00,"RW",28.5,1899-12-30 18:15:00,"RM",15.4,"Hemo is noted as 15.46","ME/RSW","RFY"
"378","44B",44,"000724B965","2023.02.07","G64","2",1899-12-30 09:32:00,"ABC","6up",11.95,"RM",NA,4,"UniqueID2",2,"8917465","Ranes","M","2023.02.06","2023.02.09","Ghost",3,"B",30.6,1899-12-30 18:38:00,"RW",28.5,1899-12-30 18:15:00,"RM",15.4,"Hemo is noted as 15.46","ME/RSW","RFY"
"379","44B",44,"000724B965","2023.02.07","G70","2",1899-12-30 12:30:00,"ABC","1down",11.05,"RM",NA,10,"UniqueID2",5,"8917465","Ranes","M","2023.02.06","2023.02.09","Ghost",3,"B",30.6,1899-12-30 18:38:00,"RW",28.5,1899-12-30 18:15:00,"RM",15.4,"Hemo is noted as 15.46","ME/RSW","RFY"
"380","44B",44,"000724B965","2023.02.07","G78","2",1899-12-30 16:29:00,"ABC","4down",10.95,"SA",NA,18,"UniqueID2",9,"8917465","Ranes","M","2023.02.06","2023.02.09","Ghost",3,"B",30.6,1899-12-30 18:38:00,"RW",28.5,1899-12-30 18:15:00,"RM",15.4,"Hemo is noted as 15.46","ME/RSW","RFY"
"381","44C",44,"000724C2D7","2023.02.07","G80","2",1899-12-30 17:36:00,"ABC","2down",8.65,"SA",NA,20,"UniqueID3",10,"8P47101","Ranes","F","2023.02.06","2023.02.09","Water_faucet",3,"C",29,1899-12-30 18:36:00,"RW",26.9,1899-12-30 17:42:00,"SL",18.3,NA,"RFW","ME/RSW"
"382","44C",44,"000724C2D7","2023.02.07","G62","2",1899-12-30 08:30:00,"ABC","3up",11.55,"RM","Spilled part of well",2,"UniqueID3",1,"8P47101","Ranes","F","2023.02.06","2023.02.09","Water_faucet",3,"C",29,1899-12-30 18:36:00,"RW",26.9,1899-12-30 17:42:00,"SL",18.3,NA,"RFW","ME/RSW"
"383","44C",44,"000724C2D7","2023.02.07","G70","2",1899-12-30 12:30:00,"ABC","1down",11.05,"RM",NA,10,"UniqueID3",5,"8P47101","Ranes","F","2023.02.06","2023.02.09","Water_faucet",3,"C",29,1899-12-30 18:36:00,"RW",26.9,1899-12-30 17:42:00,"SL",18.3,NA,"RFW","ME/RSW"
"384","44C",44,"000724C2D7","2023.02.07","G74","2",1899-12-30 14:29:00,"ABC","5down",11.65,"RW",NA,14,"UniqueID3",7,"8P47101","Ranes","F","2023.02.06","2023.02.09","Water_faucet",3,"C",29,1899-12-30 18:36:00,"RW",26.9,1899-12-30 17:42:00,"SL",18.3,NA,"RFW","ME/RSW"
"385","44C",44,"000724C2D7","2023.02.07","G72","2",1899-12-30 13:32:00,"ABC","1down",11.3,"SA",NA,12,"UniqueID3",6,"8P47101","Ranes","F","2023.02.06","2023.02.09","Water_faucet",3,"C",29,1899-12-30 18:36:00,"RW",26.9,1899-12-30 17:42:00,"SL",18.3,NA,"RFW","ME/RSW"
"386","44C",44,"000724C2D7","2023.02.07","G66","2",1899-12-30 10:31:00,"ABC","5up",12.05,"RM",NA,6,"UniqueID3",3,"8P47101","Ranes","F","2023.02.06","2023.02.09","Water_faucet",3,"C",29,1899-12-30 18:36:00,"RW",26.9,1899-12-30 17:42:00,"SL",18.3,NA,"RFW","ME/RSW"
"387","44C",44,"000724C2D7","2023.02.07","G76","2",1899-12-30 15:29:00,"ABC","6down",11.05,"SA",NA,16,"UniqueID3",8,"8P47101","Ranes","F","2023.02.06","2023.02.09","Water_faucet",3,"C",29,1899-12-30 18:36:00,"RW",26.9,1899-12-30 17:42:00,"SL",18.3,NA,"RFW","ME/RSW"
"388","44C",44,"000724C2D7","2023.02.07","G64","2",1899-12-30 09:32:00,"ABC","6up",11.95,"RM",NA,4,"UniqueID3",2,"8P47101","Ranes","F","2023.02.06","2023.02.09","Water_faucet",3,"C",29,1899-12-30 18:36:00,"RW",26.9,1899-12-30 17:42:00,"SL",18.3,NA,"RFW","ME/RSW"
"389","44C",44,"000724C2D7","2023.02.07","G78","2",1899-12-30 16:29:00,"ABC","4down",10.95,"SA",NA,18,"UniqueID3",9,"8P47101","Ranes","F","2023.02.06","2023.02.09","Water_faucet",3,"C",29,1899-12-30 18:36:00,"RW",26.9,1899-12-30 17:42:00,"SL",18.3,NA,"RFW","ME/RSW"
"390","44C",44,"000724C2D7","2023.02.07","G68","2",1899-12-30 11:30:00,"ABC","6down",11.8,"CdG",NA,8,"UniqueID3",4,"8P47101","Ranes","F","2023.02.06","2023.02.09","Water_faucet",3,"C",29,1899-12-30 18:36:00,"RW",26.9,1899-12-30 17:42:00,"SL",18.3,NA,"RFW","ME/RSW"
"391","44D",44,"000724DF31","2023.02.07","G80","1",1899-12-30 17:36:00,"DEF","6up",10.8,"RW",NA,20,"UniqueID1",10,"8P47103","Ranes","M","2023.02.06","2023.02.09","J",3,"D",30.5,1899-12-30 18:44:00,"SA",28.5,1899-12-30 17:32:00,"SL",16.5,NA,"RSW/ME","RFR"
"392","44D",44,"000724DF31","2023.02.07","G76","1",1899-12-30 15:29:00,"DEF","6up",9.3,"RW",NA,16,"UniqueID1",8,"8P47103","Ranes","M","2023.02.06","2023.02.09","J",3,"D",30.5,1899-12-30 18:44:00,"SA",28.5,1899-12-30 17:32:00,"SL",16.5,NA,"RSW/ME","RFR"
"393","44D",44,"000724DF31","2023.02.07","G62","1",1899-12-30 08:30:00,"DEF","4up",11.95,"CdG",NA,2,"UniqueID1",1,"8P47103","Ranes","M","2023.02.06","2023.02.09","J",3,"D",30.5,1899-12-30 18:44:00,"SA",28.5,1899-12-30 17:32:00,"SL",16.5,NA,"RSW/ME","RFR"
"394","44D",44,"000724DF31","2023.02.07","G72","1",1899-12-30 13:32:00,"DEF","2down",9.55,"RW",NA,12,"UniqueID1",6,"8P47103","Ranes","M","2023.02.06","2023.02.09","J",3,"D",30.5,1899-12-30 18:44:00,"SA",28.5,1899-12-30 17:32:00,"SL",16.5,NA,"RSW/ME","RFR"
"395","44D",44,"000724DF31","2023.02.07","G64","1",1899-12-30 09:32:00,"DEF","5down",11.95,"CdG",NA,4,"UniqueID1",2,"8P47103","Ranes","M","2023.02.06","2023.02.09","J",3,"D",30.5,1899-12-30 18:44:00,"SA",28.5,1899-12-30 17:32:00,"SL",16.5,NA,"RSW/ME","RFR"
"396","44D",44,"000724DF31","2023.02.07","G66","1",1899-12-30 10:31:00,"DEF","2down",10.9,"CdG",NA,6,"UniqueID1",3,"8P47103","Ranes","M","2023.02.06","2023.02.09","J",3,"D",30.5,1899-12-30 18:44:00,"SA",28.5,1899-12-30 17:32:00,"SL",16.5,NA,"RSW/ME","RFR"
"397","44D",44,"000724DF31","2023.02.07","G70","1",1899-12-30 12:30:00,"DEF","6down",11.25,"CdG",NA,10,"UniqueID1",5,"8P47103","Ranes","M","2023.02.06","2023.02.09","J",3,"D",30.5,1899-12-30 18:44:00,"SA",28.5,1899-12-30 17:32:00,"SL",16.5,NA,"RSW/ME","RFR"
"398","44D",44,"000724DF31","2023.02.07","G78","1",1899-12-30 16:29:00,"DEF","3down",9.75,"RW",NA,18,"UniqueID1",9,"8P47103","Ranes","M","2023.02.06","2023.02.09","J",3,"D",30.5,1899-12-30 18:44:00,"SA",28.5,1899-12-30 17:32:00,"SL",16.5,NA,"RSW/ME","RFR"
"399","44D",44,"000724DF31","2023.02.07","G74","1",1899-12-30 14:29:00,"DEF","6up",10.2,"SA",NA,14,"UniqueID1",7,"8P47103","Ranes","M","2023.02.06","2023.02.09","J",3,"D",30.5,1899-12-30 18:44:00,"SA",28.5,1899-12-30 17:32:00,"SL",16.5,NA,"RSW/ME","RFR"
"400","44D",44,"000724DF31","2023.02.07","G68","1",1899-12-30 11:30:00,"DEF","6up",10.7,"RM",NA,8,"UniqueID1",4,"8P47103","Ranes","M","2023.02.06","2023.02.09","J",3,"D",30.5,1899-12-30 18:44:00,"SA",28.5,1899-12-30 17:32:00,"SL",16.5,NA,"RSW/ME","RFR"
"401","44E",44,"000724D4E8","2023.02.07","G64","1",1899-12-30 09:32:00,"DEF","5down",11.95,"CdG",NA,4,"UniqueID2",2,"8P31064","Ranes","M","2023.02.06","2023.02.09","Lemur",3,"E",31.4,1899-12-30 18:34:00,"RW",30.4,1899-12-30 17:50:00,"SL",18.6,NA,"W/ME","RFR"
"402","44E",44,"000724D4E8","2023.02.07","G66","1",1899-12-30 10:31:00,"DEF","2down",10.9,"CdG",NA,6,"UniqueID2",3,"8P31064","Ranes","M","2023.02.06","2023.02.09","Lemur",3,"E",31.4,1899-12-30 18:34:00,"RW",30.4,1899-12-30 17:50:00,"SL",18.6,NA,"W/ME","RFR"
"403","44E",44,"000724D4E8","2023.02.07","G62","1",1899-12-30 08:30:00,"DEF","4up",11.95,"CdG",NA,2,"UniqueID2",1,"8P31064","Ranes","M","2023.02.06","2023.02.09","Lemur",3,"E",31.4,1899-12-30 18:34:00,"RW",30.4,1899-12-30 17:50:00,"SL",18.6,NA,"W/ME","RFR"
"404","44E",44,"000724D4E8","2023.02.07","G76","1",1899-12-30 15:29:00,"DEF","6up",9.3,"RW",NA,16,"UniqueID2",8,"8P31064","Ranes","M","2023.02.06","2023.02.09","Lemur",3,"E",31.4,1899-12-30 18:34:00,"RW",30.4,1899-12-30 17:50:00,"SL",18.6,NA,"W/ME","RFR"
"405","44E",44,"000724D4E8","2023.02.07","G74","1",1899-12-30 14:29:00,"DEF","6up",10.2,"SA",NA,14,"UniqueID2",7,"8P31064","Ranes","M","2023.02.06","2023.02.09","Lemur",3,"E",31.4,1899-12-30 18:34:00,"RW",30.4,1899-12-30 17:50:00,"SL",18.6,NA,"W/ME","RFR"
"406","44E",44,"000724D4E8","2023.02.07","G68","1",1899-12-30 11:30:00,"DEF","6up",10.7,"RM",NA,8,"UniqueID2",4,"8P31064","Ranes","M","2023.02.06","2023.02.09","Lemur",3,"E",31.4,1899-12-30 18:34:00,"RW",30.4,1899-12-30 17:50:00,"SL",18.6,NA,"W/ME","RFR"
"407","44E",44,"000724D4E8","2023.02.07","G80","1",1899-12-30 17:36:00,"DEF","6up",10.8,"RW",NA,20,"UniqueID2",10,"8P31064","Ranes","M","2023.02.06","2023.02.09","Lemur",3,"E",31.4,1899-12-30 18:34:00,"RW",30.4,1899-12-30 17:50:00,"SL",18.6,NA,"W/ME","RFR"
"408","44E",44,"000724D4E8","2023.02.07","G78","1",1899-12-30 16:29:00,"DEF","3down",9.75,"RW",NA,18,"UniqueID2",9,"8P31064","Ranes","M","2023.02.06","2023.02.09","Lemur",3,"E",31.4,1899-12-30 18:34:00,"RW",30.4,1899-12-30 17:50:00,"SL",18.6,NA,"W/ME","RFR"
"409","44E",44,"000724D4E8","2023.02.07","G72","1",1899-12-30 13:32:00,"DEF","2down",9.55,"RW",NA,12,"UniqueID2",6,"8P31064","Ranes","M","2023.02.06","2023.02.09","Lemur",3,"E",31.4,1899-12-30 18:34:00,"RW",30.4,1899-12-30 17:50:00,"SL",18.6,NA,"W/ME","RFR"
"410","44E",44,"000724D4E8","2023.02.07","G70","1",1899-12-30 12:30:00,"DEF","6down",11.25,"CdG",NA,10,"UniqueID2",5,"8P31064","Ranes","M","2023.02.06","2023.02.09","Lemur",3,"E",31.4,1899-12-30 18:34:00,"RW",30.4,1899-12-30 17:50:00,"SL",18.6,NA,"W/ME","RFR"
"411","44F",44,"000724FE77","2023.02.07","G64","1",1899-12-30 09:32:00,"DEF","5down",11.95,"CdG",NA,4,"UniqueID3",2,"8P47102","Ranes","M","2023.02.06","2023.02.09","Footballer",3,"F",31.7,1899-12-30 18:46:00,"SA",28.4,1899-12-30 17:59:00,"SL",16.6,NA,"RFMB","ME/RSW"
"412","44F",44,"000724FE77","2023.02.07","G76","1",1899-12-30 15:29:00,"DEF","6up",9.3,"RW",NA,16,"UniqueID3",8,"8P47102","Ranes","M","2023.02.06","2023.02.09","Footballer",3,"F",31.7,1899-12-30 18:46:00,"SA",28.4,1899-12-30 17:59:00,"SL",16.6,NA,"RFMB","ME/RSW"
"413","44F",44,"000724FE77","2023.02.07","G62","1",1899-12-30 08:30:00,"DEF","4up",11.95,"CdG",NA,2,"UniqueID3",1,"8P47102","Ranes","M","2023.02.06","2023.02.09","Footballer",3,"F",31.7,1899-12-30 18:46:00,"SA",28.4,1899-12-30 17:59:00,"SL",16.6,NA,"RFMB","ME/RSW"
"414","44F",44,"000724FE77","2023.02.07","G80","1",1899-12-30 17:36:00,"DEF","6up",10.8,"RW",NA,20,"UniqueID3",10,"8P47102","Ranes","M","2023.02.06","2023.02.09","Footballer",3,"F",31.7,1899-12-30 18:46:00,"SA",28.4,1899-12-30 17:59:00,"SL",16.6,NA,"RFMB","ME/RSW"
"415","44F",44,"000724FE77","2023.02.07","G72","1",1899-12-30 13:32:00,"DEF","2down",9.55,"RW",NA,12,"UniqueID3",6,"8P47102","Ranes","M","2023.02.06","2023.02.09","Footballer",3,"F",31.7,1899-12-30 18:46:00,"SA",28.4,1899-12-30 17:59:00,"SL",16.6,NA,"RFMB","ME/RSW"
"416","44F",44,"000724FE77","2023.02.07","G78","1",1899-12-30 16:29:00,"DEF","3down",9.75,"RW",NA,18,"UniqueID3",9,"8P47102","Ranes","M","2023.02.06","2023.02.09","Footballer",3,"F",31.7,1899-12-30 18:46:00,"SA",28.4,1899-12-30 17:59:00,"SL",16.6,NA,"RFMB","ME/RSW"
"417","44F",44,"000724FE77","2023.02.07","G70","1",1899-12-30 12:30:00,"DEF","6down",11.25,"CdG",NA,10,"UniqueID3",5,"8P47102","Ranes","M","2023.02.06","2023.02.09","Footballer",3,"F",31.7,1899-12-30 18:46:00,"SA",28.4,1899-12-30 17:59:00,"SL",16.6,NA,"RFMB","ME/RSW"
"418","44F",44,"000724FE77","2023.02.07","G74","1",1899-12-30 14:29:00,"DEF","6up",10.2,"SA",NA,14,"UniqueID3",7,"8P47102","Ranes","M","2023.02.06","2023.02.09","Footballer",3,"F",31.7,1899-12-30 18:46:00,"SA",28.4,1899-12-30 17:59:00,"SL",16.6,NA,"RFMB","ME/RSW"
"419","44F",44,"000724FE77","2023.02.07","G66","1",1899-12-30 10:31:00,"DEF","2down",10.9,"CdG",NA,6,"UniqueID3",3,"8P47102","Ranes","M","2023.02.06","2023.02.09","Footballer",3,"F",31.7,1899-12-30 18:46:00,"SA",28.4,1899-12-30 17:59:00,"SL",16.6,NA,"RFMB","ME/RSW"
"420","44F",44,"000724FE77","2023.02.07","G68","1",1899-12-30 11:30:00,"DEF","6up",10.7,"RM",NA,8,"UniqueID3",4,"8P47102","Ranes","M","2023.02.06","2023.02.09","Footballer",3,"F",31.7,1899-12-30 18:46:00,"SA",28.4,1899-12-30 17:59:00,"SL",16.6,NA,"RFMB","ME/RSW"
"421","45G",45,"000724C225","2023.02.07","G73","2",1899-12-30 14:00:00,"GHI","4down",12,"RW",NA,13,"UniqueID1",7,"8P31075","Ranes","M","2023.02.06","2023.02.09","Water_faucet",4,"G",28.6,1899-12-30 19:05:00,"RW",25.3,1899-12-30 18:50:00,"RM",15.8,NA,"RFW","ME/GR"
"422","45G",45,"000724C225","2023.02.07","G75","2",1899-12-30 14:58:00,"GHI","6down",11.95,"RW","Thinned the layer of sand, too little feeding",15,"UniqueID1",8,"8P31075","Ranes","M","2023.02.06","2023.02.09","Water_faucet",4,"G",28.6,1899-12-30 19:05:00,"RW",25.3,1899-12-30 18:50:00,"RM",15.8,NA,"RFW","ME/GR"
"423","45G",45,"000724C225","2023.02.07","G71","2",1899-12-30 13:01:00,"GHI","6up",11.9,"RW",NA,11,"UniqueID1",6,"8P31075","Ranes","M","2023.02.06","2023.02.09","Water_faucet",4,"G",28.6,1899-12-30 19:05:00,"RW",25.3,1899-12-30 18:50:00,"RM",15.8,NA,"RFW","ME/GR"
"424","45G",45,"000724C225","2023.02.07","G77","2",1899-12-30 15:59:00,"GHI","2down",10.25,"RW",NA,17,"UniqueID1",9,"8P31075","Ranes","M","2023.02.06","2023.02.09","Water_faucet",4,"G",28.6,1899-12-30 19:05:00,"RW",25.3,1899-12-30 18:50:00,"RM",15.8,NA,"RFW","ME/GR"
"425","45G",45,"000724C225","2023.02.07","G67","2",1899-12-30 11:00:00,"GHI","6up",11.9,"RM",NA,7,"UniqueID1",4,"8P31075","Ranes","M","2023.02.06","2023.02.09","Water_faucet",4,"G",28.6,1899-12-30 19:05:00,"RW",25.3,1899-12-30 18:50:00,"RM",15.8,NA,"RFW","ME/GR"
"426","45G",45,"000724C225","2023.02.07","G63","2",1899-12-30 09:00:00,"GHI","1up",12,"CdG",NA,3,"UniqueID1",2,"8P31075","Ranes","M","2023.02.06","2023.02.09","Water_faucet",4,"G",28.6,1899-12-30 19:05:00,"RW",25.3,1899-12-30 18:50:00,"RM",15.8,NA,"RFW","ME/GR"
"427","45G",45,"000724C225","2023.02.07","G79","2",1899-12-30 16:59:00,"GHI","1up",10.65,"SA",NA,19,"UniqueID1",10,"8P31075","Ranes","M","2023.02.06","2023.02.09","Water_faucet",4,"G",28.6,1899-12-30 19:05:00,"RW",25.3,1899-12-30 18:50:00,"RM",15.8,NA,"RFW","ME/GR"
"428","45G",45,"000724C225","2023.02.07","G61","2",1899-12-30 08:01:00,"GHI","5up",11.95,"RM",NA,1,"UniqueID1",1,"8P31075","Ranes","M","2023.02.06","2023.02.09","Water_faucet",4,"G",28.6,1899-12-30 19:05:00,"RW",25.3,1899-12-30 18:50:00,"RM",15.8,NA,"RFW","ME/GR"
"429","45G",45,"000724C225","2023.02.07","G65","2",1899-12-30 10:01:00,"GHI","5down",11.95,"CdG",NA,5,"UniqueID1",3,"8P31075","Ranes","M","2023.02.06","2023.02.09","Water_faucet",4,"G",28.6,1899-12-30 19:05:00,"RW",25.3,1899-12-30 18:50:00,"RM",15.8,NA,"RFW","ME/GR"
"430","45G",45,"000724C225","2023.02.07","G69","2",1899-12-30 11:59:00,"GHI","5down",12,"CdG",NA,9,"UniqueID1",5,"8P31075","Ranes","M","2023.02.06","2023.02.09","Water_faucet",4,"G",28.6,1899-12-30 19:05:00,"RW",25.3,1899-12-30 18:50:00,"RM",15.8,NA,"RFW","ME/GR"
"431","45H",45,"000724CD8E","2023.02.07","G71","2",1899-12-30 13:01:00,"GHI","6up",11.9,"RW",NA,11,"UniqueID2",6,"8917184","Ranes","F","2023.02.06","2023.02.09","J",4,"H",31,1899-12-30 19:08:00,"RW",27.6,1899-12-30 18:52:00,"RM",14.4,NA,"ME/BLY","RFR"
"432","45H",45,"000724CD8E","2023.02.07","G77","2",1899-12-30 15:59:00,"GHI","2down",10.25,"RW",NA,17,"UniqueID2",9,"8917184","Ranes","F","2023.02.06","2023.02.09","J",4,"H",31,1899-12-30 19:08:00,"RW",27.6,1899-12-30 18:52:00,"RM",14.4,NA,"ME/BLY","RFR"
"433","45H",45,"000724CD8E","2023.02.07","G73","2",1899-12-30 14:00:00,"GHI","4down",12,"RW",NA,13,"UniqueID2",7,"8917184","Ranes","F","2023.02.06","2023.02.09","J",4,"H",31,1899-12-30 19:08:00,"RW",27.6,1899-12-30 18:52:00,"RM",14.4,NA,"ME/BLY","RFR"
"434","45H",45,"000724CD8E","2023.02.07","G65","2",1899-12-30 10:01:00,"GHI","5down",11.95,"CdG",NA,5,"UniqueID2",3,"8917184","Ranes","F","2023.02.06","2023.02.09","J",4,"H",31,1899-12-30 19:08:00,"RW",27.6,1899-12-30 18:52:00,"RM",14.4,NA,"ME/BLY","RFR"
"435","45H",45,"000724CD8E","2023.02.07","G75","2",1899-12-30 14:58:00,"GHI","6down",11.95,"RW","Thinned the layer of sand, too little feeding",15,"UniqueID2",8,"8917184","Ranes","F","2023.02.06","2023.02.09","J",4,"H",31,1899-12-30 19:08:00,"RW",27.6,1899-12-30 18:52:00,"RM",14.4,NA,"ME/BLY","RFR"
"436","45H",45,"000724CD8E","2023.02.07","G79","2",1899-12-30 16:59:00,"GHI","1up",10.65,"SA",NA,19,"UniqueID2",10,"8917184","Ranes","F","2023.02.06","2023.02.09","J",4,"H",31,1899-12-30 19:08:00,"RW",27.6,1899-12-30 18:52:00,"RM",14.4,NA,"ME/BLY","RFR"
"437","45H",45,"000724CD8E","2023.02.07","G61","2",1899-12-30 08:01:00,"GHI","5up",11.95,"RM",NA,1,"UniqueID2",1,"8917184","Ranes","F","2023.02.06","2023.02.09","J",4,"H",31,1899-12-30 19:08:00,"RW",27.6,1899-12-30 18:52:00,"RM",14.4,NA,"ME/BLY","RFR"
"438","45H",45,"000724CD8E","2023.02.07","G69","2",1899-12-30 11:59:00,"GHI","5down",12,"CdG",NA,9,"UniqueID2",5,"8917184","Ranes","F","2023.02.06","2023.02.09","J",4,"H",31,1899-12-30 19:08:00,"RW",27.6,1899-12-30 18:52:00,"RM",14.4,NA,"ME/BLY","RFR"
"439","45H",45,"000724CD8E","2023.02.07","G63","2",1899-12-30 09:00:00,"GHI","1up",12,"CdG",NA,3,"UniqueID2",2,"8917184","Ranes","F","2023.02.06","2023.02.09","J",4,"H",31,1899-12-30 19:08:00,"RW",27.6,1899-12-30 18:52:00,"RM",14.4,NA,"ME/BLY","RFR"
"440","45H",45,"000724CD8E","2023.02.07","G67","2",1899-12-30 11:00:00,"GHI","6up",11.9,"RM",NA,7,"UniqueID2",4,"8917184","Ranes","F","2023.02.06","2023.02.09","J",4,"H",31,1899-12-30 19:08:00,"RW",27.6,1899-12-30 18:52:00,"RM",14.4,NA,"ME/BLY","RFR"
"441","45I",45,"000724FA69","2023.02.07","G75","2",1899-12-30 14:58:00,"GHI","6down",11.95,"RW","Thinned the layer of sand, too little feeding",15,"UniqueID3",8,"8917155","Ranes","F","2023.02.06","2023.02.09","Lemur",4,"I",30.5,1899-12-30 19:13:00,"SA",26.3,1899-12-30 18:31:00,"RM",16.3,NA,"ME/BLY","RFW"
"442","45I",45,"000724FA69","2023.02.07","G71","2",1899-12-30 13:01:00,"GHI","6up",11.9,"RW",NA,11,"UniqueID3",6,"8917155","Ranes","F","2023.02.06","2023.02.09","Lemur",4,"I",30.5,1899-12-30 19:13:00,"SA",26.3,1899-12-30 18:31:00,"RM",16.3,NA,"ME/BLY","RFW"
"443","45I",45,"000724FA69","2023.02.07","G79","2",1899-12-30 16:59:00,"GHI","1up",10.65,"SA",NA,19,"UniqueID3",10,"8917155","Ranes","F","2023.02.06","2023.02.09","Lemur",4,"I",30.5,1899-12-30 19:13:00,"SA",26.3,1899-12-30 18:31:00,"RM",16.3,NA,"ME/BLY","RFW"
"444","45I",45,"000724FA69","2023.02.07","G61","2",1899-12-30 08:01:00,"GHI","5up",11.95,"RM",NA,1,"UniqueID3",1,"8917155","Ranes","F","2023.02.06","2023.02.09","Lemur",4,"I",30.5,1899-12-30 19:13:00,"SA",26.3,1899-12-30 18:31:00,"RM",16.3,NA,"ME/BLY","RFW"
"445","45I",45,"000724FA69","2023.02.07","G73","2",1899-12-30 14:00:00,"GHI","4down",12,"RW",NA,13,"UniqueID3",7,"8917155","Ranes","F","2023.02.06","2023.02.09","Lemur",4,"I",30.5,1899-12-30 19:13:00,"SA",26.3,1899-12-30 18:31:00,"RM",16.3,NA,"ME/BLY","RFW"
"446","45I",45,"000724FA69","2023.02.07","G65","2",1899-12-30 10:01:00,"GHI","5down",11.95,"CdG",NA,5,"UniqueID3",3,"8917155","Ranes","F","2023.02.06","2023.02.09","Lemur",4,"I",30.5,1899-12-30 19:13:00,"SA",26.3,1899-12-30 18:31:00,"RM",16.3,NA,"ME/BLY","RFW"
"447","45I",45,"000724FA69","2023.02.07","G67","2",1899-12-30 11:00:00,"GHI","6up",11.9,"RM",NA,7,"UniqueID3",4,"8917155","Ranes","F","2023.02.06","2023.02.09","Lemur",4,"I",30.5,1899-12-30 19:13:00,"SA",26.3,1899-12-30 18:31:00,"RM",16.3,NA,"ME/BLY","RFW"
"448","45I",45,"000724FA69","2023.02.07","G77","2",1899-12-30 15:59:00,"GHI","2down",10.25,"RW",NA,17,"UniqueID3",9,"8917155","Ranes","F","2023.02.06","2023.02.09","Lemur",4,"I",30.5,1899-12-30 19:13:00,"SA",26.3,1899-12-30 18:31:00,"RM",16.3,NA,"ME/BLY","RFW"
"449","45I",45,"000724FA69","2023.02.07","G69","2",1899-12-30 11:59:00,"GHI","5down",12,"CdG",NA,9,"UniqueID3",5,"8917155","Ranes","F","2023.02.06","2023.02.09","Lemur",4,"I",30.5,1899-12-30 19:13:00,"SA",26.3,1899-12-30 18:31:00,"RM",16.3,NA,"ME/BLY","RFW"
"450","45I",45,"000724FA69","2023.02.07","G63","2",1899-12-30 09:00:00,"GHI","1up",12,"CdG",NA,3,"UniqueID3",2,"8917155","Ranes","F","2023.02.06","2023.02.09","Lemur",4,"I",30.5,1899-12-30 19:13:00,"SA",26.3,1899-12-30 18:31:00,"RM",16.3,NA,"ME/BLY","RFW"
"451","45J",45,"000724C377","2023.02.07","G61","1",1899-12-30 08:01:00,"JKL","2up",12,"CdG",NA,1,"UniqueID1",1,"8917426","Ranes","F","2023.02.06","2023.02.09","Yoga",4,"J",31.1,1899-12-30 19:14:00,"SA",27.6,1899-12-30 18:38:00,"RM",16.2,NA,"ME/BLY","RFO"
"452","45J",45,"000724C377","2023.02.07","G63","1",1899-12-30 09:00:00,"JKL","5down",12.05,"RM",NA,3,"UniqueID1",2,"8917426","Ranes","F","2023.02.06","2023.02.09","Yoga",4,"J",31.1,1899-12-30 19:14:00,"SA",27.6,1899-12-30 18:38:00,"RM",16.2,NA,"ME/BLY","RFO"
"453","45J",45,"000724C377","2023.02.07","G71","1",1899-12-30 13:01:00,"JKL","3up",11.95,"SA",NA,11,"UniqueID1",6,"8917426","Ranes","F","2023.02.06","2023.02.09","Yoga",4,"J",31.1,1899-12-30 19:14:00,"SA",27.6,1899-12-30 18:38:00,"RM",16.2,NA,"ME/BLY","RFO"
"454","45J",45,"000724C377","2023.02.07","G67","1",1899-12-30 11:00:00,"JKL","4up",11.95,"CdG",NA,7,"UniqueID1",4,"8917426","Ranes","F","2023.02.06","2023.02.09","Yoga",4,"J",31.1,1899-12-30 19:14:00,"SA",27.6,1899-12-30 18:38:00,"RM",16.2,NA,"ME/BLY","RFO"
"455","45J",45,"000724C377","2023.02.07","G73","1",1899-12-30 14:00:00,"JKL","2down",10.4,"SA",NA,13,"UniqueID1",7,"8917426","Ranes","F","2023.02.06","2023.02.09","Yoga",4,"J",31.1,1899-12-30 19:14:00,"SA",27.6,1899-12-30 18:38:00,"RM",16.2,NA,"ME/BLY","RFO"
"456","45J",45,"000724C377","2023.02.07","G77","1",1899-12-30 15:59:00,"JKL","1down",10.05,"SA",NA,17,"UniqueID1",9,"8917426","Ranes","F","2023.02.06","2023.02.09","Yoga",4,"J",31.1,1899-12-30 19:14:00,"SA",27.6,1899-12-30 18:38:00,"RM",16.2,NA,"ME/BLY","RFO"
"457","45J",45,"000724C377","2023.02.07","G79","1",1899-12-30 16:59:00,"JKL","4down",11.6,"RW",NA,19,"UniqueID1",10,"8917426","Ranes","F","2023.02.06","2023.02.09","Yoga",4,"J",31.1,1899-12-30 19:14:00,"SA",27.6,1899-12-30 18:38:00,"RM",16.2,NA,"ME/BLY","RFO"
"458","45J",45,"000724C377","2023.02.07","G65","1",1899-12-30 10:01:00,"JKL","6up",11.7,"RM",NA,5,"UniqueID1",3,"8917426","Ranes","F","2023.02.06","2023.02.09","Yoga",4,"J",31.1,1899-12-30 19:14:00,"SA",27.6,1899-12-30 18:38:00,"RM",16.2,NA,"ME/BLY","RFO"
"459","45J",45,"000724C377","2023.02.07","G75","1",1899-12-30 14:58:00,"JKL","4up",10.5,"SA","Thinned the layer of sand due to little feeding",15,"UniqueID1",8,"8917426","Ranes","F","2023.02.06","2023.02.09","Yoga",4,"J",31.1,1899-12-30 19:14:00,"SA",27.6,1899-12-30 18:38:00,"RM",16.2,NA,"ME/BLY","RFO"
"460","45J",45,"000724C377","2023.02.07","G69","1",1899-12-30 11:59:00,"JKL","3down",10.1,"RM",NA,9,"UniqueID1",5,"8917426","Ranes","F","2023.02.06","2023.02.09","Yoga",4,"J",31.1,1899-12-30 19:14:00,"SA",27.6,1899-12-30 18:38:00,"RM",16.2,NA,"ME/BLY","RFO"
"461","45K",45,"000724F217","2023.02.07","G71","1",1899-12-30 13:01:00,"JKL","3up",11.95,"SA",NA,11,"UniqueID2",6,"8P31139","Ranes","M","2023.02.06","2023.02.09","Ghost",4,"K",29.5,1899-12-30 19:17:00,"SA",27.5,1899-12-30 18:18:00,"RM",16,NA,"BLY/ME","RFMB"
"462","45K",45,"000724F217","2023.02.07","G61","1",1899-12-30 08:01:00,"JKL","2up",12,"CdG",NA,1,"UniqueID2",1,"8P31139","Ranes","M","2023.02.06","2023.02.09","Ghost",4,"K",29.5,1899-12-30 19:17:00,"SA",27.5,1899-12-30 18:18:00,"RM",16,NA,"BLY/ME","RFMB"
"463","45K",45,"000724F217","2023.02.07","G67","1",1899-12-30 11:00:00,"JKL","4up",11.95,"CdG",NA,7,"UniqueID2",4,"8P31139","Ranes","M","2023.02.06","2023.02.09","Ghost",4,"K",29.5,1899-12-30 19:17:00,"SA",27.5,1899-12-30 18:18:00,"RM",16,NA,"BLY/ME","RFMB"
"464","45K",45,"000724F217","2023.02.07","G75","1",1899-12-30 14:58:00,"JKL","4up",10.5,"SA","Thinned the layer of sand due to little feeding",15,"UniqueID2",8,"8P31139","Ranes","M","2023.02.06","2023.02.09","Ghost",4,"K",29.5,1899-12-30 19:17:00,"SA",27.5,1899-12-30 18:18:00,"RM",16,NA,"BLY/ME","RFMB"
"465","45K",45,"000724F217","2023.02.07","G73","1",1899-12-30 14:00:00,"JKL","2down",10.4,"SA",NA,13,"UniqueID2",7,"8P31139","Ranes","M","2023.02.06","2023.02.09","Ghost",4,"K",29.5,1899-12-30 19:17:00,"SA",27.5,1899-12-30 18:18:00,"RM",16,NA,"BLY/ME","RFMB"
"466","45K",45,"000724F217","2023.02.07","G65","1",1899-12-30 10:01:00,"JKL","6up",11.7,"RM",NA,5,"UniqueID2",3,"8P31139","Ranes","M","2023.02.06","2023.02.09","Ghost",4,"K",29.5,1899-12-30 19:17:00,"SA",27.5,1899-12-30 18:18:00,"RM",16,NA,"BLY/ME","RFMB"
"467","45K",45,"000724F217","2023.02.07","G79","1",1899-12-30 16:59:00,"JKL","4down",11.6,"RW",NA,19,"UniqueID2",10,"8P31139","Ranes","M","2023.02.06","2023.02.09","Ghost",4,"K",29.5,1899-12-30 19:17:00,"SA",27.5,1899-12-30 18:18:00,"RM",16,NA,"BLY/ME","RFMB"
"468","45K",45,"000724F217","2023.02.07","G77","1",1899-12-30 15:59:00,"JKL","1down",10.05,"SA",NA,17,"UniqueID2",9,"8P31139","Ranes","M","2023.02.06","2023.02.09","Ghost",4,"K",29.5,1899-12-30 19:17:00,"SA",27.5,1899-12-30 18:18:00,"RM",16,NA,"BLY/ME","RFMB"
"469","45K",45,"000724F217","2023.02.07","G63","1",1899-12-30 09:00:00,"JKL","5down",12.05,"RM",NA,3,"UniqueID2",2,"8P31139","Ranes","M","2023.02.06","2023.02.09","Ghost",4,"K",29.5,1899-12-30 19:17:00,"SA",27.5,1899-12-30 18:18:00,"RM",16,NA,"BLY/ME","RFMB"
"470","45K",45,"000724F217","2023.02.07","G69","1",1899-12-30 11:59:00,"JKL","3down",10.1,"RM",NA,9,"UniqueID2",5,"8P31139","Ranes","M","2023.02.06","2023.02.09","Ghost",4,"K",29.5,1899-12-30 19:17:00,"SA",27.5,1899-12-30 18:18:00,"RM",16,NA,"BLY/ME","RFMB"
"471","45L",45,"000724FC73","2023.02.07","G73","1",1899-12-30 14:00:00,"JKL","2down",10.4,"SA",NA,13,"UniqueID3",7,"8P31049","Ranes","F","2023.02.06","2023.02.09","Footballer",4,"L",28.5,1899-12-30 19:19:00,"RW",26.9,1899-12-30 18:45:00,"RM",14.5,NA,"ME/O","RFMB"
"472","45L",45,"000724FC73","2023.02.07","G63","1",1899-12-30 09:00:00,"JKL","5down",12.05,"RM",NA,3,"UniqueID3",2,"8P31049","Ranes","F","2023.02.06","2023.02.09","Footballer",4,"L",28.5,1899-12-30 19:19:00,"RW",26.9,1899-12-30 18:45:00,"RM",14.5,NA,"ME/O","RFMB"
"473","45L",45,"000724FC73","2023.02.07","G75","1",1899-12-30 14:58:00,"JKL","4up",10.5,"SA","Thinned the layer of sand due to little feeding",15,"UniqueID3",8,"8P31049","Ranes","F","2023.02.06","2023.02.09","Footballer",4,"L",28.5,1899-12-30 19:19:00,"RW",26.9,1899-12-30 18:45:00,"RM",14.5,NA,"ME/O","RFMB"
"474","45L",45,"000724FC73","2023.02.07","G71","1",1899-12-30 13:01:00,"JKL","3up",11.95,"SA",NA,11,"UniqueID3",6,"8P31049","Ranes","F","2023.02.06","2023.02.09","Footballer",4,"L",28.5,1899-12-30 19:19:00,"RW",26.9,1899-12-30 18:45:00,"RM",14.5,NA,"ME/O","RFMB"
"475","45L",45,"000724FC73","2023.02.07","G79","1",1899-12-30 16:59:00,"JKL","4down",11.6,"RW",NA,19,"UniqueID3",10,"8P31049","Ranes","F","2023.02.06","2023.02.09","Footballer",4,"L",28.5,1899-12-30 19:19:00,"RW",26.9,1899-12-30 18:45:00,"RM",14.5,NA,"ME/O","RFMB"
"476","45L",45,"000724FC73","2023.02.07","G61","1",1899-12-30 08:01:00,"JKL","2up",12,"CdG",NA,1,"UniqueID3",1,"8P31049","Ranes","F","2023.02.06","2023.02.09","Footballer",4,"L",28.5,1899-12-30 19:19:00,"RW",26.9,1899-12-30 18:45:00,"RM",14.5,NA,"ME/O","RFMB"
"477","45L",45,"000724FC73","2023.02.07","G65","1",1899-12-30 10:01:00,"JKL","6up",11.7,"RM",NA,5,"UniqueID3",3,"8P31049","Ranes","F","2023.02.06","2023.02.09","Footballer",4,"L",28.5,1899-12-30 19:19:00,"RW",26.9,1899-12-30 18:45:00,"RM",14.5,NA,"ME/O","RFMB"
"478","45L",45,"000724FC73","2023.02.07","G77","1",1899-12-30 15:59:00,"JKL","1down",10.05,"SA",NA,17,"UniqueID3",9,"8P31049","Ranes","F","2023.02.06","2023.02.09","Footballer",4,"L",28.5,1899-12-30 19:19:00,"RW",26.9,1899-12-30 18:45:00,"RM",14.5,NA,"ME/O","RFMB"
"479","45L",45,"000724FC73","2023.02.07","G69","1",1899-12-30 11:59:00,"JKL","3down",10.1,"RM",NA,9,"UniqueID3",5,"8P31049","Ranes","F","2023.02.06","2023.02.09","Footballer",4,"L",28.5,1899-12-30 19:19:00,"RW",26.9,1899-12-30 18:45:00,"RM",14.5,NA,"ME/O","RFMB"
"480","45L",45,"000724FC73","2023.02.07","G67","1",1899-12-30 11:00:00,"JKL","4up",11.95,"CdG",NA,7,"UniqueID3",4,"8P31049","Ranes","F","2023.02.06","2023.02.09","Footballer",4,"L",28.5,1899-12-30 19:19:00,"RW",26.9,1899-12-30 18:45:00,"RM",14.5,NA,"ME/O","RFMB"
"481","51A",51,"000724F43A","2023.02.21","G98","2",1899-12-30 16:50:00,"ABC","5down",11.3,"SL","Lemur & Yoga lost backpack",18,"UniqueID1",10,"8P26894","Selnes","F","2023.02.19","2023.02.21","J",1,"A",29.3,1899-12-30 17:37:00,"SL",26.6,1899-12-30 19:22:00,"SL",19.2,NA,"ME/GR","RFRS"
"482","51A",51,"000724F43A","2023.02.21","G92","2",1899-12-30 13:30:00,"ABC","5up",8.7,"RM","Lemur & Yoga had to be caught with a mistnet",12,"UniqueID1",7,"8P26894","Selnes","F","2023.02.19","2023.02.21","J",1,"A",29.3,1899-12-30 17:37:00,"SL",26.6,1899-12-30 19:22:00,"SL",19.2,NA,"ME/GR","RFRS"
"483","51A",51,"000724F43A","2023.02.21","G100","2",1899-12-30 17:50:00,"ABC","4down",11.7,"SL","No start time in sheet",20,"UniqueID1",1,"8P26894","Selnes","F","2023.02.19","2023.02.21","J",1,"A",29.3,1899-12-30 17:37:00,"SL",26.6,1899-12-30 19:22:00,"SL",19.2,NA,"ME/GR","RFRS"
"484","51A",51,"000724F43A","2023.02.21","G88","2",1899-12-30 11:31:00,"ABC","4down",11.95,"SL",NA,8,"UniqueID1",5,"8P26894","Selnes","F","2023.02.19","2023.02.21","J",1,"A",29.3,1899-12-30 17:37:00,"SL",26.6,1899-12-30 19:22:00,"SL",19.2,NA,"ME/GR","RFRS"
"485","51A",51,"000724F43A","2023.02.21","G86","2",1899-12-30 10:30:00,"ABC","6down",12,"SL",NA,6,"UniqueID1",4,"8P26894","Selnes","F","2023.02.19","2023.02.21","J",1,"A",29.3,1899-12-30 17:37:00,"SL",26.6,1899-12-30 19:22:00,"SL",19.2,NA,"ME/GR","RFRS"
"486","51A",51,"000724F43A","2023.02.21","G84","2",1899-12-30 09:30:00,"ABC","2up",11.4,"SL",NA,4,"UniqueID1",3,"8P26894","Selnes","F","2023.02.19","2023.02.21","J",1,"A",29.3,1899-12-30 17:37:00,"SL",26.6,1899-12-30 19:22:00,"SL",19.2,NA,"ME/GR","RFRS"
"487","51A",51,"000724F43A","2023.02.21","G90","2",1899-12-30 12:30:00,"ABC","1up",9.3,"RM",NA,10,"UniqueID1",6,"8P26894","Selnes","F","2023.02.19","2023.02.21","J",1,"A",29.3,1899-12-30 17:37:00,"SL",26.6,1899-12-30 19:22:00,"SL",19.2,NA,"ME/GR","RFRS"
"488","51A",51,"000724F43A","2023.02.21","G94","2",1899-12-30 14:40:00,"ABC","4up",11.2,"RM",NA,14,"UniqueID1",8,"8P26894","Selnes","F","2023.02.19","2023.02.21","J",1,"A",29.3,1899-12-30 17:37:00,"SL",26.6,1899-12-30 19:22:00,"SL",19.2,NA,"ME/GR","RFRS"
"489","51A",51,"000724F43A","2023.02.21","G96","2",1899-12-30 15:50:00,"ABC","3up",11.15,"RM",NA,16,"UniqueID1",9,"8P26894","Selnes","F","2023.02.19","2023.02.21","J",1,"A",29.3,1899-12-30 17:37:00,"SL",26.6,1899-12-30 19:22:00,"SL",19.2,NA,"ME/GR","RFRS"
"490","51A",51,"000724F43A","2023.02.21","G82","2",1899-12-30 08:31:00,"ABC","2down",12.05,"SL",NA,2,"UniqueID1",2,"8P26894","Selnes","F","2023.02.19","2023.02.21","J",1,"A",29.3,1899-12-30 17:37:00,"SL",26.6,1899-12-30 19:22:00,"SL",19.2,NA,"ME/GR","RFRS"
"491","51B",51,"000724BF5B","2023.02.21","G88","2",1899-12-30 11:31:00,"ABC","4down",11.95,"SL",NA,8,"UniqueID2",5,"8P47120","Selnes","M","2023.02.19","2023.02.21","Lemur",1,"B",28.2,1899-12-30 17:38:00,"RM",26.3,1899-12-30 18:36:00,"SL",17,NA,"RFR","ME/RSW"
"492","51B",51,"000724BF5B","2023.02.21","G100","2",1899-12-30 17:50:00,"ABC","4down",11.7,"SL","No start time in sheet",20,"UniqueID2",1,"8P47120","Selnes","M","2023.02.19","2023.02.21","Lemur",1,"B",28.2,1899-12-30 17:38:00,"RM",26.3,1899-12-30 18:36:00,"SL",17,NA,"RFR","ME/RSW"
"493","51B",51,"000724BF5B","2023.02.21","G84","2",1899-12-30 09:30:00,"ABC","2up",11.4,"SL",NA,4,"UniqueID2",3,"8P47120","Selnes","M","2023.02.19","2023.02.21","Lemur",1,"B",28.2,1899-12-30 17:38:00,"RM",26.3,1899-12-30 18:36:00,"SL",17,NA,"RFR","ME/RSW"
"494","51B",51,"000724BF5B","2023.02.21","G90","2",1899-12-30 12:30:00,"ABC","1up",9.3,"RM",NA,10,"UniqueID2",6,"8P47120","Selnes","M","2023.02.19","2023.02.21","Lemur",1,"B",28.2,1899-12-30 17:38:00,"RM",26.3,1899-12-30 18:36:00,"SL",17,NA,"RFR","ME/RSW"
"495","51B",51,"000724BF5B","2023.02.21","G92","2",1899-12-30 13:30:00,"ABC","5up",8.7,"RM","Lemur & Yoga had to be caught with a mistnet",12,"UniqueID2",7,"8P47120","Selnes","M","2023.02.19","2023.02.21","Lemur",1,"B",28.2,1899-12-30 17:38:00,"RM",26.3,1899-12-30 18:36:00,"SL",17,NA,"RFR","ME/RSW"
"496","51B",51,"000724BF5B","2023.02.21","G94","2",1899-12-30 14:40:00,"ABC","4up",11.2,"RM",NA,14,"UniqueID2",8,"8P47120","Selnes","M","2023.02.19","2023.02.21","Lemur",1,"B",28.2,1899-12-30 17:38:00,"RM",26.3,1899-12-30 18:36:00,"SL",17,NA,"RFR","ME/RSW"
"497","51B",51,"000724BF5B","2023.02.21","G82","2",1899-12-30 08:31:00,"ABC","2down",12.05,"SL",NA,2,"UniqueID2",2,"8P47120","Selnes","M","2023.02.19","2023.02.21","Lemur",1,"B",28.2,1899-12-30 17:38:00,"RM",26.3,1899-12-30 18:36:00,"SL",17,NA,"RFR","ME/RSW"
"498","51B",51,"000724BF5B","2023.02.21","G86","2",1899-12-30 10:30:00,"ABC","6down",12,"SL",NA,6,"UniqueID2",4,"8P47120","Selnes","M","2023.02.19","2023.02.21","Lemur",1,"B",28.2,1899-12-30 17:38:00,"RM",26.3,1899-12-30 18:36:00,"SL",17,NA,"RFR","ME/RSW"
"499","51B",51,"000724BF5B","2023.02.21","G96","2",1899-12-30 15:50:00,"ABC","3up",11.15,"RM",NA,16,"UniqueID2",9,"8P47120","Selnes","M","2023.02.19","2023.02.21","Lemur",1,"B",28.2,1899-12-30 17:38:00,"RM",26.3,1899-12-30 18:36:00,"SL",17,NA,"RFR","ME/RSW"
"500","51B",51,"000724BF5B","2023.02.21","G98","2",1899-12-30 16:50:00,"ABC","5down",11.3,"SL","Lemur & Yoga lost backpack",18,"UniqueID2",10,"8P47120","Selnes","M","2023.02.19","2023.02.21","Lemur",1,"B",28.2,1899-12-30 17:38:00,"RM",26.3,1899-12-30 18:36:00,"SL",17,NA,"RFR","ME/RSW"
"501","51C",51,"000724C43A","2023.02.21","G92","2",1899-12-30 13:30:00,"ABC","5up",8.7,"RM","Lemur & Yoga had to be caught with a mistnet",12,"UniqueID3",7,"8P47119","Selnes","F","2023.02.19","2023.02.21","Footballer",1,"C",33.4,1899-12-30 17:44:00,"RM",29.8,1899-12-30 19:03:00,"SL",17.5,NA,"RFMB","BLY/ME"
"502","51C",51,"000724C43A","2023.02.21","G98","2",1899-12-30 16:50:00,"ABC","5down",11.3,"SL","Lemur & Yoga lost backpack",18,"UniqueID3",10,"8P47119","Selnes","F","2023.02.19","2023.02.21","Footballer",1,"C",33.4,1899-12-30 17:44:00,"RM",29.8,1899-12-30 19:03:00,"SL",17.5,NA,"RFMB","BLY/ME"
"503","51C",51,"000724C43A","2023.02.21","G100","2",1899-12-30 17:50:00,"ABC","4down",11.7,"SL","No start time in sheet",20,"UniqueID3",1,"8P47119","Selnes","F","2023.02.19","2023.02.21","Footballer",1,"C",33.4,1899-12-30 17:44:00,"RM",29.8,1899-12-30 19:03:00,"SL",17.5,NA,"RFMB","BLY/ME"
"504","51C",51,"000724C43A","2023.02.21","G86","2",1899-12-30 10:30:00,"ABC","6down",12,"SL",NA,6,"UniqueID3",4,"8P47119","Selnes","F","2023.02.19","2023.02.21","Footballer",1,"C",33.4,1899-12-30 17:44:00,"RM",29.8,1899-12-30 19:03:00,"SL",17.5,NA,"RFMB","BLY/ME"
"505","51C",51,"000724C43A","2023.02.21","G94","2",1899-12-30 14:40:00,"ABC","4up",11.2,"RM",NA,14,"UniqueID3",8,"8P47119","Selnes","F","2023.02.19","2023.02.21","Footballer",1,"C",33.4,1899-12-30 17:44:00,"RM",29.8,1899-12-30 19:03:00,"SL",17.5,NA,"RFMB","BLY/ME"
"506","51C",51,"000724C43A","2023.02.21","G88","2",1899-12-30 11:31:00,"ABC","4down",11.95,"SL",NA,8,"UniqueID3",5,"8P47119","Selnes","F","2023.02.19","2023.02.21","Footballer",1,"C",33.4,1899-12-30 17:44:00,"RM",29.8,1899-12-30 19:03:00,"SL",17.5,NA,"RFMB","BLY/ME"
"507","51C",51,"000724C43A","2023.02.21","G82","2",1899-12-30 08:31:00,"ABC","2down",12.05,"SL",NA,2,"UniqueID3",2,"8P47119","Selnes","F","2023.02.19","2023.02.21","Footballer",1,"C",33.4,1899-12-30 17:44:00,"RM",29.8,1899-12-30 19:03:00,"SL",17.5,NA,"RFMB","BLY/ME"
"508","51C",51,"000724C43A","2023.02.21","G84","2",1899-12-30 09:30:00,"ABC","2up",11.4,"SL",NA,4,"UniqueID3",3,"8P47119","Selnes","F","2023.02.19","2023.02.21","Footballer",1,"C",33.4,1899-12-30 17:44:00,"RM",29.8,1899-12-30 19:03:00,"SL",17.5,NA,"RFMB","BLY/ME"
"509","51C",51,"000724C43A","2023.02.21","G90","2",1899-12-30 12:30:00,"ABC","1up",9.3,"RM",NA,10,"UniqueID3",6,"8P47119","Selnes","F","2023.02.19","2023.02.21","Footballer",1,"C",33.4,1899-12-30 17:44:00,"RM",29.8,1899-12-30 19:03:00,"SL",17.5,NA,"RFMB","BLY/ME"
"510","51C",51,"000724C43A","2023.02.21","G96","2",1899-12-30 15:50:00,"ABC","3up",11.15,"RM",NA,16,"UniqueID3",9,"8P47119","Selnes","F","2023.02.19","2023.02.21","Footballer",1,"C",33.4,1899-12-30 17:44:00,"RM",29.8,1899-12-30 19:03:00,"SL",17.5,NA,"RFMB","BLY/ME"
"511","51D",51,"000724C2D6","2023.02.21","G84","1",1899-12-30 09:30:00,"DEF","5up",9.25,"RW",NA,4,"UniqueID1",3,"8P14986","Selnes","M","2023.02.19","2023.02.21","Water_faucet",1,"D",30.5,1899-12-30 17:47:00,"RM",27.8,1899-12-30 18:55:00,"SL",18.5,NA,"RFMB","GR/ME"
"512","51D",51,"000724C2D6","2023.02.21","G90","1",1899-12-30 12:30:00,"DEF","6down",11.85,"CdG",NA,10,"UniqueID1",6,"8P14986","Selnes","M","2023.02.19","2023.02.21","Water_faucet",1,"D",30.5,1899-12-30 17:47:00,"RM",27.8,1899-12-30 18:55:00,"SL",18.5,NA,"RFMB","GR/ME"
"513","51D",51,"000724C2D6","2023.02.21","G92","1",1899-12-30 13:30:00,"DEF","2down",11.6,"CdG",NA,12,"UniqueID1",7,"8P14986","Selnes","M","2023.02.19","2023.02.21","Water_faucet",1,"D",30.5,1899-12-30 17:47:00,"RM",27.8,1899-12-30 18:55:00,"SL",18.5,NA,"RFMB","GR/ME"
"514","51D",51,"000724C2D6","2023.02.21","G88","1",1899-12-30 11:31:00,"DEF","5down",8.6,"RW",NA,8,"UniqueID1",5,"8P14986","Selnes","M","2023.02.19","2023.02.21","Water_faucet",1,"D",30.5,1899-12-30 17:47:00,"RM",27.8,1899-12-30 18:55:00,"SL",18.5,NA,"RFMB","GR/ME"
"515","51D",51,"000724C2D6","2023.02.21","G82","1",1899-12-30 08:31:00,"DEF","3up",9.2,"RW",NA,2,"UniqueID1",2,"8P14986","Selnes","M","2023.02.19","2023.02.21","Water_faucet",1,"D",30.5,1899-12-30 17:47:00,"RM",27.8,1899-12-30 18:55:00,"SL",18.5,NA,"RFMB","GR/ME"
"516","51D",51,"000724C2D6","2023.02.21","G98","1",1899-12-30 16:50:00,"DEF","5down",10.35,"RM","No start time in sheet",18,"UniqueID1",10,"8P14986","Selnes","M","2023.02.19","2023.02.21","Water_faucet",1,"D",30.5,1899-12-30 17:47:00,"RM",27.8,1899-12-30 18:55:00,"SL",18.5,NA,"RFMB","GR/ME"
"517","51D",51,"000724C2D6","2023.02.21","G94","1",1899-12-30 14:40:00,"DEF","5down",9.3,"CdG",NA,14,"UniqueID1",8,"8P14986","Selnes","M","2023.02.19","2023.02.21","Water_faucet",1,"D",30.5,1899-12-30 17:47:00,"RM",27.8,1899-12-30 18:55:00,"SL",18.5,NA,"RFMB","GR/ME"
"518","51D",51,"000724C2D6","2023.02.21","G86","1",1899-12-30 10:30:00,"DEF","6up",9.7,"RW",NA,6,"UniqueID1",4,"8P14986","Selnes","M","2023.02.19","2023.02.21","Water_faucet",1,"D",30.5,1899-12-30 17:47:00,"RM",27.8,1899-12-30 18:55:00,"SL",18.5,NA,"RFMB","GR/ME"
"519","51D",51,"000724C2D6","2023.02.21","G100","1",1899-12-30 17:50:00,"DEF","3up",7.35,"RW","No start time in sheet",20,"UniqueID1",1,"8P14986","Selnes","M","2023.02.19","2023.02.21","Water_faucet",1,"D",30.5,1899-12-30 17:47:00,"RM",27.8,1899-12-30 18:55:00,"SL",18.5,NA,"RFMB","GR/ME"
"520","51D",51,"000724C2D6","2023.02.21","G96","1",1899-12-30 15:50:00,"DEF","2down",8.35,"SL",NA,16,"UniqueID1",9,"8P14986","Selnes","M","2023.02.19","2023.02.21","Water_faucet",1,"D",30.5,1899-12-30 17:47:00,"RM",27.8,1899-12-30 18:55:00,"SL",18.5,NA,"RFMB","GR/ME"
"521","51E",51,"000724FC74","2023.02.21","G92","1",1899-12-30 13:30:00,"DEF","2down",11.6,"CdG",NA,12,"UniqueID2",7,"8P31040","Selnes","F","2023.02.19","2023.02.21","Ghost",1,"E",30,1899-12-30 17:35:00,"SL",28,1899-12-30 19:13:00,"SL",20.4,"RFID ring tight","RFO","RS/ME"
"522","51E",51,"000724FC74","2023.02.21","G86","1",1899-12-30 10:30:00,"DEF","6up",9.7,"RW",NA,6,"UniqueID2",4,"8P31040","Selnes","F","2023.02.19","2023.02.21","Ghost",1,"E",30,1899-12-30 17:35:00,"SL",28,1899-12-30 19:13:00,"SL",20.4,"RFID ring tight","RFO","RS/ME"
"523","51E",51,"000724FC74","2023.02.21","G100","1",1899-12-30 17:50:00,"DEF","3up",7.35,"RW","No start time in sheet",20,"UniqueID2",1,"8P31040","Selnes","F","2023.02.19","2023.02.21","Ghost",1,"E",30,1899-12-30 17:35:00,"SL",28,1899-12-30 19:13:00,"SL",20.4,"RFID ring tight","RFO","RS/ME"
"524","51E",51,"000724FC74","2023.02.21","G94","1",1899-12-30 14:40:00,"DEF","5down",9.3,"CdG",NA,14,"UniqueID2",8,"8P31040","Selnes","F","2023.02.19","2023.02.21","Ghost",1,"E",30,1899-12-30 17:35:00,"SL",28,1899-12-30 19:13:00,"SL",20.4,"RFID ring tight","RFO","RS/ME"
"525","51E",51,"000724FC74","2023.02.21","G96","1",1899-12-30 15:50:00,"DEF","2down",8.35,"SL",NA,16,"UniqueID2",9,"8P31040","Selnes","F","2023.02.19","2023.02.21","Ghost",1,"E",30,1899-12-30 17:35:00,"SL",28,1899-12-30 19:13:00,"SL",20.4,"RFID ring tight","RFO","RS/ME"
"526","51E",51,"000724FC74","2023.02.21","G84","1",1899-12-30 09:30:00,"DEF","5up",9.25,"RW",NA,4,"UniqueID2",3,"8P31040","Selnes","F","2023.02.19","2023.02.21","Ghost",1,"E",30,1899-12-30 17:35:00,"SL",28,1899-12-30 19:13:00,"SL",20.4,"RFID ring tight","RFO","RS/ME"
"527","51E",51,"000724FC74","2023.02.21","G88","1",1899-12-30 11:31:00,"DEF","5down",8.6,"RW",NA,8,"UniqueID2",5,"8P31040","Selnes","F","2023.02.19","2023.02.21","Ghost",1,"E",30,1899-12-30 17:35:00,"SL",28,1899-12-30 19:13:00,"SL",20.4,"RFID ring tight","RFO","RS/ME"
"528","51E",51,"000724FC74","2023.02.21","G98","1",1899-12-30 16:50:00,"DEF","5down",10.35,"RM","No start time in sheet",18,"UniqueID2",10,"8P31040","Selnes","F","2023.02.19","2023.02.21","Ghost",1,"E",30,1899-12-30 17:35:00,"SL",28,1899-12-30 19:13:00,"SL",20.4,"RFID ring tight","RFO","RS/ME"
"529","51E",51,"000724FC74","2023.02.21","G82","1",1899-12-30 08:31:00,"DEF","3up",9.2,"RW",NA,2,"UniqueID2",2,"8P31040","Selnes","F","2023.02.19","2023.02.21","Ghost",1,"E",30,1899-12-30 17:35:00,"SL",28,1899-12-30 19:13:00,"SL",20.4,"RFID ring tight","RFO","RS/ME"
"530","51E",51,"000724FC74","2023.02.21","G90","1",1899-12-30 12:30:00,"DEF","6down",11.85,"CdG",NA,10,"UniqueID2",6,"8P31040","Selnes","F","2023.02.19","2023.02.21","Ghost",1,"E",30,1899-12-30 17:35:00,"SL",28,1899-12-30 19:13:00,"SL",20.4,"RFID ring tight","RFO","RS/ME"
"531","51F",51,"000724F703","2023.02.21","G90","1",1899-12-30 12:30:00,"DEF","6down",11.85,"CdG",NA,10,"UniqueID3",6,"8P47121","Selnes","F","2023.02.19","2023.02.21","Yoga",1,"F",28.1,1899-12-30 17:31:00,"SL",27,1899-12-30 18:47:00,"SL",16.1,NA,"RFRS","ME/RSW"
"532","51F",51,"000724F703","2023.02.21","G82","1",1899-12-30 08:31:00,"DEF","3up",9.2,"RW",NA,2,"UniqueID3",2,"8P47121","Selnes","F","2023.02.19","2023.02.21","Yoga",1,"F",28.1,1899-12-30 17:31:00,"SL",27,1899-12-30 18:47:00,"SL",16.1,NA,"RFRS","ME/RSW"
"533","51F",51,"000724F703","2023.02.21","G94","1",1899-12-30 14:40:00,"DEF","5down",9.3,"CdG",NA,14,"UniqueID3",8,"8P47121","Selnes","F","2023.02.19","2023.02.21","Yoga",1,"F",28.1,1899-12-30 17:31:00,"SL",27,1899-12-30 18:47:00,"SL",16.1,NA,"RFRS","ME/RSW"
"534","51F",51,"000724F703","2023.02.21","G98","1",1899-12-30 16:50:00,"DEF","5down",10.35,"RM","No start time in sheet",18,"UniqueID3",10,"8P47121","Selnes","F","2023.02.19","2023.02.21","Yoga",1,"F",28.1,1899-12-30 17:31:00,"SL",27,1899-12-30 18:47:00,"SL",16.1,NA,"RFRS","ME/RSW"
"535","51F",51,"000724F703","2023.02.21","G92","1",1899-12-30 13:30:00,"DEF","2down",11.6,"CdG",NA,12,"UniqueID3",7,"8P47121","Selnes","F","2023.02.19","2023.02.21","Yoga",1,"F",28.1,1899-12-30 17:31:00,"SL",27,1899-12-30 18:47:00,"SL",16.1,NA,"RFRS","ME/RSW"
"536","51F",51,"000724F703","2023.02.21","G84","1",1899-12-30 09:30:00,"DEF","5up",9.25,"RW",NA,4,"UniqueID3",3,"8P47121","Selnes","F","2023.02.19","2023.02.21","Yoga",1,"F",28.1,1899-12-30 17:31:00,"SL",27,1899-12-30 18:47:00,"SL",16.1,NA,"RFRS","ME/RSW"
"537","51F",51,"000724F703","2023.02.21","G86","1",1899-12-30 10:30:00,"DEF","6up",9.7,"RW",NA,6,"UniqueID3",4,"8P47121","Selnes","F","2023.02.19","2023.02.21","Yoga",1,"F",28.1,1899-12-30 17:31:00,"SL",27,1899-12-30 18:47:00,"SL",16.1,NA,"RFRS","ME/RSW"
"538","51F",51,"000724F703","2023.02.21","G100","1",1899-12-30 17:50:00,"DEF","3up",7.35,"RW","No start time in sheet",20,"UniqueID3",1,"8P47121","Selnes","F","2023.02.19","2023.02.21","Yoga",1,"F",28.1,1899-12-30 17:31:00,"SL",27,1899-12-30 18:47:00,"SL",16.1,NA,"RFRS","ME/RSW"
"539","51F",51,"000724F703","2023.02.21","G88","1",1899-12-30 11:31:00,"DEF","5down",8.6,"RW",NA,8,"UniqueID3",5,"8P47121","Selnes","F","2023.02.19","2023.02.21","Yoga",1,"F",28.1,1899-12-30 17:31:00,"SL",27,1899-12-30 18:47:00,"SL",16.1,NA,"RFRS","ME/RSW"
"540","51F",51,"000724F703","2023.02.21","G96","1",1899-12-30 15:50:00,"DEF","2down",8.35,"SL",NA,16,"UniqueID3",9,"8P47121","Selnes","F","2023.02.19","2023.02.21","Yoga",1,"F",28.1,1899-12-30 17:31:00,"SL",27,1899-12-30 18:47:00,"SL",16.1,NA,"RFRS","ME/RSW"
"541","52G",52,"000724DFE4","2023.02.21","G93","2",1899-12-30 14:10:00,"GHI","1up",11.95,"CdG",NA,13,"UniqueID1",7,"8P47122","Selnes","M","2023.02.20","2023.02.23","Footballer",2,"G",31.6,1899-12-30 17:39:00,"CdG",28,1899-12-30 16:54:00,"SL",17,NA,"RFO","ME/BLY"
"542","52G",52,"000724DFE4","2023.02.21","G81","2",1899-12-30 08:02:00,"GHI","5up",12,"SL",NA,1,"UniqueID1",1,"8P47122","Selnes","M","2023.02.20","2023.02.23","Footballer",2,"G",31.6,1899-12-30 17:39:00,"CdG",28,1899-12-30 16:54:00,"SL",17,NA,"RFO","ME/BLY"
"543","52G",52,"000724DFE4","2023.02.21","G91","2",1899-12-30 13:00:00,"GHI","4up",12,"CdG",NA,11,"UniqueID1",6,"8P47122","Selnes","M","2023.02.20","2023.02.23","Footballer",2,"G",31.6,1899-12-30 17:39:00,"CdG",28,1899-12-30 16:54:00,"SL",17,NA,"RFO","ME/BLY"
"544","52G",52,"000724DFE4","2023.02.21","G83","2",1899-12-30 09:00:00,"GHI","4up",12,"SL",NA,3,"UniqueID1",2,"8P47122","Selnes","M","2023.02.20","2023.02.23","Footballer",2,"G",31.6,1899-12-30 17:39:00,"CdG",28,1899-12-30 16:54:00,"SL",17,NA,"RFO","ME/BLY"
"545","52G",52,"000724DFE4","2023.02.21","G99","2",1899-12-30 17:20:00,"GHI","6up",10.7,"RM","No start time in sheet",19,"UniqueID1",10,"8P47122","Selnes","M","2023.02.20","2023.02.23","Footballer",2,"G",31.6,1899-12-30 17:39:00,"CdG",28,1899-12-30 16:54:00,"SL",17,NA,"RFO","ME/BLY"
"546","52G",52,"000724DFE4","2023.02.21","G87","2",1899-12-30 11:00:00,"GHI","6down",11.95,"SL",NA,7,"UniqueID1",4,"8P47122","Selnes","M","2023.02.20","2023.02.23","Footballer",2,"G",31.6,1899-12-30 17:39:00,"CdG",28,1899-12-30 16:54:00,"SL",17,NA,"RFO","ME/BLY"
"547","52G",52,"000724DFE4","2023.02.21","G97","2",1899-12-30 16:20:00,"GHI","3down",12,"SL","No start time in sheet",17,"UniqueID1",9,"8P47122","Selnes","M","2023.02.20","2023.02.23","Footballer",2,"G",31.6,1899-12-30 17:39:00,"CdG",28,1899-12-30 16:54:00,"SL",17,NA,"RFO","ME/BLY"
"548","52G",52,"000724DFE4","2023.02.21","G95","2",1899-12-30 15:20:00,"GHI","3up",11.75,"SL",NA,15,"UniqueID1",8,"8P47122","Selnes","M","2023.02.20","2023.02.23","Footballer",2,"G",31.6,1899-12-30 17:39:00,"CdG",28,1899-12-30 16:54:00,"SL",17,NA,"RFO","ME/BLY"
"549","52G",52,"000724DFE4","2023.02.21","G85","2",1899-12-30 10:00:00,"GHI","5up",12.05,"RW",NA,5,"UniqueID1",3,"8P47122","Selnes","M","2023.02.20","2023.02.23","Footballer",2,"G",31.6,1899-12-30 17:39:00,"CdG",28,1899-12-30 16:54:00,"SL",17,NA,"RFO","ME/BLY"
"550","52G",52,"000724DFE4","2023.02.21","G89","2",1899-12-30 12:00:00,"GHI","4down",12,"CdG",NA,9,"UniqueID1",5,"8P47122","Selnes","M","2023.02.20","2023.02.23","Footballer",2,"G",31.6,1899-12-30 17:39:00,"CdG",28,1899-12-30 16:54:00,"SL",17,NA,"RFO","ME/BLY"
"551","52H",52,"000724B3CD","2023.02.21","G91","2",1899-12-30 13:00:00,"GHI","4up",12,"CdG",NA,11,"UniqueID2",6,"8P31038","Selnes","F","2023.02.20","2023.02.23","Water_faucet",2,"H",30.6,1899-12-30 17:41:00,"CdG",25.9,1899-12-30 17:17:00,"RM",17.7,NA,"RFR","LI/ME"
"552","52H",52,"000724B3CD","2023.02.21","G87","2",1899-12-30 11:00:00,"GHI","6down",11.95,"SL",NA,7,"UniqueID2",4,"8P31038","Selnes","F","2023.02.20","2023.02.23","Water_faucet",2,"H",30.6,1899-12-30 17:41:00,"CdG",25.9,1899-12-30 17:17:00,"RM",17.7,NA,"RFR","LI/ME"
"553","52H",52,"000724B3CD","2023.02.21","G85","2",1899-12-30 10:00:00,"GHI","5up",12.05,"RW",NA,5,"UniqueID2",3,"8P31038","Selnes","F","2023.02.20","2023.02.23","Water_faucet",2,"H",30.6,1899-12-30 17:41:00,"CdG",25.9,1899-12-30 17:17:00,"RM",17.7,NA,"RFR","LI/ME"
"554","52H",52,"000724B3CD","2023.02.21","G99","2",1899-12-30 17:20:00,"GHI","6up",10.7,"RM","No start time in sheet",19,"UniqueID2",10,"8P31038","Selnes","F","2023.02.20","2023.02.23","Water_faucet",2,"H",30.6,1899-12-30 17:41:00,"CdG",25.9,1899-12-30 17:17:00,"RM",17.7,NA,"RFR","LI/ME"
"555","52H",52,"000724B3CD","2023.02.21","G81","2",1899-12-30 08:02:00,"GHI","5up",12,"SL",NA,1,"UniqueID2",1,"8P31038","Selnes","F","2023.02.20","2023.02.23","Water_faucet",2,"H",30.6,1899-12-30 17:41:00,"CdG",25.9,1899-12-30 17:17:00,"RM",17.7,NA,"RFR","LI/ME"
"556","52H",52,"000724B3CD","2023.02.21","G93","2",1899-12-30 14:10:00,"GHI","1up",11.95,"CdG",NA,13,"UniqueID2",7,"8P31038","Selnes","F","2023.02.20","2023.02.23","Water_faucet",2,"H",30.6,1899-12-30 17:41:00,"CdG",25.9,1899-12-30 17:17:00,"RM",17.7,NA,"RFR","LI/ME"
"557","52H",52,"000724B3CD","2023.02.21","G97","2",1899-12-30 16:20:00,"GHI","3down",12,"SL","No start time in sheet",17,"UniqueID2",9,"8P31038","Selnes","F","2023.02.20","2023.02.23","Water_faucet",2,"H",30.6,1899-12-30 17:41:00,"CdG",25.9,1899-12-30 17:17:00,"RM",17.7,NA,"RFR","LI/ME"
"558","52H",52,"000724B3CD","2023.02.21","G83","2",1899-12-30 09:00:00,"GHI","4up",12,"SL",NA,3,"UniqueID2",2,"8P31038","Selnes","F","2023.02.20","2023.02.23","Water_faucet",2,"H",30.6,1899-12-30 17:41:00,"CdG",25.9,1899-12-30 17:17:00,"RM",17.7,NA,"RFR","LI/ME"
"559","52H",52,"000724B3CD","2023.02.21","G89","2",1899-12-30 12:00:00,"GHI","4down",12,"CdG",NA,9,"UniqueID2",5,"8P31038","Selnes","F","2023.02.20","2023.02.23","Water_faucet",2,"H",30.6,1899-12-30 17:41:00,"CdG",25.9,1899-12-30 17:17:00,"RM",17.7,NA,"RFR","LI/ME"
"560","52H",52,"000724B3CD","2023.02.21","G95","2",1899-12-30 15:20:00,"GHI","3up",11.75,"SL",NA,15,"UniqueID2",8,"8P31038","Selnes","F","2023.02.20","2023.02.23","Water_faucet",2,"H",30.6,1899-12-30 17:41:00,"CdG",25.9,1899-12-30 17:17:00,"RM",17.7,NA,"RFR","LI/ME"
"561","52I",52,"000724EDB8","2023.02.21","G85","2",1899-12-30 10:00:00,"GHI","5up",12.05,"RW",NA,5,"UniqueID3",3,"8P47123","Selnes","F","2023.02.20","2023.02.23","Ghost",2,"I",29.1,1899-12-30 17:43:00,"CdG",25.5,1899-12-30 16:59:00,"RM",17.4,NA,"RFR","BLY/ME"
"562","52I",52,"000724EDB8","2023.02.21","G91","2",1899-12-30 13:00:00,"GHI","4up",12,"CdG",NA,11,"UniqueID3",6,"8P47123","Selnes","F","2023.02.20","2023.02.23","Ghost",2,"I",29.1,1899-12-30 17:43:00,"CdG",25.5,1899-12-30 16:59:00,"RM",17.4,NA,"RFR","BLY/ME"
"563","52I",52,"000724EDB8","2023.02.21","G83","2",1899-12-30 09:00:00,"GHI","4up",12,"SL",NA,3,"UniqueID3",2,"8P47123","Selnes","F","2023.02.20","2023.02.23","Ghost",2,"I",29.1,1899-12-30 17:43:00,"CdG",25.5,1899-12-30 16:59:00,"RM",17.4,NA,"RFR","BLY/ME"
"564","52I",52,"000724EDB8","2023.02.21","G93","2",1899-12-30 14:10:00,"GHI","1up",11.95,"CdG",NA,13,"UniqueID3",7,"8P47123","Selnes","F","2023.02.20","2023.02.23","Ghost",2,"I",29.1,1899-12-30 17:43:00,"CdG",25.5,1899-12-30 16:59:00,"RM",17.4,NA,"RFR","BLY/ME"
"565","52I",52,"000724EDB8","2023.02.21","G99","2",1899-12-30 17:20:00,"GHI","6up",10.7,"RM","No start time in sheet",19,"UniqueID3",10,"8P47123","Selnes","F","2023.02.20","2023.02.23","Ghost",2,"I",29.1,1899-12-30 17:43:00,"CdG",25.5,1899-12-30 16:59:00,"RM",17.4,NA,"RFR","BLY/ME"
"566","52I",52,"000724EDB8","2023.02.21","G87","2",1899-12-30 11:00:00,"GHI","6down",11.95,"SL",NA,7,"UniqueID3",4,"8P47123","Selnes","F","2023.02.20","2023.02.23","Ghost",2,"I",29.1,1899-12-30 17:43:00,"CdG",25.5,1899-12-30 16:59:00,"RM",17.4,NA,"RFR","BLY/ME"
"567","52I",52,"000724EDB8","2023.02.21","G97","2",1899-12-30 16:20:00,"GHI","3down",12,"SL","No start time in sheet",17,"UniqueID3",9,"8P47123","Selnes","F","2023.02.20","2023.02.23","Ghost",2,"I",29.1,1899-12-30 17:43:00,"CdG",25.5,1899-12-30 16:59:00,"RM",17.4,NA,"RFR","BLY/ME"
"568","52I",52,"000724EDB8","2023.02.21","G95","2",1899-12-30 15:20:00,"GHI","3up",11.75,"SL",NA,15,"UniqueID3",8,"8P47123","Selnes","F","2023.02.20","2023.02.23","Ghost",2,"I",29.1,1899-12-30 17:43:00,"CdG",25.5,1899-12-30 16:59:00,"RM",17.4,NA,"RFR","BLY/ME"
"569","52I",52,"000724EDB8","2023.02.21","G81","2",1899-12-30 08:02:00,"GHI","5up",12,"SL",NA,1,"UniqueID3",1,"8P47123","Selnes","F","2023.02.20","2023.02.23","Ghost",2,"I",29.1,1899-12-30 17:43:00,"CdG",25.5,1899-12-30 16:59:00,"RM",17.4,NA,"RFR","BLY/ME"
"570","52I",52,"000724EDB8","2023.02.21","G89","2",1899-12-30 12:00:00,"GHI","4down",12,"CdG",NA,9,"UniqueID3",5,"8P47123","Selnes","F","2023.02.20","2023.02.23","Ghost",2,"I",29.1,1899-12-30 17:43:00,"CdG",25.5,1899-12-30 16:59:00,"RM",17.4,NA,"RFR","BLY/ME"
"571","52J",52,"000724BA0B","2023.02.21","G85","1",1899-12-30 10:00:00,"JKL","3up",12,"SL",NA,5,"UniqueID1",3,"8P26833","Selnes","M","2023.02.20","2023.02.23","Lemur",2,"J",28.5,1899-12-30 17:45:00,"CdG",27.1,1899-12-30 17:22:00,"RM",15.3,NA,"RSW/ME","RFO"
"572","52J",52,"000724BA0B","2023.02.21","G81","1",1899-12-30 08:02:00,"JKL","5down",11.95,"RW",NA,1,"UniqueID1",1,"8P26833","Selnes","M","2023.02.20","2023.02.23","Lemur",2,"J",28.5,1899-12-30 17:45:00,"CdG",27.1,1899-12-30 17:22:00,"RM",15.3,NA,"RSW/ME","RFO"
"573","52J",52,"000724BA0B","2023.02.21","G83","1",1899-12-30 09:00:00,"JKL","5up",10.65,"RW",NA,3,"UniqueID1",2,"8P26833","Selnes","M","2023.02.20","2023.02.23","Lemur",2,"J",28.5,1899-12-30 17:45:00,"CdG",27.1,1899-12-30 17:22:00,"RM",15.3,NA,"RSW/ME","RFO"
"574","52J",52,"000724BA0B","2023.02.21","G89","1",1899-12-30 12:00:00,"JKL","3down",11,"RW",NA,9,"UniqueID1",5,"8P26833","Selnes","M","2023.02.20","2023.02.23","Lemur",2,"J",28.5,1899-12-30 17:45:00,"CdG",27.1,1899-12-30 17:22:00,"RM",15.3,NA,"RSW/ME","RFO"
"575","52J",52,"000724BA0B","2023.02.21","G87","1",1899-12-30 11:00:00,"JKL","4up",9.55,"RW",NA,7,"UniqueID1",4,"8P26833","Selnes","M","2023.02.20","2023.02.23","Lemur",2,"J",28.5,1899-12-30 17:45:00,"CdG",27.1,1899-12-30 17:22:00,"RM",15.3,NA,"RSW/ME","RFO"
"576","52J",52,"000724BA0B","2023.02.21","G91","1",1899-12-30 13:00:00,"JKL","4up",8.9,"RM",NA,11,"UniqueID1",6,"8P26833","Selnes","M","2023.02.20","2023.02.23","Lemur",2,"J",28.5,1899-12-30 17:45:00,"CdG",27.1,1899-12-30 17:22:00,"RM",15.3,NA,"RSW/ME","RFO"
"577","52J",52,"000724BA0B","2023.02.21","G93","1",1899-12-30 14:10:00,"JKL","6up",10.3,"RM",NA,13,"UniqueID1",7,"8P26833","Selnes","M","2023.02.20","2023.02.23","Lemur",2,"J",28.5,1899-12-30 17:45:00,"CdG",27.1,1899-12-30 17:22:00,"RM",15.3,NA,"RSW/ME","RFO"
"578","52J",52,"000724BA0B","2023.02.21","G99","1",1899-12-30 17:20:00,"JKL","4up",10.75,"SL","No start time in sheet",19,"UniqueID1",10,"8P26833","Selnes","M","2023.02.20","2023.02.23","Lemur",2,"J",28.5,1899-12-30 17:45:00,"CdG",27.1,1899-12-30 17:22:00,"RM",15.3,NA,"RSW/ME","RFO"
"579","52J",52,"000724BA0B","2023.02.21","G95","1",1899-12-30 15:20:00,"JKL","3up",10.3,"SL",NA,15,"UniqueID1",8,"8P26833","Selnes","M","2023.02.20","2023.02.23","Lemur",2,"J",28.5,1899-12-30 17:45:00,"CdG",27.1,1899-12-30 17:22:00,"RM",15.3,NA,"RSW/ME","RFO"
"580","52J",52,"000724BA0B","2023.02.21","G97","1",1899-12-30 16:20:00,"JKL","6up",9.65,"RM","No start time in sheet",17,"UniqueID1",9,"8P26833","Selnes","M","2023.02.20","2023.02.23","Lemur",2,"J",28.5,1899-12-30 17:45:00,"CdG",27.1,1899-12-30 17:22:00,"RM",15.3,NA,"RSW/ME","RFO"
"581","52K",52,"000724CD8D","2023.02.21","G95","1",1899-12-30 15:20:00,"JKL","3up",10.3,"SL",NA,15,"UniqueID2",8,"8P47124","Selnes","M","2023.02.20","2023.02.23","Yoga",2,"K",30.2,1899-12-30 17:47:00,"CdG",27,1899-12-30 17:28:00,"RM",14.1,NA,"RFY","ME/BLY"
"582","52K",52,"000724CD8D","2023.02.21","G99","1",1899-12-30 17:20:00,"JKL","4up",10.75,"SL","No start time in sheet",19,"UniqueID2",10,"8P47124","Selnes","M","2023.02.20","2023.02.23","Yoga",2,"K",30.2,1899-12-30 17:47:00,"CdG",27,1899-12-30 17:28:00,"RM",14.1,NA,"RFY","ME/BLY"
"583","52K",52,"000724CD8D","2023.02.21","G91","1",1899-12-30 13:00:00,"JKL","4up",8.9,"RM",NA,11,"UniqueID2",6,"8P47124","Selnes","M","2023.02.20","2023.02.23","Yoga",2,"K",30.2,1899-12-30 17:47:00,"CdG",27,1899-12-30 17:28:00,"RM",14.1,NA,"RFY","ME/BLY"
"584","52K",52,"000724CD8D","2023.02.21","G89","1",1899-12-30 12:00:00,"JKL","3down",11,"RW",NA,9,"UniqueID2",5,"8P47124","Selnes","M","2023.02.20","2023.02.23","Yoga",2,"K",30.2,1899-12-30 17:47:00,"CdG",27,1899-12-30 17:28:00,"RM",14.1,NA,"RFY","ME/BLY"
"585","52K",52,"000724CD8D","2023.02.21","G97","1",1899-12-30 16:20:00,"JKL","6up",9.65,"RM","No start time in sheet",17,"UniqueID2",9,"8P47124","Selnes","M","2023.02.20","2023.02.23","Yoga",2,"K",30.2,1899-12-30 17:47:00,"CdG",27,1899-12-30 17:28:00,"RM",14.1,NA,"RFY","ME/BLY"
"586","52K",52,"000724CD8D","2023.02.21","G83","1",1899-12-30 09:00:00,"JKL","5up",10.65,"RW",NA,3,"UniqueID2",2,"8P47124","Selnes","M","2023.02.20","2023.02.23","Yoga",2,"K",30.2,1899-12-30 17:47:00,"CdG",27,1899-12-30 17:28:00,"RM",14.1,NA,"RFY","ME/BLY"
"587","52K",52,"000724CD8D","2023.02.21","G93","1",1899-12-30 14:10:00,"JKL","6up",10.3,"RM",NA,13,"UniqueID2",7,"8P47124","Selnes","M","2023.02.20","2023.02.23","Yoga",2,"K",30.2,1899-12-30 17:47:00,"CdG",27,1899-12-30 17:28:00,"RM",14.1,NA,"RFY","ME/BLY"
"588","52K",52,"000724CD8D","2023.02.21","G85","1",1899-12-30 10:00:00,"JKL","3up",12,"SL",NA,5,"UniqueID2",3,"8P47124","Selnes","M","2023.02.20","2023.02.23","Yoga",2,"K",30.2,1899-12-30 17:47:00,"CdG",27,1899-12-30 17:28:00,"RM",14.1,NA,"RFY","ME/BLY"
"589","52K",52,"000724CD8D","2023.02.21","G81","1",1899-12-30 08:02:00,"JKL","5down",11.95,"RW",NA,1,"UniqueID2",1,"8P47124","Selnes","M","2023.02.20","2023.02.23","Yoga",2,"K",30.2,1899-12-30 17:47:00,"CdG",27,1899-12-30 17:28:00,"RM",14.1,NA,"RFY","ME/BLY"
"590","52K",52,"000724CD8D","2023.02.21","G87","1",1899-12-30 11:00:00,"JKL","4up",9.55,"RW",NA,7,"UniqueID2",4,"8P47124","Selnes","M","2023.02.20","2023.02.23","Yoga",2,"K",30.2,1899-12-30 17:47:00,"CdG",27,1899-12-30 17:28:00,"RM",14.1,NA,"RFY","ME/BLY"
"591","52L",52,"000724DCFE","2023.02.21","G95","1",1899-12-30 15:20:00,"JKL","3up",10.3,"SL",NA,15,"UniqueID3",8,"8P11899","Selnes","F","2023.02.20","2023.02.23","J",2,"L",30.9,1899-12-30 17:49:00,"CdG",27.6,1899-12-30 17:12:00,"RM",18.7,"Thickened barcode with a black marker","RFY","ME/DG"
"592","52L",52,"000724DCFE","2023.02.21","G93","1",1899-12-30 14:10:00,"JKL","6up",10.3,"RM",NA,13,"UniqueID3",7,"8P11899","Selnes","F","2023.02.20","2023.02.23","J",2,"L",30.9,1899-12-30 17:49:00,"CdG",27.6,1899-12-30 17:12:00,"RM",18.7,"Thickened barcode with a black marker","RFY","ME/DG"
"593","52L",52,"000724DCFE","2023.02.21","G91","1",1899-12-30 13:00:00,"JKL","4up",8.9,"RM",NA,11,"UniqueID3",6,"8P11899","Selnes","F","2023.02.20","2023.02.23","J",2,"L",30.9,1899-12-30 17:49:00,"CdG",27.6,1899-12-30 17:12:00,"RM",18.7,"Thickened barcode with a black marker","RFY","ME/DG"
"594","52L",52,"000724DCFE","2023.02.21","G97","1",1899-12-30 16:20:00,"JKL","6up",9.65,"RM","No start time in sheet",17,"UniqueID3",9,"8P11899","Selnes","F","2023.02.20","2023.02.23","J",2,"L",30.9,1899-12-30 17:49:00,"CdG",27.6,1899-12-30 17:12:00,"RM",18.7,"Thickened barcode with a black marker","RFY","ME/DG"
"595","52L",52,"000724DCFE","2023.02.21","G87","1",1899-12-30 11:00:00,"JKL","4up",9.55,"RW",NA,7,"UniqueID3",4,"8P11899","Selnes","F","2023.02.20","2023.02.23","J",2,"L",30.9,1899-12-30 17:49:00,"CdG",27.6,1899-12-30 17:12:00,"RM",18.7,"Thickened barcode with a black marker","RFY","ME/DG"
"596","52L",52,"000724DCFE","2023.02.21","G99","1",1899-12-30 17:20:00,"JKL","4up",10.75,"SL","No start time in sheet",19,"UniqueID3",10,"8P11899","Selnes","F","2023.02.20","2023.02.23","J",2,"L",30.9,1899-12-30 17:49:00,"CdG",27.6,1899-12-30 17:12:00,"RM",18.7,"Thickened barcode with a black marker","RFY","ME/DG"
"597","52L",52,"000724DCFE","2023.02.21","G89","1",1899-12-30 12:00:00,"JKL","3down",11,"RW",NA,9,"UniqueID3",5,"8P11899","Selnes","F","2023.02.20","2023.02.23","J",2,"L",30.9,1899-12-30 17:49:00,"CdG",27.6,1899-12-30 17:12:00,"RM",18.7,"Thickened barcode with a black marker","RFY","ME/DG"
"598","52L",52,"000724DCFE","2023.02.21","G81","1",1899-12-30 08:02:00,"JKL","5down",11.95,"RW",NA,1,"UniqueID3",1,"8P11899","Selnes","F","2023.02.20","2023.02.23","J",2,"L",30.9,1899-12-30 17:49:00,"CdG",27.6,1899-12-30 17:12:00,"RM",18.7,"Thickened barcode with a black marker","RFY","ME/DG"
"599","52L",52,"000724DCFE","2023.02.21","G83","1",1899-12-30 09:00:00,"JKL","5up",10.65,"RW",NA,3,"UniqueID3",2,"8P11899","Selnes","F","2023.02.20","2023.02.23","J",2,"L",30.9,1899-12-30 17:49:00,"CdG",27.6,1899-12-30 17:12:00,"RM",18.7,"Thickened barcode with a black marker","RFY","ME/DG"
"600","52L",52,"000724DCFE","2023.02.21","G85","1",1899-12-30 10:00:00,"JKL","3up",12,"SL",NA,5,"UniqueID3",3,"8P11899","Selnes","F","2023.02.20","2023.02.23","J",2,"L",30.9,1899-12-30 17:49:00,"CdG",27.6,1899-12-30 17:12:00,"RM",18.7,"Thickened barcode with a black marker","RFY","ME/DG"
"601","53A",53,"000724FA76","2023.02.28","G102","2",1899-12-30 09:00:00,"ABC","3down",10.1,"CdG",NA,2,"UniqueID1",2,"8P47125","Flenstad","F","2023.02.25","2023.02.28","Water_faucet",1,"A",31.4,1899-12-30 17:36:00,"SL",27.6,1899-12-30 17:28:00,"SL",17.9,NA,"RFRS","RSW/ME"
"602","53A",53,"000724FA76","2023.02.28","G104","2",1899-12-30 11:00:00,"ABC","6down",8.95,"CdG",NA,4,"UniqueID1",4,"8P47125","Flenstad","F","2023.02.25","2023.02.28","Water_faucet",1,"A",31.4,1899-12-30 17:36:00,"SL",27.6,1899-12-30 17:28:00,"SL",17.9,NA,"RFRS","RSW/ME"
"603","53A",53,"000724FA76","2023.02.28","G107","2",1899-12-30 14:00:00,"ABC","6down",9.5,"RM",NA,7,"UniqueID1",7,"8P47125","Flenstad","F","2023.02.25","2023.02.28","Water_faucet",1,"A",31.4,1899-12-30 17:36:00,"SL",27.6,1899-12-30 17:28:00,"SL",17.9,NA,"RFRS","RSW/ME"
"604","53A",53,"000724FA76","2023.02.28","G106","2",1899-12-30 13:00:00,"ABC","3down",8.4,"CdG",NA,6,"UniqueID1",6,"8P47125","Flenstad","F","2023.02.25","2023.02.28","Water_faucet",1,"A",31.4,1899-12-30 17:36:00,"SL",27.6,1899-12-30 17:28:00,"SL",17.9,NA,"RFRS","RSW/ME"
"605","53A",53,"000724FA76","2023.02.28","G103","2",1899-12-30 10:00:00,"ABC","1down",9.55,"CdG",NA,3,"UniqueID1",3,"8P47125","Flenstad","F","2023.02.25","2023.02.28","Water_faucet",1,"A",31.4,1899-12-30 17:36:00,"SL",27.6,1899-12-30 17:28:00,"SL",17.9,NA,"RFRS","RSW/ME"
"606","53A",53,"000724FA76","2023.02.28","G109","2",1899-12-30 16:00:00,"ABC","1down",10.75,"RM",NA,9,"UniqueID1",9,"8P47125","Flenstad","F","2023.02.25","2023.02.28","Water_faucet",1,"A",31.4,1899-12-30 17:36:00,"SL",27.6,1899-12-30 17:28:00,"SL",17.9,NA,"RFRS","RSW/ME"
"607","53A",53,"000724FA76","2023.02.28","G108","2",1899-12-30 15:00:00,"ABC","5up",9.85,"RM",NA,8,"UniqueID1",8,"8P47125","Flenstad","F","2023.02.25","2023.02.28","Water_faucet",1,"A",31.4,1899-12-30 17:36:00,"SL",27.6,1899-12-30 17:28:00,"SL",17.9,NA,"RFRS","RSW/ME"
"608","53A",53,"000724FA76","2023.02.28","G110","2",1899-12-30 17:00:00,"ABC","3down",9.85,"RM",NA,10,"UniqueID1",10,"8P47125","Flenstad","F","2023.02.25","2023.02.28","Water_faucet",1,"A",31.4,1899-12-30 17:36:00,"SL",27.6,1899-12-30 17:28:00,"SL",17.9,NA,"RFRS","RSW/ME"
"609","53A",53,"000724FA76","2023.02.28","G101","2",1899-12-30 08:00:00,"ABC","1down",9.05,"CdG","some seeds flew out of the sieve due to a rogue staple",1,"UniqueID1",1,"8P47125","Flenstad","F","2023.02.25","2023.02.28","Water_faucet",1,"A",31.4,1899-12-30 17:36:00,"SL",27.6,1899-12-30 17:28:00,"SL",17.9,NA,"RFRS","RSW/ME"
"610","53A",53,"000724FA76","2023.02.28","G105","2",1899-12-30 12:00:00,"ABC","5down",9,"CdG",NA,5,"UniqueID1",5,"8P47125","Flenstad","F","2023.02.25","2023.02.28","Water_faucet",1,"A",31.4,1899-12-30 17:36:00,"SL",27.6,1899-12-30 17:28:00,"SL",17.9,NA,"RFRS","RSW/ME"
"611","53B",53,"000724D4F1","2023.02.28","G108","2",1899-12-30 15:00:00,"ABC","5up",9.85,"RM",NA,8,"UniqueID2",8,"8P26892","Flenstad","F","2023.02.25","2023.02.28","J",1,"B",31.7,1899-12-30 17:40:00,"SL",28.5,1899-12-30 17:37:00,"SL",17.1,NA,"ME/GR","RFW"
"612","53B",53,"000724D4F1","2023.02.28","G102","2",1899-12-30 09:00:00,"ABC","3down",10.1,"CdG",NA,2,"UniqueID2",2,"8P26892","Flenstad","F","2023.02.25","2023.02.28","J",1,"B",31.7,1899-12-30 17:40:00,"SL",28.5,1899-12-30 17:37:00,"SL",17.1,NA,"ME/GR","RFW"
"613","53B",53,"000724D4F1","2023.02.28","G107","2",1899-12-30 14:00:00,"ABC","6down",9.5,"RM",NA,7,"UniqueID2",7,"8P26892","Flenstad","F","2023.02.25","2023.02.28","J",1,"B",31.7,1899-12-30 17:40:00,"SL",28.5,1899-12-30 17:37:00,"SL",17.1,NA,"ME/GR","RFW"
"614","53B",53,"000724D4F1","2023.02.28","G110","2",1899-12-30 17:00:00,"ABC","3down",9.85,"RM",NA,10,"UniqueID2",10,"8P26892","Flenstad","F","2023.02.25","2023.02.28","J",1,"B",31.7,1899-12-30 17:40:00,"SL",28.5,1899-12-30 17:37:00,"SL",17.1,NA,"ME/GR","RFW"
"615","53B",53,"000724D4F1","2023.02.28","G109","2",1899-12-30 16:00:00,"ABC","1down",10.75,"RM",NA,9,"UniqueID2",9,"8P26892","Flenstad","F","2023.02.25","2023.02.28","J",1,"B",31.7,1899-12-30 17:40:00,"SL",28.5,1899-12-30 17:37:00,"SL",17.1,NA,"ME/GR","RFW"
"616","53B",53,"000724D4F1","2023.02.28","G101","2",1899-12-30 08:00:00,"ABC","1down",9.05,"CdG","some seeds flew out of the sieve due to a rogue staple",1,"UniqueID2",1,"8P26892","Flenstad","F","2023.02.25","2023.02.28","J",1,"B",31.7,1899-12-30 17:40:00,"SL",28.5,1899-12-30 17:37:00,"SL",17.1,NA,"ME/GR","RFW"
"617","53B",53,"000724D4F1","2023.02.28","G106","2",1899-12-30 13:00:00,"ABC","3down",8.4,"CdG",NA,6,"UniqueID2",6,"8P26892","Flenstad","F","2023.02.25","2023.02.28","J",1,"B",31.7,1899-12-30 17:40:00,"SL",28.5,1899-12-30 17:37:00,"SL",17.1,NA,"ME/GR","RFW"
"618","53B",53,"000724D4F1","2023.02.28","G105","2",1899-12-30 12:00:00,"ABC","5down",9,"CdG",NA,5,"UniqueID2",5,"8P26892","Flenstad","F","2023.02.25","2023.02.28","J",1,"B",31.7,1899-12-30 17:40:00,"SL",28.5,1899-12-30 17:37:00,"SL",17.1,NA,"ME/GR","RFW"
"619","53B",53,"000724D4F1","2023.02.28","G104","2",1899-12-30 11:00:00,"ABC","6down",8.95,"CdG",NA,4,"UniqueID2",4,"8P26892","Flenstad","F","2023.02.25","2023.02.28","J",1,"B",31.7,1899-12-30 17:40:00,"SL",28.5,1899-12-30 17:37:00,"SL",17.1,NA,"ME/GR","RFW"
"620","53B",53,"000724D4F1","2023.02.28","G103","2",1899-12-30 10:00:00,"ABC","1down",9.55,"CdG",NA,3,"UniqueID2",3,"8P26892","Flenstad","F","2023.02.25","2023.02.28","J",1,"B",31.7,1899-12-30 17:40:00,"SL",28.5,1899-12-30 17:37:00,"SL",17.1,NA,"ME/GR","RFW"
"621","53C",53,"000724CD88","2023.02.28","G106","2",1899-12-30 13:00:00,"ABC","3down",8.4,"CdG",NA,6,"UniqueID3",6,"8P26898","Flenstad","F","2023.02.25","2023.02.28","Lemur",1,"C",29.3,1899-12-30 17:37:00,"CdG",28.4,1899-12-30 17:44:00,"SL",19.1,NA,"ME/R","RFY"
"622","53C",53,"000724CD88","2023.02.28","G101","2",1899-12-30 08:00:00,"ABC","1down",9.05,"CdG","some seeds flew out of the sieve due to a rogue staple",1,"UniqueID3",1,"8P26898","Flenstad","F","2023.02.25","2023.02.28","Lemur",1,"C",29.3,1899-12-30 17:37:00,"CdG",28.4,1899-12-30 17:44:00,"SL",19.1,NA,"ME/R","RFY"
"623","53C",53,"000724CD88","2023.02.28","G102","2",1899-12-30 09:00:00,"ABC","3down",10.1,"CdG",NA,2,"UniqueID3",2,"8P26898","Flenstad","F","2023.02.25","2023.02.28","Lemur",1,"C",29.3,1899-12-30 17:37:00,"CdG",28.4,1899-12-30 17:44:00,"SL",19.1,NA,"ME/R","RFY"
"624","53C",53,"000724CD88","2023.02.28","G103","2",1899-12-30 10:00:00,"ABC","1down",9.55,"CdG",NA,3,"UniqueID3",3,"8P26898","Flenstad","F","2023.02.25","2023.02.28","Lemur",1,"C",29.3,1899-12-30 17:37:00,"CdG",28.4,1899-12-30 17:44:00,"SL",19.1,NA,"ME/R","RFY"
"625","53C",53,"000724CD88","2023.02.28","G107","2",1899-12-30 14:00:00,"ABC","6down",9.5,"RM",NA,7,"UniqueID3",7,"8P26898","Flenstad","F","2023.02.25","2023.02.28","Lemur",1,"C",29.3,1899-12-30 17:37:00,"CdG",28.4,1899-12-30 17:44:00,"SL",19.1,NA,"ME/R","RFY"
"626","53C",53,"000724CD88","2023.02.28","G108","2",1899-12-30 15:00:00,"ABC","5up",9.85,"RM",NA,8,"UniqueID3",8,"8P26898","Flenstad","F","2023.02.25","2023.02.28","Lemur",1,"C",29.3,1899-12-30 17:37:00,"CdG",28.4,1899-12-30 17:44:00,"SL",19.1,NA,"ME/R","RFY"
"627","53C",53,"000724CD88","2023.02.28","G104","2",1899-12-30 11:00:00,"ABC","6down",8.95,"CdG",NA,4,"UniqueID3",4,"8P26898","Flenstad","F","2023.02.25","2023.02.28","Lemur",1,"C",29.3,1899-12-30 17:37:00,"CdG",28.4,1899-12-30 17:44:00,"SL",19.1,NA,"ME/R","RFY"
"628","53C",53,"000724CD88","2023.02.28","G109","2",1899-12-30 16:00:00,"ABC","1down",10.75,"RM",NA,9,"UniqueID3",9,"8P26898","Flenstad","F","2023.02.25","2023.02.28","Lemur",1,"C",29.3,1899-12-30 17:37:00,"CdG",28.4,1899-12-30 17:44:00,"SL",19.1,NA,"ME/R","RFY"
"629","53C",53,"000724CD88","2023.02.28","G110","2",1899-12-30 17:00:00,"ABC","3down",9.85,"RM",NA,10,"UniqueID3",10,"8P26898","Flenstad","F","2023.02.25","2023.02.28","Lemur",1,"C",29.3,1899-12-30 17:37:00,"CdG",28.4,1899-12-30 17:44:00,"SL",19.1,NA,"ME/R","RFY"
"630","53C",53,"000724CD88","2023.02.28","G105","2",1899-12-30 12:00:00,"ABC","5down",9,"CdG",NA,5,"UniqueID3",5,"8P26898","Flenstad","F","2023.02.25","2023.02.28","Lemur",1,"C",29.3,1899-12-30 17:37:00,"CdG",28.4,1899-12-30 17:44:00,"SL",19.1,NA,"ME/R","RFY"
"631","53D",53,"000724D959","2023.02.28","G108","1",1899-12-30 15:00:00,"DEF","3down",12,"RM",NA,8,"UniqueID1",8,"8P26805","Flenstad","F","2023.02.25","2023.02.28","Footballer",1,"D",29.5,1899-12-30 17:39:00,"RM",26.8,1899-12-30 17:48:00,"CdG",16.7,"Wound at beak","RSW/ME","RFMB"
"632","53D",53,"000724D959","2023.02.28","G106","1",1899-12-30 13:00:00,"DEF","4up",12.05,"CdG",NA,6,"UniqueID1",6,"8P26805","Flenstad","F","2023.02.25","2023.02.28","Footballer",1,"D",29.5,1899-12-30 17:39:00,"RM",26.8,1899-12-30 17:48:00,"CdG",16.7,"Wound at beak","RSW/ME","RFMB"
"633","53D",53,"000724D959","2023.02.28","G102","1",1899-12-30 09:00:00,"DEF","4down",11.95,"RM",NA,2,"UniqueID1",2,"8P26805","Flenstad","F","2023.02.25","2023.02.28","Footballer",1,"D",29.5,1899-12-30 17:39:00,"RM",26.8,1899-12-30 17:48:00,"CdG",16.7,"Wound at beak","RSW/ME","RFMB"
"634","53D",53,"000724D959","2023.02.28","G104","1",1899-12-30 11:00:00,"DEF","3up",12.05,"CdG",NA,4,"UniqueID1",4,"8P26805","Flenstad","F","2023.02.25","2023.02.28","Footballer",1,"D",29.5,1899-12-30 17:39:00,"RM",26.8,1899-12-30 17:48:00,"CdG",16.7,"Wound at beak","RSW/ME","RFMB"
"635","53D",53,"000724D959","2023.02.28","G105","1",1899-12-30 12:00:00,"DEF","6down",11.85,"CdG",NA,5,"UniqueID1",5,"8P26805","Flenstad","F","2023.02.25","2023.02.28","Footballer",1,"D",29.5,1899-12-30 17:39:00,"RM",26.8,1899-12-30 17:48:00,"CdG",16.7,"Wound at beak","RSW/ME","RFMB"
"636","53D",53,"000724D959","2023.02.28","G101","1",1899-12-30 08:00:00,"DEF","3down",12.05,"RM",NA,1,"UniqueID1",1,"8P26805","Flenstad","F","2023.02.25","2023.02.28","Footballer",1,"D",29.5,1899-12-30 17:39:00,"RM",26.8,1899-12-30 17:48:00,"CdG",16.7,"Wound at beak","RSW/ME","RFMB"
"637","53D",53,"000724D959","2023.02.28","G107","1",1899-12-30 14:00:00,"DEF","4down",12.05,"RM",NA,7,"UniqueID1",7,"8P26805","Flenstad","F","2023.02.25","2023.02.28","Footballer",1,"D",29.5,1899-12-30 17:39:00,"RM",26.8,1899-12-30 17:48:00,"CdG",16.7,"Wound at beak","RSW/ME","RFMB"
"638","53D",53,"000724D959","2023.02.28","G109","1",1899-12-30 16:00:00,"DEF","1down",10,"RM",NA,9,"UniqueID1",9,"8P26805","Flenstad","F","2023.02.25","2023.02.28","Footballer",1,"D",29.5,1899-12-30 17:39:00,"RM",26.8,1899-12-30 17:48:00,"CdG",16.7,"Wound at beak","RSW/ME","RFMB"
"639","53D",53,"000724D959","2023.02.28","G103","1",1899-12-30 10:00:00,"DEF","6up",12.05,"CdG",NA,3,"UniqueID1",3,"8P26805","Flenstad","F","2023.02.25","2023.02.28","Footballer",1,"D",29.5,1899-12-30 17:39:00,"RM",26.8,1899-12-30 17:48:00,"CdG",16.7,"Wound at beak","RSW/ME","RFMB"
"640","53D",53,"000724D959","2023.02.28","G110","1",1899-12-30 17:00:00,"DEF","2down",10.15,"RM",NA,10,"UniqueID1",10,"8P26805","Flenstad","F","2023.02.25","2023.02.28","Footballer",1,"D",29.5,1899-12-30 17:39:00,"RM",26.8,1899-12-30 17:48:00,"CdG",16.7,"Wound at beak","RSW/ME","RFMB"
"641","53E",53,"000724BF5E","2023.02.28","G105","1",1899-12-30 12:00:00,"DEF","6down",11.85,"CdG",NA,5,"UniqueID2",5,"8P14996","Flenstad","M","2023.02.25","2023.02.28","Ghost",1,"E",31.6,1899-12-30 17:42:00,"RM",28.9,1899-12-30 17:53:00,"CdG",18.2,"W1 might be switched with F","RFRS","R/ME"
"642","53E",53,"000724BF5E","2023.02.28","G102","1",1899-12-30 09:00:00,"DEF","4down",11.95,"RM",NA,2,"UniqueID2",2,"8P14996","Flenstad","M","2023.02.25","2023.02.28","Ghost",1,"E",31.6,1899-12-30 17:42:00,"RM",28.9,1899-12-30 17:53:00,"CdG",18.2,"W1 might be switched with F","RFRS","R/ME"
"643","53E",53,"000724BF5E","2023.02.28","G101","1",1899-12-30 08:00:00,"DEF","3down",12.05,"RM",NA,1,"UniqueID2",1,"8P14996","Flenstad","M","2023.02.25","2023.02.28","Ghost",1,"E",31.6,1899-12-30 17:42:00,"RM",28.9,1899-12-30 17:53:00,"CdG",18.2,"W1 might be switched with F","RFRS","R/ME"
"644","53E",53,"000724BF5E","2023.02.28","G103","1",1899-12-30 10:00:00,"DEF","6up",12.05,"CdG",NA,3,"UniqueID2",3,"8P14996","Flenstad","M","2023.02.25","2023.02.28","Ghost",1,"E",31.6,1899-12-30 17:42:00,"RM",28.9,1899-12-30 17:53:00,"CdG",18.2,"W1 might be switched with F","RFRS","R/ME"
"645","53E",53,"000724BF5E","2023.02.28","G108","1",1899-12-30 15:00:00,"DEF","3down",12,"RM",NA,8,"UniqueID2",8,"8P14996","Flenstad","M","2023.02.25","2023.02.28","Ghost",1,"E",31.6,1899-12-30 17:42:00,"RM",28.9,1899-12-30 17:53:00,"CdG",18.2,"W1 might be switched with F","RFRS","R/ME"
"646","53E",53,"000724BF5E","2023.02.28","G106","1",1899-12-30 13:00:00,"DEF","4up",12.05,"CdG",NA,6,"UniqueID2",6,"8P14996","Flenstad","M","2023.02.25","2023.02.28","Ghost",1,"E",31.6,1899-12-30 17:42:00,"RM",28.9,1899-12-30 17:53:00,"CdG",18.2,"W1 might be switched with F","RFRS","R/ME"
"647","53E",53,"000724BF5E","2023.02.28","G107","1",1899-12-30 14:00:00,"DEF","4down",12.05,"RM",NA,7,"UniqueID2",7,"8P14996","Flenstad","M","2023.02.25","2023.02.28","Ghost",1,"E",31.6,1899-12-30 17:42:00,"RM",28.9,1899-12-30 17:53:00,"CdG",18.2,"W1 might be switched with F","RFRS","R/ME"
"648","53E",53,"000724BF5E","2023.02.28","G104","1",1899-12-30 11:00:00,"DEF","3up",12.05,"CdG",NA,4,"UniqueID2",4,"8P14996","Flenstad","M","2023.02.25","2023.02.28","Ghost",1,"E",31.6,1899-12-30 17:42:00,"RM",28.9,1899-12-30 17:53:00,"CdG",18.2,"W1 might be switched with F","RFRS","R/ME"
"649","53E",53,"000724BF5E","2023.02.28","G110","1",1899-12-30 17:00:00,"DEF","2down",10.15,"RM",NA,10,"UniqueID2",10,"8P14996","Flenstad","M","2023.02.25","2023.02.28","Ghost",1,"E",31.6,1899-12-30 17:42:00,"RM",28.9,1899-12-30 17:53:00,"CdG",18.2,"W1 might be switched with F","RFRS","R/ME"
"650","53E",53,"000724BF5E","2023.02.28","G109","1",1899-12-30 16:00:00,"DEF","1down",10,"RM",NA,9,"UniqueID2",9,"8P14996","Flenstad","M","2023.02.25","2023.02.28","Ghost",1,"E",31.6,1899-12-30 17:42:00,"RM",28.9,1899-12-30 17:53:00,"CdG",18.2,"W1 might be switched with F","RFRS","R/ME"
"651","53F",53,"000724F85F","2023.02.28","G102","1",1899-12-30 09:00:00,"DEF","4down",11.95,"RM",NA,2,"UniqueID3",2,"8P26895","Flenstad","F","2023.02.25","2023.02.28","Yoga",1,"F",34.3,1899-12-30 17:44:00,"SL",28.5,1899-12-30 17:58:00,"CdG",16.8,"W1 might be switched with E; Hemo 2 minutes late","RFY","ME/O"
"652","53F",53,"000724F85F","2023.02.28","G101","1",1899-12-30 08:00:00,"DEF","3down",12.05,"RM",NA,1,"UniqueID3",1,"8P26895","Flenstad","F","2023.02.25","2023.02.28","Yoga",1,"F",34.3,1899-12-30 17:44:00,"SL",28.5,1899-12-30 17:58:00,"CdG",16.8,"W1 might be switched with E; Hemo 2 minutes late","RFY","ME/O"
"653","53F",53,"000724F85F","2023.02.28","G105","1",1899-12-30 12:00:00,"DEF","6down",11.85,"CdG",NA,5,"UniqueID3",5,"8P26895","Flenstad","F","2023.02.25","2023.02.28","Yoga",1,"F",34.3,1899-12-30 17:44:00,"SL",28.5,1899-12-30 17:58:00,"CdG",16.8,"W1 might be switched with E; Hemo 2 minutes late","RFY","ME/O"
"654","53F",53,"000724F85F","2023.02.28","G103","1",1899-12-30 10:00:00,"DEF","6up",12.05,"CdG",NA,3,"UniqueID3",3,"8P26895","Flenstad","F","2023.02.25","2023.02.28","Yoga",1,"F",34.3,1899-12-30 17:44:00,"SL",28.5,1899-12-30 17:58:00,"CdG",16.8,"W1 might be switched with E; Hemo 2 minutes late","RFY","ME/O"
"655","53F",53,"000724F85F","2023.02.28","G104","1",1899-12-30 11:00:00,"DEF","3up",12.05,"CdG",NA,4,"UniqueID3",4,"8P26895","Flenstad","F","2023.02.25","2023.02.28","Yoga",1,"F",34.3,1899-12-30 17:44:00,"SL",28.5,1899-12-30 17:58:00,"CdG",16.8,"W1 might be switched with E; Hemo 2 minutes late","RFY","ME/O"
"656","53F",53,"000724F85F","2023.02.28","G106","1",1899-12-30 13:00:00,"DEF","4up",12.05,"CdG",NA,6,"UniqueID3",6,"8P26895","Flenstad","F","2023.02.25","2023.02.28","Yoga",1,"F",34.3,1899-12-30 17:44:00,"SL",28.5,1899-12-30 17:58:00,"CdG",16.8,"W1 might be switched with E; Hemo 2 minutes late","RFY","ME/O"
"657","53F",53,"000724F85F","2023.02.28","G107","1",1899-12-30 14:00:00,"DEF","4down",12.05,"RM",NA,7,"UniqueID3",7,"8P26895","Flenstad","F","2023.02.25","2023.02.28","Yoga",1,"F",34.3,1899-12-30 17:44:00,"SL",28.5,1899-12-30 17:58:00,"CdG",16.8,"W1 might be switched with E; Hemo 2 minutes late","RFY","ME/O"
"658","53F",53,"000724F85F","2023.02.28","G109","1",1899-12-30 16:00:00,"DEF","1down",10,"RM",NA,9,"UniqueID3",9,"8P26895","Flenstad","F","2023.02.25","2023.02.28","Yoga",1,"F",34.3,1899-12-30 17:44:00,"SL",28.5,1899-12-30 17:58:00,"CdG",16.8,"W1 might be switched with E; Hemo 2 minutes late","RFY","ME/O"
"659","53F",53,"000724F85F","2023.02.28","G108","1",1899-12-30 15:00:00,"DEF","3down",12,"RM",NA,8,"UniqueID3",8,"8P26895","Flenstad","F","2023.02.25","2023.02.28","Yoga",1,"F",34.3,1899-12-30 17:44:00,"SL",28.5,1899-12-30 17:58:00,"CdG",16.8,"W1 might be switched with E; Hemo 2 minutes late","RFY","ME/O"
"660","53F",53,"000724F85F","2023.02.28","G110","1",1899-12-30 17:00:00,"DEF","2down",10.15,"RM",NA,10,"UniqueID3",10,"8P26895","Flenstad","F","2023.02.25","2023.02.28","Yoga",1,"F",34.3,1899-12-30 17:44:00,"SL",28.5,1899-12-30 17:58:00,"CdG",16.8,"W1 might be switched with E; Hemo 2 minutes late","RFY","ME/O"
"661","54G",54,"000724CD8F","2023.03.02","G120","2",1899-12-30 17:00:00,"GHI","1up",11.9,"RW",NA,10,"UniqueID1",10,"8P31179","Flenstad","M","2023.03.01","2023.03.04","Yoga",2,"G",28.3,1899-12-30 17:54:00,"CdG",25.9,1899-12-30 16:54:00,"RM",17.8,NA,"RSBL/ME","RFR"
"662","54G",54,"000724CD8F","2023.03.02","G112","2",1899-12-30 09:00:00,"GHI","5up",11.65,"SL",NA,2,"UniqueID1",2,"8P31179","Flenstad","M","2023.03.01","2023.03.04","Yoga",2,"G",28.3,1899-12-30 17:54:00,"CdG",25.9,1899-12-30 16:54:00,"RM",17.8,NA,"RSBL/ME","RFR"
"663","54G",54,"000724CD8F","2023.03.02","G119","2",1899-12-30 16:00:00,"GHI","5up",12,"RW",NA,9,"UniqueID1",9,"8P31179","Flenstad","M","2023.03.01","2023.03.04","Yoga",2,"G",28.3,1899-12-30 17:54:00,"CdG",25.9,1899-12-30 16:54:00,"RM",17.8,NA,"RSBL/ME","RFR"
"664","54G",54,"000724CD8F","2023.03.02","G115","2",1899-12-30 12:00:00,"GHI","3up",12,"SL",NA,5,"UniqueID1",5,"8P31179","Flenstad","M","2023.03.01","2023.03.04","Yoga",2,"G",28.3,1899-12-30 17:54:00,"CdG",25.9,1899-12-30 16:54:00,"RM",17.8,NA,"RSBL/ME","RFR"
"665","54G",54,"000724CD8F","2023.03.02","G111","2",1899-12-30 08:01:00,"GHI","6up",12,"SL",NA,1,"UniqueID1",1,"8P31179","Flenstad","M","2023.03.01","2023.03.04","Yoga",2,"G",28.3,1899-12-30 17:54:00,"CdG",25.9,1899-12-30 16:54:00,"RM",17.8,NA,"RSBL/ME","RFR"
"666","54G",54,"000724CD8F","2023.03.02","G118","2",1899-12-30 15:01:00,"GHI","4up",11.95,"RW",NA,8,"UniqueID1",8,"8P31179","Flenstad","M","2023.03.01","2023.03.04","Yoga",2,"G",28.3,1899-12-30 17:54:00,"CdG",25.9,1899-12-30 16:54:00,"RM",17.8,NA,"RSBL/ME","RFR"
"667","54G",54,"000724CD8F","2023.03.02","G113","2",1899-12-30 10:00:00,"GHI","4up",11.3,"SL",NA,3,"UniqueID1",3,"8P31179","Flenstad","M","2023.03.01","2023.03.04","Yoga",2,"G",28.3,1899-12-30 17:54:00,"CdG",25.9,1899-12-30 16:54:00,"RM",17.8,NA,"RSBL/ME","RFR"
"668","54G",54,"000724CD8F","2023.03.02","G117","2",1899-12-30 14:00:00,"GHI","5up",12,"RW",NA,7,"UniqueID1",7,"8P31179","Flenstad","M","2023.03.01","2023.03.04","Yoga",2,"G",28.3,1899-12-30 17:54:00,"CdG",25.9,1899-12-30 16:54:00,"RM",17.8,NA,"RSBL/ME","RFR"
"669","54G",54,"000724CD8F","2023.03.02","G114","2",1899-12-30 11:00:00,"GHI","6up",11.55,"SL",NA,4,"UniqueID1",4,"8P31179","Flenstad","M","2023.03.01","2023.03.04","Yoga",2,"G",28.3,1899-12-30 17:54:00,"CdG",25.9,1899-12-30 16:54:00,"RM",17.8,NA,"RSBL/ME","RFR"
"670","54G",54,"000724CD8F","2023.03.02","G116","2",1899-12-30 13:01:00,"GHI","6up",12,"SL",NA,6,"UniqueID1",6,"8P31179","Flenstad","M","2023.03.01","2023.03.04","Yoga",2,"G",28.3,1899-12-30 17:54:00,"CdG",25.9,1899-12-30 16:54:00,"RM",17.8,NA,"RSBL/ME","RFR"
"671","54H",54,"000724BF5E","2023.03.02","G119","2",1899-12-30 16:00:00,"GHI","5up",12,"RW",NA,9,"UniqueID2",9,"8P14996","Flenstad","M","2023.03.01","2023.03.04","Ghost",2,"H",30.5,1899-12-30 18:00:00,"CdG",29,1899-12-30 16:58:00,"RM",NA,NA,"RFRS","R/ME"
"672","54H",54,"000724BF5E","2023.03.02","G118","2",1899-12-30 15:01:00,"GHI","4up",11.95,"RW",NA,8,"UniqueID2",8,"8P14996","Flenstad","M","2023.03.01","2023.03.04","Ghost",2,"H",30.5,1899-12-30 18:00:00,"CdG",29,1899-12-30 16:58:00,"RM",NA,NA,"RFRS","R/ME"
"673","54H",54,"000724BF5E","2023.03.02","G112","2",1899-12-30 09:00:00,"GHI","5up",11.65,"SL",NA,2,"UniqueID2",2,"8P14996","Flenstad","M","2023.03.01","2023.03.04","Ghost",2,"H",30.5,1899-12-30 18:00:00,"CdG",29,1899-12-30 16:58:00,"RM",NA,NA,"RFRS","R/ME"
"674","54H",54,"000724BF5E","2023.03.02","G111","2",1899-12-30 08:01:00,"GHI","6up",12,"SL",NA,1,"UniqueID2",1,"8P14996","Flenstad","M","2023.03.01","2023.03.04","Ghost",2,"H",30.5,1899-12-30 18:00:00,"CdG",29,1899-12-30 16:58:00,"RM",NA,NA,"RFRS","R/ME"
"675","54H",54,"000724BF5E","2023.03.02","G116","2",1899-12-30 13:01:00,"GHI","6up",12,"SL",NA,6,"UniqueID2",6,"8P14996","Flenstad","M","2023.03.01","2023.03.04","Ghost",2,"H",30.5,1899-12-30 18:00:00,"CdG",29,1899-12-30 16:58:00,"RM",NA,NA,"RFRS","R/ME"
"676","54H",54,"000724BF5E","2023.03.02","G120","2",1899-12-30 17:00:00,"GHI","1up",11.9,"RW",NA,10,"UniqueID2",10,"8P14996","Flenstad","M","2023.03.01","2023.03.04","Ghost",2,"H",30.5,1899-12-30 18:00:00,"CdG",29,1899-12-30 16:58:00,"RM",NA,NA,"RFRS","R/ME"
"677","54H",54,"000724BF5E","2023.03.02","G114","2",1899-12-30 11:00:00,"GHI","6up",11.55,"SL",NA,4,"UniqueID2",4,"8P14996","Flenstad","M","2023.03.01","2023.03.04","Ghost",2,"H",30.5,1899-12-30 18:00:00,"CdG",29,1899-12-30 16:58:00,"RM",NA,NA,"RFRS","R/ME"
"678","54H",54,"000724BF5E","2023.03.02","G113","2",1899-12-30 10:00:00,"GHI","4up",11.3,"SL",NA,3,"UniqueID2",3,"8P14996","Flenstad","M","2023.03.01","2023.03.04","Ghost",2,"H",30.5,1899-12-30 18:00:00,"CdG",29,1899-12-30 16:58:00,"RM",NA,NA,"RFRS","R/ME"
"679","54H",54,"000724BF5E","2023.03.02","G117","2",1899-12-30 14:00:00,"GHI","5up",12,"RW",NA,7,"UniqueID2",7,"8P14996","Flenstad","M","2023.03.01","2023.03.04","Ghost",2,"H",30.5,1899-12-30 18:00:00,"CdG",29,1899-12-30 16:58:00,"RM",NA,NA,"RFRS","R/ME"
"680","54H",54,"000724BF5E","2023.03.02","G115","2",1899-12-30 12:00:00,"GHI","3up",12,"SL",NA,5,"UniqueID2",5,"8P14996","Flenstad","M","2023.03.01","2023.03.04","Ghost",2,"H",30.5,1899-12-30 18:00:00,"CdG",29,1899-12-30 16:58:00,"RM",NA,NA,"RFRS","R/ME"
"681","54I",54,"000724CC0F","2023.03.02","G119","2",1899-12-30 16:00:00,"GHI","5up",12,"RW",NA,9,"UniqueID3",9,"8P11558","Flenstad","M","2023.03.01","2023.03.04","Footballer",2,"I",30.2,1899-12-30 18:03:00,"RM",28,1899-12-30 17:03:00,"RM",17.2,"Thickened barcode with a black marker","RFO","DG/ME"
"682","54I",54,"000724CC0F","2023.03.02","G120","2",1899-12-30 17:00:00,"GHI","1up",11.9,"RW",NA,10,"UniqueID3",10,"8P11558","Flenstad","M","2023.03.01","2023.03.04","Footballer",2,"I",30.2,1899-12-30 18:03:00,"RM",28,1899-12-30 17:03:00,"RM",17.2,"Thickened barcode with a black marker","RFO","DG/ME"
"683","54I",54,"000724CC0F","2023.03.02","G111","2",1899-12-30 08:01:00,"GHI","6up",12,"SL",NA,1,"UniqueID3",1,"8P11558","Flenstad","M","2023.03.01","2023.03.04","Footballer",2,"I",30.2,1899-12-30 18:03:00,"RM",28,1899-12-30 17:03:00,"RM",17.2,"Thickened barcode with a black marker","RFO","DG/ME"
"684","54I",54,"000724CC0F","2023.03.02","G113","2",1899-12-30 10:00:00,"GHI","4up",11.3,"SL",NA,3,"UniqueID3",3,"8P11558","Flenstad","M","2023.03.01","2023.03.04","Footballer",2,"I",30.2,1899-12-30 18:03:00,"RM",28,1899-12-30 17:03:00,"RM",17.2,"Thickened barcode with a black marker","RFO","DG/ME"
"685","54I",54,"000724CC0F","2023.03.02","G116","2",1899-12-30 13:01:00,"GHI","6up",12,"SL",NA,6,"UniqueID3",6,"8P11558","Flenstad","M","2023.03.01","2023.03.04","Footballer",2,"I",30.2,1899-12-30 18:03:00,"RM",28,1899-12-30 17:03:00,"RM",17.2,"Thickened barcode with a black marker","RFO","DG/ME"
"686","54I",54,"000724CC0F","2023.03.02","G114","2",1899-12-30 11:00:00,"GHI","6up",11.55,"SL",NA,4,"UniqueID3",4,"8P11558","Flenstad","M","2023.03.01","2023.03.04","Footballer",2,"I",30.2,1899-12-30 18:03:00,"RM",28,1899-12-30 17:03:00,"RM",17.2,"Thickened barcode with a black marker","RFO","DG/ME"
"687","54I",54,"000724CC0F","2023.03.02","G112","2",1899-12-30 09:00:00,"GHI","5up",11.65,"SL",NA,2,"UniqueID3",2,"8P11558","Flenstad","M","2023.03.01","2023.03.04","Footballer",2,"I",30.2,1899-12-30 18:03:00,"RM",28,1899-12-30 17:03:00,"RM",17.2,"Thickened barcode with a black marker","RFO","DG/ME"
"688","54I",54,"000724CC0F","2023.03.02","G117","2",1899-12-30 14:00:00,"GHI","5up",12,"RW",NA,7,"UniqueID3",7,"8P11558","Flenstad","M","2023.03.01","2023.03.04","Footballer",2,"I",30.2,1899-12-30 18:03:00,"RM",28,1899-12-30 17:03:00,"RM",17.2,"Thickened barcode with a black marker","RFO","DG/ME"
"689","54I",54,"000724CC0F","2023.03.02","G115","2",1899-12-30 12:00:00,"GHI","3up",12,"SL",NA,5,"UniqueID3",5,"8P11558","Flenstad","M","2023.03.01","2023.03.04","Footballer",2,"I",30.2,1899-12-30 18:03:00,"RM",28,1899-12-30 17:03:00,"RM",17.2,"Thickened barcode with a black marker","RFO","DG/ME"
"690","54I",54,"000724CC0F","2023.03.02","G118","2",1899-12-30 15:01:00,"GHI","4up",11.95,"RW",NA,8,"UniqueID3",8,"8P11558","Flenstad","M","2023.03.01","2023.03.04","Footballer",2,"I",30.2,1899-12-30 18:03:00,"RM",28,1899-12-30 17:03:00,"RM",17.2,"Thickened barcode with a black marker","RFO","DG/ME"
"691","54J",54,"000724CD88","2023.03.02","G114","1",1899-12-30 11:00:00,"JKL","4down",10.65,"SL",NA,4,"UniqueID1",4,"8P26898","Flenstad","F","2023.03.01","2023.03.04","Lemur",2,"J",28.4,1899-12-30 18:05:00,"CdG",27.1,1899-12-30 16:47:00,"RM",NA,NA,"ME/R","RFY"
"692","54J",54,"000724CD88","2023.03.02","G116","1",1899-12-30 13:01:00,"JKL","5up",9.95,"SL",NA,6,"UniqueID1",6,"8P26898","Flenstad","F","2023.03.01","2023.03.04","Lemur",2,"J",28.4,1899-12-30 18:05:00,"CdG",27.1,1899-12-30 16:47:00,"RM",NA,NA,"ME/R","RFY"
"693","54J",54,"000724CD88","2023.03.02","G118","1",1899-12-30 15:01:00,"JKL","2up",10.6,"RW",NA,8,"UniqueID1",8,"8P26898","Flenstad","F","2023.03.01","2023.03.04","Lemur",2,"J",28.4,1899-12-30 18:05:00,"CdG",27.1,1899-12-30 16:47:00,"RM",NA,NA,"ME/R","RFY"
"694","54J",54,"000724CD88","2023.03.02","G112","1",1899-12-30 09:00:00,"JKL","5up",10.55,"SL",NA,2,"UniqueID1",2,"8P26898","Flenstad","F","2023.03.01","2023.03.04","Lemur",2,"J",28.4,1899-12-30 18:05:00,"CdG",27.1,1899-12-30 16:47:00,"RM",NA,NA,"ME/R","RFY"
"695","54J",54,"000724CD88","2023.03.02","G120","1",1899-12-30 17:00:00,"JKL","3down",10.6,"RW",NA,10,"UniqueID1",10,"8P26898","Flenstad","F","2023.03.01","2023.03.04","Lemur",2,"J",28.4,1899-12-30 18:05:00,"CdG",27.1,1899-12-30 16:47:00,"RM",NA,NA,"ME/R","RFY"
"696","54J",54,"000724CD88","2023.03.02","G119","1",1899-12-30 16:00:00,"JKL","1up",9.15,"RW",NA,9,"UniqueID1",9,"8P26898","Flenstad","F","2023.03.01","2023.03.04","Lemur",2,"J",28.4,1899-12-30 18:05:00,"CdG",27.1,1899-12-30 16:47:00,"RM",NA,NA,"ME/R","RFY"
"697","54J",54,"000724CD88","2023.03.02","G113","1",1899-12-30 10:00:00,"JKL","4up",10.15,"SL",NA,3,"UniqueID1",3,"8P26898","Flenstad","F","2023.03.01","2023.03.04","Lemur",2,"J",28.4,1899-12-30 18:05:00,"CdG",27.1,1899-12-30 16:47:00,"RM",NA,NA,"ME/R","RFY"
"698","54J",54,"000724CD88","2023.03.02","G111","1",1899-12-30 08:01:00,"JKL","2up",10.05,"SL",NA,1,"UniqueID1",1,"8P26898","Flenstad","F","2023.03.01","2023.03.04","Lemur",2,"J",28.4,1899-12-30 18:05:00,"CdG",27.1,1899-12-30 16:47:00,"RM",NA,NA,"ME/R","RFY"
"699","54J",54,"000724CD88","2023.03.02","G115","1",1899-12-30 12:00:00,"JKL","4up",9.7,"SL",NA,5,"UniqueID1",5,"8P26898","Flenstad","F","2023.03.01","2023.03.04","Lemur",2,"J",28.4,1899-12-30 18:05:00,"CdG",27.1,1899-12-30 16:47:00,"RM",NA,NA,"ME/R","RFY"
"700","54J",54,"000724CD88","2023.03.02","G117","1",1899-12-30 14:00:00,"JKL","4up",7.9,"RW",NA,7,"UniqueID1",7,"8P26898","Flenstad","F","2023.03.01","2023.03.04","Lemur",2,"J",28.4,1899-12-30 18:05:00,"CdG",27.1,1899-12-30 16:47:00,"RM",NA,NA,"ME/R","RFY"
"701","54K",54,"000724F7AE","2023.03.02","G118","1",1899-12-30 15:01:00,"JKL","2up",10.6,"RW",NA,8,"UniqueID2",8,"8P31183","Flenstad","F","2023.03.01","2023.03.04","J",2,"K",29.1,1899-12-30 18:14:00,"CdG",26.6,1899-12-30 17:06:00,"RM",18.9,"Thickened barcode with a black marker","BLY/ME","RFR"
"702","54K",54,"000724F7AE","2023.03.02","G116","1",1899-12-30 13:01:00,"JKL","5up",9.95,"SL",NA,6,"UniqueID2",6,"8P31183","Flenstad","F","2023.03.01","2023.03.04","J",2,"K",29.1,1899-12-30 18:14:00,"CdG",26.6,1899-12-30 17:06:00,"RM",18.9,"Thickened barcode with a black marker","BLY/ME","RFR"
"703","54K",54,"000724F7AE","2023.03.02","G119","1",1899-12-30 16:00:00,"JKL","1up",9.15,"RW",NA,9,"UniqueID2",9,"8P31183","Flenstad","F","2023.03.01","2023.03.04","J",2,"K",29.1,1899-12-30 18:14:00,"CdG",26.6,1899-12-30 17:06:00,"RM",18.9,"Thickened barcode with a black marker","BLY/ME","RFR"
"704","54K",54,"000724F7AE","2023.03.02","G117","1",1899-12-30 14:00:00,"JKL","4up",7.9,"RW",NA,7,"UniqueID2",7,"8P31183","Flenstad","F","2023.03.01","2023.03.04","J",2,"K",29.1,1899-12-30 18:14:00,"CdG",26.6,1899-12-30 17:06:00,"RM",18.9,"Thickened barcode with a black marker","BLY/ME","RFR"
"705","54K",54,"000724F7AE","2023.03.02","G113","1",1899-12-30 10:00:00,"JKL","4up",10.15,"SL",NA,3,"UniqueID2",3,"8P31183","Flenstad","F","2023.03.01","2023.03.04","J",2,"K",29.1,1899-12-30 18:14:00,"CdG",26.6,1899-12-30 17:06:00,"RM",18.9,"Thickened barcode with a black marker","BLY/ME","RFR"
"706","54K",54,"000724F7AE","2023.03.02","G114","1",1899-12-30 11:00:00,"JKL","4down",10.65,"SL",NA,4,"UniqueID2",4,"8P31183","Flenstad","F","2023.03.01","2023.03.04","J",2,"K",29.1,1899-12-30 18:14:00,"CdG",26.6,1899-12-30 17:06:00,"RM",18.9,"Thickened barcode with a black marker","BLY/ME","RFR"
"707","54K",54,"000724F7AE","2023.03.02","G112","1",1899-12-30 09:00:00,"JKL","5up",10.55,"SL",NA,2,"UniqueID2",2,"8P31183","Flenstad","F","2023.03.01","2023.03.04","J",2,"K",29.1,1899-12-30 18:14:00,"CdG",26.6,1899-12-30 17:06:00,"RM",18.9,"Thickened barcode with a black marker","BLY/ME","RFR"
"708","54K",54,"000724F7AE","2023.03.02","G115","1",1899-12-30 12:00:00,"JKL","4up",9.7,"SL",NA,5,"UniqueID2",5,"8P31183","Flenstad","F","2023.03.01","2023.03.04","J",2,"K",29.1,1899-12-30 18:14:00,"CdG",26.6,1899-12-30 17:06:00,"RM",18.9,"Thickened barcode with a black marker","BLY/ME","RFR"
"709","54K",54,"000724F7AE","2023.03.02","G111","1",1899-12-30 08:01:00,"JKL","2up",10.05,"SL",NA,1,"UniqueID2",1,"8P31183","Flenstad","F","2023.03.01","2023.03.04","J",2,"K",29.1,1899-12-30 18:14:00,"CdG",26.6,1899-12-30 17:06:00,"RM",18.9,"Thickened barcode with a black marker","BLY/ME","RFR"
"710","54K",54,"000724F7AE","2023.03.02","G120","1",1899-12-30 17:00:00,"JKL","3down",10.6,"RW",NA,10,"UniqueID2",10,"8P31183","Flenstad","F","2023.03.01","2023.03.04","J",2,"K",29.1,1899-12-30 18:14:00,"CdG",26.6,1899-12-30 17:06:00,"RM",18.9,"Thickened barcode with a black marker","BLY/ME","RFR"
"711","54L",54,"000724DE7B","2023.03.02","G116","1",1899-12-30 13:01:00,"JKL","5up",9.95,"SL",NA,6,"UniqueID3",6,"8P14994","Flenstad","F","2023.03.01","2023.03.04","Water_faucet",2,"L",28,1899-12-30 18:08:00,"RM",28.2,1899-12-30 16:41:00,"RM",17.6,"Thickened barcode with a black marker","MB/ME","RFO"
"712","54L",54,"000724DE7B","2023.03.02","G111","1",1899-12-30 08:01:00,"JKL","2up",10.05,"SL",NA,1,"UniqueID3",1,"8P14994","Flenstad","F","2023.03.01","2023.03.04","Water_faucet",2,"L",28,1899-12-30 18:08:00,"RM",28.2,1899-12-30 16:41:00,"RM",17.6,"Thickened barcode with a black marker","MB/ME","RFO"
"713","54L",54,"000724DE7B","2023.03.02","G120","1",1899-12-30 17:00:00,"JKL","3down",10.6,"RW",NA,10,"UniqueID3",10,"8P14994","Flenstad","F","2023.03.01","2023.03.04","Water_faucet",2,"L",28,1899-12-30 18:08:00,"RM",28.2,1899-12-30 16:41:00,"RM",17.6,"Thickened barcode with a black marker","MB/ME","RFO"
"714","54L",54,"000724DE7B","2023.03.02","G115","1",1899-12-30 12:00:00,"JKL","4up",9.7,"SL",NA,5,"UniqueID3",5,"8P14994","Flenstad","F","2023.03.01","2023.03.04","Water_faucet",2,"L",28,1899-12-30 18:08:00,"RM",28.2,1899-12-30 16:41:00,"RM",17.6,"Thickened barcode with a black marker","MB/ME","RFO"
"715","54L",54,"000724DE7B","2023.03.02","G117","1",1899-12-30 14:00:00,"JKL","4up",7.9,"RW",NA,7,"UniqueID3",7,"8P14994","Flenstad","F","2023.03.01","2023.03.04","Water_faucet",2,"L",28,1899-12-30 18:08:00,"RM",28.2,1899-12-30 16:41:00,"RM",17.6,"Thickened barcode with a black marker","MB/ME","RFO"
"716","54L",54,"000724DE7B","2023.03.02","G113","1",1899-12-30 10:00:00,"JKL","4up",10.15,"SL",NA,3,"UniqueID3",3,"8P14994","Flenstad","F","2023.03.01","2023.03.04","Water_faucet",2,"L",28,1899-12-30 18:08:00,"RM",28.2,1899-12-30 16:41:00,"RM",17.6,"Thickened barcode with a black marker","MB/ME","RFO"
"717","54L",54,"000724DE7B","2023.03.02","G118","1",1899-12-30 15:01:00,"JKL","2up",10.6,"RW",NA,8,"UniqueID3",8,"8P14994","Flenstad","F","2023.03.01","2023.03.04","Water_faucet",2,"L",28,1899-12-30 18:08:00,"RM",28.2,1899-12-30 16:41:00,"RM",17.6,"Thickened barcode with a black marker","MB/ME","RFO"
"718","54L",54,"000724DE7B","2023.03.02","G112","1",1899-12-30 09:00:00,"JKL","5up",10.55,"SL",NA,2,"UniqueID3",2,"8P14994","Flenstad","F","2023.03.01","2023.03.04","Water_faucet",2,"L",28,1899-12-30 18:08:00,"RM",28.2,1899-12-30 16:41:00,"RM",17.6,"Thickened barcode with a black marker","MB/ME","RFO"
"719","54L",54,"000724DE7B","2023.03.02","G114","1",1899-12-30 11:00:00,"JKL","4down",10.65,"SL",NA,4,"UniqueID3",4,"8P14994","Flenstad","F","2023.03.01","2023.03.04","Water_faucet",2,"L",28,1899-12-30 18:08:00,"RM",28.2,1899-12-30 16:41:00,"RM",17.6,"Thickened barcode with a black marker","MB/ME","RFO"
"720","54L",54,"000724DE7B","2023.03.02","G119","1",1899-12-30 16:00:00,"JKL","1up",9.15,"RW",NA,9,"UniqueID3",9,"8P14994","Flenstad","F","2023.03.01","2023.03.04","Water_faucet",2,"L",28,1899-12-30 18:08:00,"RM",28.2,1899-12-30 16:41:00,"RM",17.6,"Thickened barcode with a black marker","MB/ME","RFO"
"721","32G",32,"000724C37F","2023.01.21","G10","1",1899-12-30 12:41:00,"GHI","3down",9.95,"CdG",NA,10,"UniqueID1",1,"8P31087","Sordahl","F","2023.01.18","2023.01.21","Water_faucet",2,"G",30.5,1899-12-30 17:52:00,"RM",29.8,1899-12-30 19:37:00,"SL",14.2,NA,"RFMB","ME/W"
"722","32G",32,"000724C37F","2023.01.21","G4","1",1899-12-30 09:40:00,"GHI","2up",10.25,"RW",NA,4,"UniqueID1",8,"8P31087","Sordahl","F","2023.01.18","2023.01.21","Water_faucet",2,"G",30.5,1899-12-30 17:52:00,"RM",29.8,1899-12-30 19:37:00,"SL",14.2,NA,"RFMB","ME/W"
"723","32G",32,"000724C37F","2023.01.21","G14","1",1899-12-30 14:40:00,"GHI","1up",9.4,"RM",NA,14,"UniqueID1",3,"8P31087","Sordahl","F","2023.01.18","2023.01.21","Water_faucet",2,"G",30.5,1899-12-30 17:52:00,"RM",29.8,1899-12-30 19:37:00,"SL",14.2,NA,"RFMB","ME/W"
"724","32G",32,"000724C37F","2023.01.21","G8","1",1899-12-30 11:40:00,"GHI","6up",8.3,"RW",NA,8,"UniqueID1",10,"8P31087","Sordahl","F","2023.01.18","2023.01.21","Water_faucet",2,"G",30.5,1899-12-30 17:52:00,"RM",29.8,1899-12-30 19:37:00,"SL",14.2,NA,"RFMB","ME/W"
"725","32G",32,"000724C37F","2023.01.21","G12","1",1899-12-30 13:40:00,"GHI","6up",10.2,"RM","Check well dist on cam. fixed",12,"UniqueID1",2,"8P31087","Sordahl","F","2023.01.18","2023.01.21","Water_faucet",2,"G",30.5,1899-12-30 17:52:00,"RM",29.8,1899-12-30 19:37:00,"SL",14.2,NA,"RFMB","ME/W"
"726","32G",32,"000724C37F","2023.01.21","G16","1",1899-12-30 15:40:00,"GHI","1up",10.9,"RM",NA,16,"UniqueID1",4,"8P31087","Sordahl","F","2023.01.18","2023.01.21","Water_faucet",2,"G",30.5,1899-12-30 17:52:00,"RM",29.8,1899-12-30 19:37:00,"SL",14.2,NA,"RFMB","ME/W"
"727","32G",32,"000724C37F","2023.01.21","G6","1",1899-12-30 10:40:00,"GHI","3down",9.05,"CdG",NA,6,"UniqueID1",9,"8P31087","Sordahl","F","2023.01.18","2023.01.21","Water_faucet",2,"G",30.5,1899-12-30 17:52:00,"RM",29.8,1899-12-30 19:37:00,"SL",14.2,NA,"RFMB","ME/W"
"728","32G",32,"000724C37F","2023.01.21","G20","1",1899-12-30 17:40:00,"GHI","5down",9.9,"RM",NA,20,"UniqueID1",7,"8P31087","Sordahl","F","2023.01.18","2023.01.21","Water_faucet",2,"G",30.5,1899-12-30 17:52:00,"RM",29.8,1899-12-30 19:37:00,"SL",14.2,NA,"RFMB","ME/W"
"729","32G",32,"000724C37F","2023.01.21","G2","1",1899-12-30 08:43:00,"GHI","3down",9.75,"CdG",NA,2,"UniqueID1",6,"8P31087","Sordahl","F","2023.01.18","2023.01.21","Water_faucet",2,"G",30.5,1899-12-30 17:52:00,"RM",29.8,1899-12-30 19:37:00,"SL",14.2,NA,"RFMB","ME/W"
"730","32G",32,"000724C37F","2023.01.21","G18","1",1899-12-30 16:40:00,"GHI","6down",7.7,"CdG",NA,18,"UniqueID1",5,"8P31087","Sordahl","F","2023.01.18","2023.01.21","Water_faucet",2,"G",30.5,1899-12-30 17:52:00,"RM",29.8,1899-12-30 19:37:00,"SL",14.2,NA,"RFMB","ME/W"
"731","32H",32,"000724E4F4","2023.01.21","G8","1",1899-12-30 11:40:00,"GHI","6up",8.3,"RW",NA,8,"UniqueID2",10,"8917478","Sordahl","M","2023.01.18","2023.01.21","J",2,"H",28,1899-12-30 17:52:00,"RW",26.4,1899-12-30 18:52:00,"SL",17.1,NA,"RY/ME","RFY"
"732","32H",32,"000724E4F4","2023.01.21","G6","1",1899-12-30 10:40:00,"GHI","3down",9.05,"CdG",NA,6,"UniqueID2",9,"8917478","Sordahl","M","2023.01.18","2023.01.21","J",2,"H",28,1899-12-30 17:52:00,"RW",26.4,1899-12-30 18:52:00,"SL",17.1,NA,"RY/ME","RFY"
"733","32H",32,"000724E4F4","2023.01.21","G20","1",1899-12-30 17:40:00,"GHI","5down",9.9,"RM",NA,20,"UniqueID2",7,"8917478","Sordahl","M","2023.01.18","2023.01.21","J",2,"H",28,1899-12-30 17:52:00,"RW",26.4,1899-12-30 18:52:00,"SL",17.1,NA,"RY/ME","RFY"
"734","32H",32,"000724E4F4","2023.01.21","G16","1",1899-12-30 15:40:00,"GHI","1up",10.9,"RM",NA,16,"UniqueID2",4,"8917478","Sordahl","M","2023.01.18","2023.01.21","J",2,"H",28,1899-12-30 17:52:00,"RW",26.4,1899-12-30 18:52:00,"SL",17.1,NA,"RY/ME","RFY"
"735","32H",32,"000724E4F4","2023.01.21","G18","1",1899-12-30 16:40:00,"GHI","6down",7.7,"CdG",NA,18,"UniqueID2",5,"8917478","Sordahl","M","2023.01.18","2023.01.21","J",2,"H",28,1899-12-30 17:52:00,"RW",26.4,1899-12-30 18:52:00,"SL",17.1,NA,"RY/ME","RFY"
"736","32H",32,"000724E4F4","2023.01.21","G10","1",1899-12-30 12:41:00,"GHI","3down",9.95,"CdG",NA,10,"UniqueID2",1,"8917478","Sordahl","M","2023.01.18","2023.01.21","J",2,"H",28,1899-12-30 17:52:00,"RW",26.4,1899-12-30 18:52:00,"SL",17.1,NA,"RY/ME","RFY"
"737","32H",32,"000724E4F4","2023.01.21","G12","1",1899-12-30 13:40:00,"GHI","6up",10.2,"RM","Check well dist on cam. fixed",12,"UniqueID2",2,"8917478","Sordahl","M","2023.01.18","2023.01.21","J",2,"H",28,1899-12-30 17:52:00,"RW",26.4,1899-12-30 18:52:00,"SL",17.1,NA,"RY/ME","RFY"
"738","32H",32,"000724E4F4","2023.01.21","G2","1",1899-12-30 08:43:00,"GHI","3down",9.75,"CdG",NA,2,"UniqueID2",6,"8917478","Sordahl","M","2023.01.18","2023.01.21","J",2,"H",28,1899-12-30 17:52:00,"RW",26.4,1899-12-30 18:52:00,"SL",17.1,NA,"RY/ME","RFY"
"739","32H",32,"000724E4F4","2023.01.21","G14","1",1899-12-30 14:40:00,"GHI","1up",9.4,"RM",NA,14,"UniqueID2",3,"8917478","Sordahl","M","2023.01.18","2023.01.21","J",2,"H",28,1899-12-30 17:52:00,"RW",26.4,1899-12-30 18:52:00,"SL",17.1,NA,"RY/ME","RFY"
"740","32H",32,"000724E4F4","2023.01.21","G4","1",1899-12-30 09:40:00,"GHI","2up",10.25,"RW",NA,4,"UniqueID2",8,"8917478","Sordahl","M","2023.01.18","2023.01.21","J",2,"H",28,1899-12-30 17:52:00,"RW",26.4,1899-12-30 18:52:00,"SL",17.1,NA,"RY/ME","RFY"
"741","32I",32,"000724C16B","2023.01.21","G6","1",1899-12-30 10:40:00,"GHI","3down",9.05,"CdG",NA,6,"UniqueID3",9,"8P26978","Sordahl","M","2023.01.18","2023.01.21","Footballer",2,"I",29,1899-12-30 18:00:00,"RM",27.2,1899-12-30 18:59:00,"SL",17.5,NA,"ME/MB","RFR"
"742","32I",32,"000724C16B","2023.01.21","G4","1",1899-12-30 09:40:00,"GHI","2up",10.25,"RW",NA,4,"UniqueID3",8,"8P26978","Sordahl","M","2023.01.18","2023.01.21","Footballer",2,"I",29,1899-12-30 18:00:00,"RM",27.2,1899-12-30 18:59:00,"SL",17.5,NA,"ME/MB","RFR"
"743","32I",32,"000724C16B","2023.01.21","G20","1",1899-12-30 17:40:00,"GHI","5down",9.9,"RM",NA,20,"UniqueID3",7,"8P26978","Sordahl","M","2023.01.18","2023.01.21","Footballer",2,"I",29,1899-12-30 18:00:00,"RM",27.2,1899-12-30 18:59:00,"SL",17.5,NA,"ME/MB","RFR"
"744","32I",32,"000724C16B","2023.01.21","G12","1",1899-12-30 13:40:00,"GHI","6up",10.2,"RM","Check well dist on cam. fixed",12,"UniqueID3",2,"8P26978","Sordahl","M","2023.01.18","2023.01.21","Footballer",2,"I",29,1899-12-30 18:00:00,"RM",27.2,1899-12-30 18:59:00,"SL",17.5,NA,"ME/MB","RFR"
"745","32I",32,"000724C16B","2023.01.21","G10","1",1899-12-30 12:41:00,"GHI","3down",9.95,"CdG",NA,10,"UniqueID3",1,"8P26978","Sordahl","M","2023.01.18","2023.01.21","Footballer",2,"I",29,1899-12-30 18:00:00,"RM",27.2,1899-12-30 18:59:00,"SL",17.5,NA,"ME/MB","RFR"
"746","32I",32,"000724C16B","2023.01.21","G18","1",1899-12-30 16:40:00,"GHI","6down",7.7,"CdG",NA,18,"UniqueID3",5,"8P26978","Sordahl","M","2023.01.18","2023.01.21","Footballer",2,"I",29,1899-12-30 18:00:00,"RM",27.2,1899-12-30 18:59:00,"SL",17.5,NA,"ME/MB","RFR"
"747","32I",32,"000724C16B","2023.01.21","G2","1",1899-12-30 08:43:00,"GHI","3down",9.75,"CdG",NA,2,"UniqueID3",6,"8P26978","Sordahl","M","2023.01.18","2023.01.21","Footballer",2,"I",29,1899-12-30 18:00:00,"RM",27.2,1899-12-30 18:59:00,"SL",17.5,NA,"ME/MB","RFR"
"748","32I",32,"000724C16B","2023.01.21","G8","1",1899-12-30 11:40:00,"GHI","6up",8.3,"RW",NA,8,"UniqueID3",10,"8P26978","Sordahl","M","2023.01.18","2023.01.21","Footballer",2,"I",29,1899-12-30 18:00:00,"RM",27.2,1899-12-30 18:59:00,"SL",17.5,NA,"ME/MB","RFR"
"749","32I",32,"000724C16B","2023.01.21","G14","1",1899-12-30 14:40:00,"GHI","1up",9.4,"RM",NA,14,"UniqueID3",3,"8P26978","Sordahl","M","2023.01.18","2023.01.21","Footballer",2,"I",29,1899-12-30 18:00:00,"RM",27.2,1899-12-30 18:59:00,"SL",17.5,NA,"ME/MB","RFR"
"750","32I",32,"000724C16B","2023.01.21","G16","1",1899-12-30 15:40:00,"GHI","1up",10.9,"RM",NA,16,"UniqueID3",4,"8P26978","Sordahl","M","2023.01.18","2023.01.21","Footballer",2,"I",29,1899-12-30 18:00:00,"RM",27.2,1899-12-30 18:59:00,"SL",17.5,NA,"ME/MB","RFR"
"751","32J",32,"000724FE72","2023.01.21","G4","2",1899-12-30 09:40:00,"JKL","5down",11.95,"CdG",NA,4,"UniqueID1",8,"8917477","Sordahl","F","2023.01.18","2023.01.21","Ghost",2,"J",29.5,1899-12-30 18:05:00,"RM",27.2,1899-12-30 19:12:00,"SL",17.8,NA,"RFW","ME/RY"
"752","32J",32,"000724FE72","2023.01.21","G6","2",1899-12-30 10:40:00,"JKL","6down",11.95,"RW",NA,6,"UniqueID1",9,"8917477","Sordahl","F","2023.01.18","2023.01.21","Ghost",2,"J",29.5,1899-12-30 18:05:00,"RM",27.2,1899-12-30 19:12:00,"SL",17.8,NA,"RFW","ME/RY"
"753","32J",32,"000724FE72","2023.01.21","G12","2",1899-12-30 13:40:00,"JKL","3up",12,"RW",NA,12,"UniqueID1",2,"8917477","Sordahl","F","2023.01.18","2023.01.21","Ghost",2,"J",29.5,1899-12-30 18:05:00,"RM",27.2,1899-12-30 19:12:00,"SL",17.8,NA,"RFW","ME/RY"
"754","32J",32,"000724FE72","2023.01.21","G10","2",1899-12-30 12:41:00,"JKL","4down",11.8,"SL",NA,10,"UniqueID1",1,"8917477","Sordahl","F","2023.01.18","2023.01.21","Ghost",2,"J",29.5,1899-12-30 18:05:00,"RM",27.2,1899-12-30 19:12:00,"SL",17.8,NA,"RFW","ME/RY"
"755","32J",32,"000724FE72","2023.01.21","G14","2",1899-12-30 14:40:00,"JKL","1up",11,"RW",NA,14,"UniqueID1",3,"8917477","Sordahl","F","2023.01.18","2023.01.21","Ghost",2,"J",29.5,1899-12-30 18:05:00,"RM",27.2,1899-12-30 19:12:00,"SL",17.8,NA,"RFW","ME/RY"
"756","32J",32,"000724FE72","2023.01.21","G2","2",1899-12-30 08:43:00,"JKL","3down",11.3,"RW",NA,2,"UniqueID1",6,"8917477","Sordahl","F","2023.01.18","2023.01.21","Ghost",2,"J",29.5,1899-12-30 18:05:00,"RM",27.2,1899-12-30 19:12:00,"SL",17.8,NA,"RFW","ME/RY"
"757","32J",32,"000724FE72","2023.01.21","G20","2",1899-12-30 17:40:00,"JKL","1up",12.05,"RW",NA,20,"UniqueID1",7,"8917477","Sordahl","F","2023.01.18","2023.01.21","Ghost",2,"J",29.5,1899-12-30 18:05:00,"RM",27.2,1899-12-30 19:12:00,"SL",17.8,NA,"RFW","ME/RY"
"758","32J",32,"000724FE72","2023.01.21","G18","2",1899-12-30 16:40:00,"JKL","2up",11.9,"RW",NA,18,"UniqueID1",5,"8917477","Sordahl","F","2023.01.18","2023.01.21","Ghost",2,"J",29.5,1899-12-30 18:05:00,"RM",27.2,1899-12-30 19:12:00,"SL",17.8,NA,"RFW","ME/RY"
"759","32J",32,"000724FE72","2023.01.21","G8","2",1899-12-30 11:40:00,"JKL","5up",11.9,"CdG",NA,8,"UniqueID1",10,"8917477","Sordahl","F","2023.01.18","2023.01.21","Ghost",2,"J",29.5,1899-12-30 18:05:00,"RM",27.2,1899-12-30 19:12:00,"SL",17.8,NA,"RFW","ME/RY"
"760","32J",32,"000724FE72","2023.01.21","G16","2",1899-12-30 15:40:00,"JKL","5down",12,"RW",NA,16,"UniqueID1",4,"8917477","Sordahl","F","2023.01.18","2023.01.21","Ghost",2,"J",29.5,1899-12-30 18:05:00,"RM",27.2,1899-12-30 19:12:00,"SL",17.8,NA,"RFW","ME/RY"
"761","32K",32,"000724FA70","2023.01.21","G6","2",1899-12-30 10:40:00,"JKL","6down",11.95,"RW",NA,6,"UniqueID2",9,"8P31117","Sordahl","F","2023.01.18","2023.01.21","Lemur",2,"K",28.5,1899-12-30 18:07:00,"RM",27,1899-12-30 19:20:00,"SL",15.9,NA,"RY/ME","RFW"
"762","32K",32,"000724FA70","2023.01.21","G10","2",1899-12-30 12:41:00,"JKL","4down",11.8,"SL",NA,10,"UniqueID2",1,"8P31117","Sordahl","F","2023.01.18","2023.01.21","Lemur",2,"K",28.5,1899-12-30 18:07:00,"RM",27,1899-12-30 19:20:00,"SL",15.9,NA,"RY/ME","RFW"
"763","32K",32,"000724FA70","2023.01.21","G20","2",1899-12-30 17:40:00,"JKL","1up",12.05,"RW",NA,20,"UniqueID2",7,"8P31117","Sordahl","F","2023.01.18","2023.01.21","Lemur",2,"K",28.5,1899-12-30 18:07:00,"RM",27,1899-12-30 19:20:00,"SL",15.9,NA,"RY/ME","RFW"
"764","32K",32,"000724FA70","2023.01.21","G8","2",1899-12-30 11:40:00,"JKL","5up",11.9,"CdG",NA,8,"UniqueID2",10,"8P31117","Sordahl","F","2023.01.18","2023.01.21","Lemur",2,"K",28.5,1899-12-30 18:07:00,"RM",27,1899-12-30 19:20:00,"SL",15.9,NA,"RY/ME","RFW"
"765","32K",32,"000724FA70","2023.01.21","G18","2",1899-12-30 16:40:00,"JKL","2up",11.9,"RW",NA,18,"UniqueID2",5,"8P31117","Sordahl","F","2023.01.18","2023.01.21","Lemur",2,"K",28.5,1899-12-30 18:07:00,"RM",27,1899-12-30 19:20:00,"SL",15.9,NA,"RY/ME","RFW"
"766","32K",32,"000724FA70","2023.01.21","G2","2",1899-12-30 08:43:00,"JKL","3down",11.3,"RW",NA,2,"UniqueID2",6,"8P31117","Sordahl","F","2023.01.18","2023.01.21","Lemur",2,"K",28.5,1899-12-30 18:07:00,"RM",27,1899-12-30 19:20:00,"SL",15.9,NA,"RY/ME","RFW"
"767","32K",32,"000724FA70","2023.01.21","G14","2",1899-12-30 14:40:00,"JKL","1up",11,"RW",NA,14,"UniqueID2",3,"8P31117","Sordahl","F","2023.01.18","2023.01.21","Lemur",2,"K",28.5,1899-12-30 18:07:00,"RM",27,1899-12-30 19:20:00,"SL",15.9,NA,"RY/ME","RFW"
"768","32K",32,"000724FA70","2023.01.21","G12","2",1899-12-30 13:40:00,"JKL","3up",12,"RW",NA,12,"UniqueID2",2,"8P31117","Sordahl","F","2023.01.18","2023.01.21","Lemur",2,"K",28.5,1899-12-30 18:07:00,"RM",27,1899-12-30 19:20:00,"SL",15.9,NA,"RY/ME","RFW"
"769","32K",32,"000724FA70","2023.01.21","G16","2",1899-12-30 15:40:00,"JKL","5down",12,"RW",NA,16,"UniqueID2",4,"8P31117","Sordahl","F","2023.01.18","2023.01.21","Lemur",2,"K",28.5,1899-12-30 18:07:00,"RM",27,1899-12-30 19:20:00,"SL",15.9,NA,"RY/ME","RFW"
"770","32K",32,"000724FA70","2023.01.21","G4","2",1899-12-30 09:40:00,"JKL","5down",11.95,"CdG",NA,4,"UniqueID2",8,"8P31117","Sordahl","F","2023.01.18","2023.01.21","Lemur",2,"K",28.5,1899-12-30 18:07:00,"RM",27,1899-12-30 19:20:00,"SL",15.9,NA,"RY/ME","RFW"
"771","32L",32,"000724D725","2023.01.21","G8","2",1899-12-30 11:40:00,"JKL","5up",11.9,"CdG",NA,8,"UniqueID3",10,"8917476","Sordahl","M","2023.01.18","2023.01.21","Yoga",2,"L",28,1899-12-30 18:10:00,"RM",26.6,1899-12-30 19:28:00,"SL",15.9,NA,"RFY","ME/RY"
"772","32L",32,"000724D725","2023.01.21","G18","2",1899-12-30 16:40:00,"JKL","2up",11.9,"RW",NA,18,"UniqueID3",5,"8917476","Sordahl","M","2023.01.18","2023.01.21","Yoga",2,"L",28,1899-12-30 18:10:00,"RM",26.6,1899-12-30 19:28:00,"SL",15.9,NA,"RFY","ME/RY"
"773","32L",32,"000724D725","2023.01.21","G12","2",1899-12-30 13:40:00,"JKL","3up",12,"RW",NA,12,"UniqueID3",2,"8917476","Sordahl","M","2023.01.18","2023.01.21","Yoga",2,"L",28,1899-12-30 18:10:00,"RM",26.6,1899-12-30 19:28:00,"SL",15.9,NA,"RFY","ME/RY"
"774","32L",32,"000724D725","2023.01.21","G10","2",1899-12-30 12:41:00,"JKL","4down",11.8,"SL",NA,10,"UniqueID3",1,"8917476","Sordahl","M","2023.01.18","2023.01.21","Yoga",2,"L",28,1899-12-30 18:10:00,"RM",26.6,1899-12-30 19:28:00,"SL",15.9,NA,"RFY","ME/RY"
"775","32L",32,"000724D725","2023.01.21","G14","2",1899-12-30 14:40:00,"JKL","1up",11,"RW",NA,14,"UniqueID3",3,"8917476","Sordahl","M","2023.01.18","2023.01.21","Yoga",2,"L",28,1899-12-30 18:10:00,"RM",26.6,1899-12-30 19:28:00,"SL",15.9,NA,"RFY","ME/RY"
"776","32L",32,"000724D725","2023.01.21","G20","2",1899-12-30 17:40:00,"JKL","1up",12.05,"RW",NA,20,"UniqueID3",7,"8917476","Sordahl","M","2023.01.18","2023.01.21","Yoga",2,"L",28,1899-12-30 18:10:00,"RM",26.6,1899-12-30 19:28:00,"SL",15.9,NA,"RFY","ME/RY"
"777","32L",32,"000724D725","2023.01.21","G6","2",1899-12-30 10:40:00,"JKL","6down",11.95,"RW",NA,6,"UniqueID3",9,"8917476","Sordahl","M","2023.01.18","2023.01.21","Yoga",2,"L",28,1899-12-30 18:10:00,"RM",26.6,1899-12-30 19:28:00,"SL",15.9,NA,"RFY","ME/RY"
"778","32L",32,"000724D725","2023.01.21","G16","2",1899-12-30 15:40:00,"JKL","5down",12,"RW",NA,16,"UniqueID3",4,"8917476","Sordahl","M","2023.01.18","2023.01.21","Yoga",2,"L",28,1899-12-30 18:10:00,"RM",26.6,1899-12-30 19:28:00,"SL",15.9,NA,"RFY","ME/RY"
"779","32L",32,"000724D725","2023.01.21","G2","2",1899-12-30 08:43:00,"JKL","3down",11.3,"RW",NA,2,"UniqueID3",6,"8917476","Sordahl","M","2023.01.18","2023.01.21","Yoga",2,"L",28,1899-12-30 18:10:00,"RM",26.6,1899-12-30 19:28:00,"SL",15.9,NA,"RFY","ME/RY"
"780","32L",32,"000724D725","2023.01.21","G4","2",1899-12-30 09:40:00,"JKL","5down",11.95,"CdG",NA,4,"UniqueID3",8,"8917476","Sordahl","M","2023.01.18","2023.01.21","Yoga",2,"L",28,1899-12-30 18:10:00,"RM",26.6,1899-12-30 19:28:00,"SL",15.9,NA,"RFY","ME/RY"
"781","33A",33,"000724DF2A","2023.01.21","G19","1",1899-12-30 17:10:00,"ABC","2down",11.85,"RW",NA,19,"UniqueID1",6,"8917460","Sordahl","F","2023.01.18","2023.01.21","Ghost",3,"A",29.2,1899-12-30 18:37:00,"CdG",26.5,1899-12-30 18:04:00,"SL",7.9,"Question mark next to Hemo value","RY/ME","RFO"
"782","33A",33,"000724DF2A","2023.01.21","G5","1",1899-12-30 10:11:00,"ABC","5up",12.05,"RW",NA,5,"UniqueID1",8,"8917460","Sordahl","F","2023.01.18","2023.01.21","Ghost",3,"A",29.2,1899-12-30 18:37:00,"CdG",26.5,1899-12-30 18:04:00,"SL",7.9,"Question mark next to Hemo value","RY/ME","RFO"
"783","33A",33,"000724DF2A","2023.01.21","G13","1",1899-12-30 14:10:00,"ABC","1down",10.4,"RM",NA,13,"UniqueID1",3,"8917460","Sordahl","F","2023.01.18","2023.01.21","Ghost",3,"A",29.2,1899-12-30 18:37:00,"CdG",26.5,1899-12-30 18:04:00,"SL",7.9,"Question mark next to Hemo value","RY/ME","RFO"
"784","33A",33,"000724DF2A","2023.01.21","G9","1",1899-12-30 12:10:00,"ABC","4down",11.95,"CdG","Question mark next to distribution",9,"UniqueID1",10,"8917460","Sordahl","F","2023.01.18","2023.01.21","Ghost",3,"A",29.2,1899-12-30 18:37:00,"CdG",26.5,1899-12-30 18:04:00,"SL",7.9,"Question mark next to Hemo value","RY/ME","RFO"
"785","33A",33,"000724DF2A","2023.01.21","G17","1",1899-12-30 16:10:00,"ABC","1down",11.95,"CdG",NA,17,"UniqueID1",5,"8917460","Sordahl","F","2023.01.18","2023.01.21","Ghost",3,"A",29.2,1899-12-30 18:37:00,"CdG",26.5,1899-12-30 18:04:00,"SL",7.9,"Question mark next to Hemo value","RY/ME","RFO"
"786","33A",33,"000724DF2A","2023.01.21","G3","1",1899-12-30 09:11:00,"ABC","6up",11.95,"CdG",NA,3,"UniqueID1",7,"8917460","Sordahl","F","2023.01.18","2023.01.21","Ghost",3,"A",29.2,1899-12-30 18:37:00,"CdG",26.5,1899-12-30 18:04:00,"SL",7.9,"Question mark next to Hemo value","RY/ME","RFO"
"787","33A",33,"000724DF2A","2023.01.21","G11","1",1899-12-30 13:12:00,"ABC","2up",9.9,"RW",NA,11,"UniqueID1",2,"8917460","Sordahl","F","2023.01.18","2023.01.21","Ghost",3,"A",29.2,1899-12-30 18:37:00,"CdG",26.5,1899-12-30 18:04:00,"SL",7.9,"Question mark next to Hemo value","RY/ME","RFO"
"788","33A",33,"000724DF2A","2023.01.21","G7","1",1899-12-30 11:11:00,"ABC","6down",12,"RW",NA,7,"UniqueID1",9,"8917460","Sordahl","F","2023.01.18","2023.01.21","Ghost",3,"A",29.2,1899-12-30 18:37:00,"CdG",26.5,1899-12-30 18:04:00,"SL",7.9,"Question mark next to Hemo value","RY/ME","RFO"
"789","33A",33,"000724DF2A","2023.01.21","G15","1",1899-12-30 15:11:00,"ABC","3down",11.95,"RM",NA,15,"UniqueID1",4,"8917460","Sordahl","F","2023.01.18","2023.01.21","Ghost",3,"A",29.2,1899-12-30 18:37:00,"CdG",26.5,1899-12-30 18:04:00,"SL",7.9,"Question mark next to Hemo value","RY/ME","RFO"
"790","33A",33,"000724DF2A","2023.01.21","G1","1",1899-12-30 08:12:00,"ABC","4down",12,"CdG","for all group trials this day GHIJKL=ABCDEF and vice versa on trial sheet: fixed",1,"UniqueID1",1,"8917460","Sordahl","F","2023.01.18","2023.01.21","Ghost",3,"A",29.2,1899-12-30 18:37:00,"CdG",26.5,1899-12-30 18:04:00,"SL",7.9,"Question mark next to Hemo value","RY/ME","RFO"
"791","33B",33,"000724B642","2023.01.21","G1","1",1899-12-30 08:12:00,"ABC","4down",12,"CdG","for all group trials this day GHIJKL=ABCDEF and vice versa on trial sheet: fixed",1,"UniqueID2",1,"8P31085","Sordahl","F","2023.01.18","2023.01.21","J",3,"B",31.6,1899-12-30 18:40:00,"RM",30.6,1899-12-30 17:39:00,"CdG",17.1,NA,"BLR/ME","RFO"
"792","33B",33,"000724B642","2023.01.21","G13","1",1899-12-30 14:10:00,"ABC","1down",10.4,"RM",NA,13,"UniqueID2",3,"8P31085","Sordahl","F","2023.01.18","2023.01.21","J",3,"B",31.6,1899-12-30 18:40:00,"RM",30.6,1899-12-30 17:39:00,"CdG",17.1,NA,"BLR/ME","RFO"
"793","33B",33,"000724B642","2023.01.21","G5","1",1899-12-30 10:11:00,"ABC","5up",12.05,"RW",NA,5,"UniqueID2",8,"8P31085","Sordahl","F","2023.01.18","2023.01.21","J",3,"B",31.6,1899-12-30 18:40:00,"RM",30.6,1899-12-30 17:39:00,"CdG",17.1,NA,"BLR/ME","RFO"
"794","33B",33,"000724B642","2023.01.21","G15","1",1899-12-30 15:11:00,"ABC","3down",11.95,"RM",NA,15,"UniqueID2",4,"8P31085","Sordahl","F","2023.01.18","2023.01.21","J",3,"B",31.6,1899-12-30 18:40:00,"RM",30.6,1899-12-30 17:39:00,"CdG",17.1,NA,"BLR/ME","RFO"
"795","33B",33,"000724B642","2023.01.21","G11","1",1899-12-30 13:12:00,"ABC","2up",9.9,"RW",NA,11,"UniqueID2",2,"8P31085","Sordahl","F","2023.01.18","2023.01.21","J",3,"B",31.6,1899-12-30 18:40:00,"RM",30.6,1899-12-30 17:39:00,"CdG",17.1,NA,"BLR/ME","RFO"
"796","33B",33,"000724B642","2023.01.21","G19","1",1899-12-30 17:10:00,"ABC","2down",11.85,"RW",NA,19,"UniqueID2",6,"8P31085","Sordahl","F","2023.01.18","2023.01.21","J",3,"B",31.6,1899-12-30 18:40:00,"RM",30.6,1899-12-30 17:39:00,"CdG",17.1,NA,"BLR/ME","RFO"
"797","33B",33,"000724B642","2023.01.21","G17","1",1899-12-30 16:10:00,"ABC","1down",11.95,"CdG",NA,17,"UniqueID2",5,"8P31085","Sordahl","F","2023.01.18","2023.01.21","J",3,"B",31.6,1899-12-30 18:40:00,"RM",30.6,1899-12-30 17:39:00,"CdG",17.1,NA,"BLR/ME","RFO"
"798","33B",33,"000724B642","2023.01.21","G7","1",1899-12-30 11:11:00,"ABC","6down",12,"RW",NA,7,"UniqueID2",9,"8P31085","Sordahl","F","2023.01.18","2023.01.21","J",3,"B",31.6,1899-12-30 18:40:00,"RM",30.6,1899-12-30 17:39:00,"CdG",17.1,NA,"BLR/ME","RFO"
"799","33B",33,"000724B642","2023.01.21","G3","1",1899-12-30 09:11:00,"ABC","6up",11.95,"CdG",NA,3,"UniqueID2",7,"8P31085","Sordahl","F","2023.01.18","2023.01.21","J",3,"B",31.6,1899-12-30 18:40:00,"RM",30.6,1899-12-30 17:39:00,"CdG",17.1,NA,"BLR/ME","RFO"
"800","33B",33,"000724B642","2023.01.21","G9","1",1899-12-30 12:10:00,"ABC","4down",11.95,"CdG","Question mark next to distribution",9,"UniqueID2",10,"8P31085","Sordahl","F","2023.01.18","2023.01.21","J",3,"B",31.6,1899-12-30 18:40:00,"RM",30.6,1899-12-30 17:39:00,"CdG",17.1,NA,"BLR/ME","RFO"
"801","33C",33,"000724D4F3","2023.01.21","G9","1",1899-12-30 12:10:00,"ABC","4down",11.95,"CdG","Question mark next to distribution",9,"UniqueID3",10,"8P31111","Sordahl","M","2023.01.18","2023.01.21","Yoga",3,"C",29.4,1899-12-30 18:45:00,"CdG",28,1899-12-30 17:50:00,"SL",12.9,"Little blood for hemo","ME/RSBL","RFY"
"802","33C",33,"000724D4F3","2023.01.21","G1","1",1899-12-30 08:12:00,"ABC","4down",12,"CdG","for all group trials this day GHIJKL=ABCDEF and vice versa on trial sheet: fixed",1,"UniqueID3",1,"8P31111","Sordahl","M","2023.01.18","2023.01.21","Yoga",3,"C",29.4,1899-12-30 18:45:00,"CdG",28,1899-12-30 17:50:00,"SL",12.9,"Little blood for hemo","ME/RSBL","RFY"
"803","33C",33,"000724D4F3","2023.01.21","G11","1",1899-12-30 13:12:00,"ABC","2up",9.9,"RW",NA,11,"UniqueID3",2,"8P31111","Sordahl","M","2023.01.18","2023.01.21","Yoga",3,"C",29.4,1899-12-30 18:45:00,"CdG",28,1899-12-30 17:50:00,"SL",12.9,"Little blood for hemo","ME/RSBL","RFY"
"804","33C",33,"000724D4F3","2023.01.21","G7","1",1899-12-30 11:11:00,"ABC","6down",12,"RW",NA,7,"UniqueID3",9,"8P31111","Sordahl","M","2023.01.18","2023.01.21","Yoga",3,"C",29.4,1899-12-30 18:45:00,"CdG",28,1899-12-30 17:50:00,"SL",12.9,"Little blood for hemo","ME/RSBL","RFY"
"805","33C",33,"000724D4F3","2023.01.21","G19","1",1899-12-30 17:10:00,"ABC","2down",11.85,"RW",NA,19,"UniqueID3",6,"8P31111","Sordahl","M","2023.01.18","2023.01.21","Yoga",3,"C",29.4,1899-12-30 18:45:00,"CdG",28,1899-12-30 17:50:00,"SL",12.9,"Little blood for hemo","ME/RSBL","RFY"
"806","33C",33,"000724D4F3","2023.01.21","G13","1",1899-12-30 14:10:00,"ABC","1down",10.4,"RM",NA,13,"UniqueID3",3,"8P31111","Sordahl","M","2023.01.18","2023.01.21","Yoga",3,"C",29.4,1899-12-30 18:45:00,"CdG",28,1899-12-30 17:50:00,"SL",12.9,"Little blood for hemo","ME/RSBL","RFY"
"807","33C",33,"000724D4F3","2023.01.21","G3","1",1899-12-30 09:11:00,"ABC","6up",11.95,"CdG",NA,3,"UniqueID3",7,"8P31111","Sordahl","M","2023.01.18","2023.01.21","Yoga",3,"C",29.4,1899-12-30 18:45:00,"CdG",28,1899-12-30 17:50:00,"SL",12.9,"Little blood for hemo","ME/RSBL","RFY"
"808","33C",33,"000724D4F3","2023.01.21","G17","1",1899-12-30 16:10:00,"ABC","1down",11.95,"CdG",NA,17,"UniqueID3",5,"8P31111","Sordahl","M","2023.01.18","2023.01.21","Yoga",3,"C",29.4,1899-12-30 18:45:00,"CdG",28,1899-12-30 17:50:00,"SL",12.9,"Little blood for hemo","ME/RSBL","RFY"
"809","33C",33,"000724D4F3","2023.01.21","G5","1",1899-12-30 10:11:00,"ABC","5up",12.05,"RW",NA,5,"UniqueID3",8,"8P31111","Sordahl","M","2023.01.18","2023.01.21","Yoga",3,"C",29.4,1899-12-30 18:45:00,"CdG",28,1899-12-30 17:50:00,"SL",12.9,"Little blood for hemo","ME/RSBL","RFY"
"810","33C",33,"000724D4F3","2023.01.21","G15","1",1899-12-30 15:11:00,"ABC","3down",11.95,"RM",NA,15,"UniqueID3",4,"8P31111","Sordahl","M","2023.01.18","2023.01.21","Yoga",3,"C",29.4,1899-12-30 18:45:00,"CdG",28,1899-12-30 17:50:00,"SL",12.9,"Little blood for hemo","ME/RSBL","RFY"
"811","33D",33,"000724FD1B","2023.01.21","G5","2",1899-12-30 10:11:00,"DEF","2up",9.75,"CdG",NA,5,"UniqueID1",8,"8917480","Sordahl","F","2023.01.18","2023.01.21","Lemur",3,"D",28.9,1899-12-30 18:44:00,"RW",27.9,1899-12-30 18:15:00,"SL",12.9,NA,"ME/RY","RFW"
"812","33D",33,"000724FD1B","2023.01.21","G15","2",1899-12-30 15:11:00,"DEF","4up",9.7,"RW",NA,15,"UniqueID1",4,"8917480","Sordahl","F","2023.01.18","2023.01.21","Lemur",3,"D",28.9,1899-12-30 18:44:00,"RW",27.9,1899-12-30 18:15:00,"SL",12.9,NA,"ME/RY","RFW"
"813","33D",33,"000724FD1B","2023.01.21","G13","2",1899-12-30 14:10:00,"DEF","6up",11.15,"RW",NA,13,"UniqueID1",3,"8917480","Sordahl","F","2023.01.18","2023.01.21","Lemur",3,"D",28.9,1899-12-30 18:44:00,"RW",27.9,1899-12-30 18:15:00,"SL",12.9,NA,"ME/RY","RFW"
"814","33D",33,"000724FD1B","2023.01.21","G17","2",1899-12-30 16:10:00,"DEF","3down",9.4,"RW",NA,17,"UniqueID1",5,"8917480","Sordahl","F","2023.01.18","2023.01.21","Lemur",3,"D",28.9,1899-12-30 18:44:00,"RW",27.9,1899-12-30 18:15:00,"SL",12.9,NA,"ME/RY","RFW"
"815","33D",33,"000724FD1B","2023.01.21","G7","2",1899-12-30 11:11:00,"DEF","2up",9.9,"CdG",NA,7,"UniqueID1",9,"8917480","Sordahl","F","2023.01.18","2023.01.21","Lemur",3,"D",28.9,1899-12-30 18:44:00,"RW",27.9,1899-12-30 18:15:00,"SL",12.9,NA,"ME/RY","RFW"
"816","33D",33,"000724FD1B","2023.01.21","G19","2",1899-12-30 17:10:00,"DEF","4up",9.2,"CdG",NA,19,"UniqueID1",6,"8917480","Sordahl","F","2023.01.18","2023.01.21","Lemur",3,"D",28.9,1899-12-30 18:44:00,"RW",27.9,1899-12-30 18:15:00,"SL",12.9,NA,"ME/RY","RFW"
"817","33D",33,"000724FD1B","2023.01.21","G9","2",1899-12-30 12:10:00,"DEF","5up",9.9,"SL",NA,9,"UniqueID1",10,"8917480","Sordahl","F","2023.01.18","2023.01.21","Lemur",3,"D",28.9,1899-12-30 18:44:00,"RW",27.9,1899-12-30 18:15:00,"SL",12.9,NA,"ME/RY","RFW"
"818","33D",33,"000724FD1B","2023.01.21","G11","2",1899-12-30 13:12:00,"DEF","6down",10.5,"RM",NA,11,"UniqueID1",2,"8917480","Sordahl","F","2023.01.18","2023.01.21","Lemur",3,"D",28.9,1899-12-30 18:44:00,"RW",27.9,1899-12-30 18:15:00,"SL",12.9,NA,"ME/RY","RFW"
"819","33D",33,"000724FD1B","2023.01.21","G1","2",1899-12-30 08:12:00,"DEF","2down",9.85,"RW",NA,1,"UniqueID1",1,"8917480","Sordahl","F","2023.01.18","2023.01.21","Lemur",3,"D",28.9,1899-12-30 18:44:00,"RW",27.9,1899-12-30 18:15:00,"SL",12.9,NA,"ME/RY","RFW"
"820","33D",33,"000724FD1B","2023.01.21","G3","2",1899-12-30 09:11:00,"DEF","5down",9.65,"RW",NA,3,"UniqueID1",7,"8917480","Sordahl","F","2023.01.18","2023.01.21","Lemur",3,"D",28.9,1899-12-30 18:44:00,"RW",27.9,1899-12-30 18:15:00,"SL",12.9,NA,"ME/RY","RFW"
"821","33E",33,"000726E250","2023.01.21","G13","2",1899-12-30 14:10:00,"DEF","6up",11.15,"RW",NA,13,"UniqueID2",3,"8917479","Sordahl","F","2023.01.18","2023.01.21","Water_faucet",3,"E",30.3,1899-12-30 18:31:00,"RW",26.5,1899-12-30 18:37:00,"SL",8.1,"Question mark next to Hemo value","ME/RY","RFO"
"822","33E",33,"000726E250","2023.01.21","G1","2",1899-12-30 08:12:00,"DEF","2down",9.85,"RW",NA,1,"UniqueID2",1,"8917479","Sordahl","F","2023.01.18","2023.01.21","Water_faucet",3,"E",30.3,1899-12-30 18:31:00,"RW",26.5,1899-12-30 18:37:00,"SL",8.1,"Question mark next to Hemo value","ME/RY","RFO"
"823","33E",33,"000726E250","2023.01.21","G9","2",1899-12-30 12:10:00,"DEF","5up",9.9,"SL",NA,9,"UniqueID2",10,"8917479","Sordahl","F","2023.01.18","2023.01.21","Water_faucet",3,"E",30.3,1899-12-30 18:31:00,"RW",26.5,1899-12-30 18:37:00,"SL",8.1,"Question mark next to Hemo value","ME/RY","RFO"
"824","33E",33,"000726E250","2023.01.21","G17","2",1899-12-30 16:10:00,"DEF","3down",9.4,"RW",NA,17,"UniqueID2",5,"8917479","Sordahl","F","2023.01.18","2023.01.21","Water_faucet",3,"E",30.3,1899-12-30 18:31:00,"RW",26.5,1899-12-30 18:37:00,"SL",8.1,"Question mark next to Hemo value","ME/RY","RFO"
"825","33E",33,"000726E250","2023.01.21","G3","2",1899-12-30 09:11:00,"DEF","5down",9.65,"RW",NA,3,"UniqueID2",7,"8917479","Sordahl","F","2023.01.18","2023.01.21","Water_faucet",3,"E",30.3,1899-12-30 18:31:00,"RW",26.5,1899-12-30 18:37:00,"SL",8.1,"Question mark next to Hemo value","ME/RY","RFO"
"826","33E",33,"000726E250","2023.01.21","G5","2",1899-12-30 10:11:00,"DEF","2up",9.75,"CdG",NA,5,"UniqueID2",8,"8917479","Sordahl","F","2023.01.18","2023.01.21","Water_faucet",3,"E",30.3,1899-12-30 18:31:00,"RW",26.5,1899-12-30 18:37:00,"SL",8.1,"Question mark next to Hemo value","ME/RY","RFO"
"827","33E",33,"000726E250","2023.01.21","G19","2",1899-12-30 17:10:00,"DEF","4up",9.2,"CdG",NA,19,"UniqueID2",6,"8917479","Sordahl","F","2023.01.18","2023.01.21","Water_faucet",3,"E",30.3,1899-12-30 18:31:00,"RW",26.5,1899-12-30 18:37:00,"SL",8.1,"Question mark next to Hemo value","ME/RY","RFO"
"828","33E",33,"000726E250","2023.01.21","G15","2",1899-12-30 15:11:00,"DEF","4up",9.7,"RW",NA,15,"UniqueID2",4,"8917479","Sordahl","F","2023.01.18","2023.01.21","Water_faucet",3,"E",30.3,1899-12-30 18:31:00,"RW",26.5,1899-12-30 18:37:00,"SL",8.1,"Question mark next to Hemo value","ME/RY","RFO"
"829","33E",33,"000726E250","2023.01.21","G11","2",1899-12-30 13:12:00,"DEF","6down",10.5,"RM",NA,11,"UniqueID2",2,"8917479","Sordahl","F","2023.01.18","2023.01.21","Water_faucet",3,"E",30.3,1899-12-30 18:31:00,"RW",26.5,1899-12-30 18:37:00,"SL",8.1,"Question mark next to Hemo value","ME/RY","RFO"
"830","33E",33,"000726E250","2023.01.21","G7","2",1899-12-30 11:11:00,"DEF","2up",9.9,"CdG",NA,7,"UniqueID2",9,"8917479","Sordahl","F","2023.01.18","2023.01.21","Water_faucet",3,"E",30.3,1899-12-30 18:31:00,"RW",26.5,1899-12-30 18:37:00,"SL",8.1,"Question mark next to Hemo value","ME/RY","RFO"
"831","33F",33,"000724EF35","2023.01.21","G17","2",1899-12-30 16:10:00,"DEF","3down",9.4,"RW",NA,17,"UniqueID3",5,"8P31126","Sordahl","M","2023.01.18","2023.01.21","Footballer",3,"F",29.1,1899-12-30 18:33:00,"CdG",26.9,1899-12-30 18:25:00,"SL",15.6,NA,"ME/LG","RFO"
"832","33F",33,"000724EF35","2023.01.21","G19","2",1899-12-30 17:10:00,"DEF","4up",9.2,"CdG",NA,19,"UniqueID3",6,"8P31126","Sordahl","M","2023.01.18","2023.01.21","Footballer",3,"F",29.1,1899-12-30 18:33:00,"CdG",26.9,1899-12-30 18:25:00,"SL",15.6,NA,"ME/LG","RFO"
"833","33F",33,"000724EF35","2023.01.21","G15","2",1899-12-30 15:11:00,"DEF","4up",9.7,"RW",NA,15,"UniqueID3",4,"8P31126","Sordahl","M","2023.01.18","2023.01.21","Footballer",3,"F",29.1,1899-12-30 18:33:00,"CdG",26.9,1899-12-30 18:25:00,"SL",15.6,NA,"ME/LG","RFO"
"834","33F",33,"000724EF35","2023.01.21","G9","2",1899-12-30 12:10:00,"DEF","5up",9.9,"SL",NA,9,"UniqueID3",10,"8P31126","Sordahl","M","2023.01.18","2023.01.21","Footballer",3,"F",29.1,1899-12-30 18:33:00,"CdG",26.9,1899-12-30 18:25:00,"SL",15.6,NA,"ME/LG","RFO"
"835","33F",33,"000724EF35","2023.01.21","G7","2",1899-12-30 11:11:00,"DEF","2up",9.9,"CdG",NA,7,"UniqueID3",9,"8P31126","Sordahl","M","2023.01.18","2023.01.21","Footballer",3,"F",29.1,1899-12-30 18:33:00,"CdG",26.9,1899-12-30 18:25:00,"SL",15.6,NA,"ME/LG","RFO"
"836","33F",33,"000724EF35","2023.01.21","G1","2",1899-12-30 08:12:00,"DEF","2down",9.85,"RW",NA,1,"UniqueID3",1,"8P31126","Sordahl","M","2023.01.18","2023.01.21","Footballer",3,"F",29.1,1899-12-30 18:33:00,"CdG",26.9,1899-12-30 18:25:00,"SL",15.6,NA,"ME/LG","RFO"
"837","33F",33,"000724EF35","2023.01.21","G11","2",1899-12-30 13:12:00,"DEF","6down",10.5,"RM",NA,11,"UniqueID3",2,"8P31126","Sordahl","M","2023.01.18","2023.01.21","Footballer",3,"F",29.1,1899-12-30 18:33:00,"CdG",26.9,1899-12-30 18:25:00,"SL",15.6,NA,"ME/LG","RFO"
"838","33F",33,"000724EF35","2023.01.21","G3","2",1899-12-30 09:11:00,"DEF","5down",9.65,"RW",NA,3,"UniqueID3",7,"8P31126","Sordahl","M","2023.01.18","2023.01.21","Footballer",3,"F",29.1,1899-12-30 18:33:00,"CdG",26.9,1899-12-30 18:25:00,"SL",15.6,NA,"ME/LG","RFO"
"839","33F",33,"000724EF35","2023.01.21","G13","2",1899-12-30 14:10:00,"DEF","6up",11.15,"RW",NA,13,"UniqueID3",3,"8P31126","Sordahl","M","2023.01.18","2023.01.21","Footballer",3,"F",29.1,1899-12-30 18:33:00,"CdG",26.9,1899-12-30 18:25:00,"SL",15.6,NA,"ME/LG","RFO"
"840","33F",33,"000724EF35","2023.01.21","G5","2",1899-12-30 10:11:00,"DEF","2up",9.75,"CdG",NA,5,"UniqueID3",8,"8P31126","Sordahl","M","2023.01.18","2023.01.21","Footballer",3,"F",29.1,1899-12-30 18:33:00,"CdG",26.9,1899-12-30 18:25:00,"SL",15.6,NA,"ME/LG","RFO"
"841","34A",34,"000724D5A1","2023.01.22","G30","1",1899-12-30 12:40:00,"ABC","6up",10.75,"RM","Cameras had to be restarted after release",10,"UniqueID1",5,"8P14965","Sordahl","F","2023.01.21","2023.01.24","J",1,"A",30,1899-12-30 18:35:00,"RM",28,1899-12-30 17:00:00,"SL",16.7,NA,"RFO","O/ME"
"842","34A",34,"000724D5A1","2023.01.22","G36","1",1899-12-30 15:41:00,"ABC","4down",10.2,"SL",NA,16,"UniqueID1",8,"8P14965","Sordahl","F","2023.01.21","2023.01.24","J",1,"A",30,1899-12-30 18:35:00,"RM",28,1899-12-30 17:00:00,"SL",16.7,NA,"RFO","O/ME"
"843","34A",34,"000724D5A1","2023.01.22","G22","1",1899-12-30 08:40:00,"ABC","6up",11.75,"RM",NA,2,"UniqueID1",1,"8P14965","Sordahl","F","2023.01.21","2023.01.24","J",1,"A",30,1899-12-30 18:35:00,"RM",28,1899-12-30 17:00:00,"SL",16.7,NA,"RFO","O/ME"
"844","34A",34,"000724D5A1","2023.01.22","G40","1",1899-12-30 17:40:00,"ABC","6up",9.6,"RM",NA,20,"UniqueID1",10,"8P14965","Sordahl","F","2023.01.21","2023.01.24","J",1,"A",30,1899-12-30 18:35:00,"RM",28,1899-12-30 17:00:00,"SL",16.7,NA,"RFO","O/ME"
"845","34A",34,"000724D5A1","2023.01.22","G26","1",1899-12-30 10:40:00,"ABC","1up",11.95,"RM",NA,6,"UniqueID1",3,"8P14965","Sordahl","F","2023.01.21","2023.01.24","J",1,"A",30,1899-12-30 18:35:00,"RM",28,1899-12-30 17:00:00,"SL",16.7,NA,"RFO","O/ME"
"846","34A",34,"000724D5A1","2023.01.22","G34","1",1899-12-30 14:40:00,"ABC","5down",10.15,"RM",NA,14,"UniqueID1",7,"8P14965","Sordahl","F","2023.01.21","2023.01.24","J",1,"A",30,1899-12-30 18:35:00,"RM",28,1899-12-30 17:00:00,"SL",16.7,NA,"RFO","O/ME"
"847","34A",34,"000724D5A1","2023.01.22","G28","1",1899-12-30 11:40:00,"ABC","5up",8.5,"SL",NA,8,"UniqueID1",4,"8P14965","Sordahl","F","2023.01.21","2023.01.24","J",1,"A",30,1899-12-30 18:35:00,"RM",28,1899-12-30 17:00:00,"SL",16.7,NA,"RFO","O/ME"
"848","34A",34,"000724D5A1","2023.01.22","G38","1",1899-12-30 16:40:00,"ABC","6down",10.4,"SL",NA,18,"UniqueID1",9,"8P14965","Sordahl","F","2023.01.21","2023.01.24","J",1,"A",30,1899-12-30 18:35:00,"RM",28,1899-12-30 17:00:00,"SL",16.7,NA,"RFO","O/ME"
"849","34A",34,"000724D5A1","2023.01.22","G24","1",1899-12-30 09:40:00,"ABC","6down",11.2,"SL",NA,4,"UniqueID1",2,"8P14965","Sordahl","F","2023.01.21","2023.01.24","J",1,"A",30,1899-12-30 18:35:00,"RM",28,1899-12-30 17:00:00,"SL",16.7,NA,"RFO","O/ME"
"850","34A",34,"000724D5A1","2023.01.22","G32","1",1899-12-30 13:40:00,"ABC","3up",9.4,"SL",NA,12,"UniqueID1",6,"8P14965","Sordahl","F","2023.01.21","2023.01.24","J",1,"A",30,1899-12-30 18:35:00,"RM",28,1899-12-30 17:00:00,"SL",16.7,NA,"RFO","O/ME"
"851","34B",34,"000724D729","2023.01.22","G40","1",1899-12-30 17:40:00,"ABC","6up",9.6,"RM",NA,20,"UniqueID2",10,"8P31071","Sordahl","M","2023.01.21","2023.01.24","Lemur",1,"B",31.1,1899-12-30 18:32:00,"RW",29,1899-12-30 17:36:00,"SL",13.8,NA,"RFY","ME/RS"
"852","34B",34,"000724D729","2023.01.22","G32","1",1899-12-30 13:40:00,"ABC","3up",9.4,"SL",NA,12,"UniqueID2",6,"8P31071","Sordahl","M","2023.01.21","2023.01.24","Lemur",1,"B",31.1,1899-12-30 18:32:00,"RW",29,1899-12-30 17:36:00,"SL",13.8,NA,"RFY","ME/RS"
"853","34B",34,"000724D729","2023.01.22","G30","1",1899-12-30 12:40:00,"ABC","6up",10.75,"RM","Cameras had to be restarted after release",10,"UniqueID2",5,"8P31071","Sordahl","M","2023.01.21","2023.01.24","Lemur",1,"B",31.1,1899-12-30 18:32:00,"RW",29,1899-12-30 17:36:00,"SL",13.8,NA,"RFY","ME/RS"
"854","34B",34,"000724D729","2023.01.22","G28","1",1899-12-30 11:40:00,"ABC","5up",8.5,"SL",NA,8,"UniqueID2",4,"8P31071","Sordahl","M","2023.01.21","2023.01.24","Lemur",1,"B",31.1,1899-12-30 18:32:00,"RW",29,1899-12-30 17:36:00,"SL",13.8,NA,"RFY","ME/RS"
"855","34B",34,"000724D729","2023.01.22","G24","1",1899-12-30 09:40:00,"ABC","6down",11.2,"SL",NA,4,"UniqueID2",2,"8P31071","Sordahl","M","2023.01.21","2023.01.24","Lemur",1,"B",31.1,1899-12-30 18:32:00,"RW",29,1899-12-30 17:36:00,"SL",13.8,NA,"RFY","ME/RS"
"856","34B",34,"000724D729","2023.01.22","G34","1",1899-12-30 14:40:00,"ABC","5down",10.15,"RM",NA,14,"UniqueID2",7,"8P31071","Sordahl","M","2023.01.21","2023.01.24","Lemur",1,"B",31.1,1899-12-30 18:32:00,"RW",29,1899-12-30 17:36:00,"SL",13.8,NA,"RFY","ME/RS"
"857","34B",34,"000724D729","2023.01.22","G26","1",1899-12-30 10:40:00,"ABC","1up",11.95,"RM",NA,6,"UniqueID2",3,"8P31071","Sordahl","M","2023.01.21","2023.01.24","Lemur",1,"B",31.1,1899-12-30 18:32:00,"RW",29,1899-12-30 17:36:00,"SL",13.8,NA,"RFY","ME/RS"
"858","34B",34,"000724D729","2023.01.22","G36","1",1899-12-30 15:41:00,"ABC","4down",10.2,"SL",NA,16,"UniqueID2",8,"8P31071","Sordahl","M","2023.01.21","2023.01.24","Lemur",1,"B",31.1,1899-12-30 18:32:00,"RW",29,1899-12-30 17:36:00,"SL",13.8,NA,"RFY","ME/RS"
"859","34B",34,"000724D729","2023.01.22","G22","1",1899-12-30 08:40:00,"ABC","6up",11.75,"RM",NA,2,"UniqueID2",1,"8P31071","Sordahl","M","2023.01.21","2023.01.24","Lemur",1,"B",31.1,1899-12-30 18:32:00,"RW",29,1899-12-30 17:36:00,"SL",13.8,NA,"RFY","ME/RS"
"860","34B",34,"000724D729","2023.01.22","G38","1",1899-12-30 16:40:00,"ABC","6down",10.4,"SL",NA,18,"UniqueID2",9,"8P31071","Sordahl","M","2023.01.21","2023.01.24","Lemur",1,"B",31.1,1899-12-30 18:32:00,"RW",29,1899-12-30 17:36:00,"SL",13.8,NA,"RFY","ME/RS"
"861","34C",34,"000724D1F3","2023.01.22","G30","1",1899-12-30 12:40:00,"ABC","6up",10.75,"RM","Cameras had to be restarted after release",10,"UniqueID3",5,"8P31104","Sordahl","F","2023.01.21","2023.01.24","Water_faucet",1,"C",31.8,1899-12-30 18:40:00,"RM",28.1,1899-12-30 17:10:00,"SL",17.6,NA,"MB/ME","RFR"
"862","34C",34,"000724D1F3","2023.01.22","G24","1",1899-12-30 09:40:00,"ABC","6down",11.2,"SL",NA,4,"UniqueID3",2,"8P31104","Sordahl","F","2023.01.21","2023.01.24","Water_faucet",1,"C",31.8,1899-12-30 18:40:00,"RM",28.1,1899-12-30 17:10:00,"SL",17.6,NA,"MB/ME","RFR"
"863","34C",34,"000724D1F3","2023.01.22","G26","1",1899-12-30 10:40:00,"ABC","1up",11.95,"RM",NA,6,"UniqueID3",3,"8P31104","Sordahl","F","2023.01.21","2023.01.24","Water_faucet",1,"C",31.8,1899-12-30 18:40:00,"RM",28.1,1899-12-30 17:10:00,"SL",17.6,NA,"MB/ME","RFR"
"864","34C",34,"000724D1F3","2023.01.22","G28","1",1899-12-30 11:40:00,"ABC","5up",8.5,"SL",NA,8,"UniqueID3",4,"8P31104","Sordahl","F","2023.01.21","2023.01.24","Water_faucet",1,"C",31.8,1899-12-30 18:40:00,"RM",28.1,1899-12-30 17:10:00,"SL",17.6,NA,"MB/ME","RFR"
"865","34C",34,"000724D1F3","2023.01.22","G36","1",1899-12-30 15:41:00,"ABC","4down",10.2,"SL",NA,16,"UniqueID3",8,"8P31104","Sordahl","F","2023.01.21","2023.01.24","Water_faucet",1,"C",31.8,1899-12-30 18:40:00,"RM",28.1,1899-12-30 17:10:00,"SL",17.6,NA,"MB/ME","RFR"
"866","34C",34,"000724D1F3","2023.01.22","G32","1",1899-12-30 13:40:00,"ABC","3up",9.4,"SL",NA,12,"UniqueID3",6,"8P31104","Sordahl","F","2023.01.21","2023.01.24","Water_faucet",1,"C",31.8,1899-12-30 18:40:00,"RM",28.1,1899-12-30 17:10:00,"SL",17.6,NA,"MB/ME","RFR"
"867","34C",34,"000724D1F3","2023.01.22","G40","1",1899-12-30 17:40:00,"ABC","6up",9.6,"RM",NA,20,"UniqueID3",10,"8P31104","Sordahl","F","2023.01.21","2023.01.24","Water_faucet",1,"C",31.8,1899-12-30 18:40:00,"RM",28.1,1899-12-30 17:10:00,"SL",17.6,NA,"MB/ME","RFR"
"868","34C",34,"000724D1F3","2023.01.22","G38","1",1899-12-30 16:40:00,"ABC","6down",10.4,"SL",NA,18,"UniqueID3",9,"8P31104","Sordahl","F","2023.01.21","2023.01.24","Water_faucet",1,"C",31.8,1899-12-30 18:40:00,"RM",28.1,1899-12-30 17:10:00,"SL",17.6,NA,"MB/ME","RFR"
"869","34C",34,"000724D1F3","2023.01.22","G22","1",1899-12-30 08:40:00,"ABC","6up",11.75,"RM",NA,2,"UniqueID3",1,"8P31104","Sordahl","F","2023.01.21","2023.01.24","Water_faucet",1,"C",31.8,1899-12-30 18:40:00,"RM",28.1,1899-12-30 17:10:00,"SL",17.6,NA,"MB/ME","RFR"
"870","34C",34,"000724D1F3","2023.01.22","G34","1",1899-12-30 14:40:00,"ABC","5down",10.15,"RM",NA,14,"UniqueID3",7,"8P31104","Sordahl","F","2023.01.21","2023.01.24","Water_faucet",1,"C",31.8,1899-12-30 18:40:00,"RM",28.1,1899-12-30 17:10:00,"SL",17.6,NA,"MB/ME","RFR"
"871","34D",34,"000724DFEA","2023.01.22","G36","2",1899-12-30 15:41:00,"DEF","4down",11.15,"SL",NA,16,"UniqueID1",8,"8P31094","Sordahl","F","2023.01.21","2023.01.24","Yoga",1,"D",30.2,1899-12-30 18:38:00,"RM",27.5,1899-12-30 17:18:00,"SL",18,NA,"RFMB","O/ME"
"872","34D",34,"000724DFEA","2023.01.22","G28","2",1899-12-30 11:40:00,"DEF","4up",11.9,"RM",NA,8,"UniqueID1",4,"8P31094","Sordahl","F","2023.01.21","2023.01.24","Yoga",1,"D",30.2,1899-12-30 18:38:00,"RM",27.5,1899-12-30 17:18:00,"SL",18,NA,"RFMB","O/ME"
"873","34D",34,"000724DFEA","2023.01.22","G40","2",1899-12-30 17:40:00,"DEF","3up",9.85,"SL",NA,20,"UniqueID1",10,"8P31094","Sordahl","F","2023.01.21","2023.01.24","Yoga",1,"D",30.2,1899-12-30 18:38:00,"RM",27.5,1899-12-30 17:18:00,"SL",18,NA,"RFMB","O/ME"
"874","34D",34,"000724DFEA","2023.01.22","G30","2",1899-12-30 12:40:00,"DEF","5down",11.2,"RW",NA,10,"UniqueID1",5,"8P31094","Sordahl","F","2023.01.21","2023.01.24","Yoga",1,"D",30.2,1899-12-30 18:38:00,"RM",27.5,1899-12-30 17:18:00,"SL",18,NA,"RFMB","O/ME"
"875","34D",34,"000724DFEA","2023.01.22","G38","2",1899-12-30 16:40:00,"DEF","2down",11.75,"RM",NA,18,"UniqueID1",9,"8P31094","Sordahl","F","2023.01.21","2023.01.24","Yoga",1,"D",30.2,1899-12-30 18:38:00,"RM",27.5,1899-12-30 17:18:00,"SL",18,NA,"RFMB","O/ME"
"876","34D",34,"000724DFEA","2023.01.22","G32","2",1899-12-30 13:40:00,"DEF","1down",11.85,"RW",NA,12,"UniqueID1",6,"8P31094","Sordahl","F","2023.01.21","2023.01.24","Yoga",1,"D",30.2,1899-12-30 18:38:00,"RM",27.5,1899-12-30 17:18:00,"SL",18,NA,"RFMB","O/ME"
"877","34D",34,"000724DFEA","2023.01.22","G22","2",1899-12-30 08:40:00,"DEF","2up",9.9,"SL",NA,2,"UniqueID1",1,"8P31094","Sordahl","F","2023.01.21","2023.01.24","Yoga",1,"D",30.2,1899-12-30 18:38:00,"RM",27.5,1899-12-30 17:18:00,"SL",18,NA,"RFMB","O/ME"
"878","34D",34,"000724DFEA","2023.01.22","G24","2",1899-12-30 09:40:00,"DEF","3down",10.25,"RM",NA,4,"UniqueID1",2,"8P31094","Sordahl","F","2023.01.21","2023.01.24","Yoga",1,"D",30.2,1899-12-30 18:38:00,"RM",27.5,1899-12-30 17:18:00,"SL",18,NA,"RFMB","O/ME"
"879","34D",34,"000724DFEA","2023.01.22","G26","2",1899-12-30 10:40:00,"DEF","6up",11.25,"SL",NA,6,"UniqueID1",3,"8P31094","Sordahl","F","2023.01.21","2023.01.24","Yoga",1,"D",30.2,1899-12-30 18:38:00,"RM",27.5,1899-12-30 17:18:00,"SL",18,NA,"RFMB","O/ME"
"880","34D",34,"000724DFEA","2023.01.22","G34","2",1899-12-30 14:40:00,"DEF","6up",11.3,"SL",NA,14,"UniqueID1",7,"8P31094","Sordahl","F","2023.01.21","2023.01.24","Yoga",1,"D",30.2,1899-12-30 18:38:00,"RM",27.5,1899-12-30 17:18:00,"SL",18,NA,"RFMB","O/ME"
"881","34E",34,"000724DE7A","2023.01.22","G30","2",1899-12-30 12:40:00,"DEF","5down",11.2,"RW",NA,10,"UniqueID2",5,"8P26848","Sordahl","M","2023.01.21","2023.01.24","No_backpack",1,"E",30.8,1899-12-30 18:31:00,"RW",29.3,1899-12-30 17:42:00,"SL",16.2,"Found without backpack","RFR","ME/BLR"
"882","34E",34,"000724DE7A","2023.01.22","G36","2",1899-12-30 15:41:00,"DEF","4down",11.15,"SL",NA,16,"UniqueID2",8,"8P26848","Sordahl","M","2023.01.21","2023.01.24","No_backpack",1,"E",30.8,1899-12-30 18:31:00,"RW",29.3,1899-12-30 17:42:00,"SL",16.2,"Found without backpack","RFR","ME/BLR"
"883","34E",34,"000724DE7A","2023.01.22","G24","2",1899-12-30 09:40:00,"DEF","3down",10.25,"RM",NA,4,"UniqueID2",2,"8P26848","Sordahl","M","2023.01.21","2023.01.24","No_backpack",1,"E",30.8,1899-12-30 18:31:00,"RW",29.3,1899-12-30 17:42:00,"SL",16.2,"Found without backpack","RFR","ME/BLR"
"884","34E",34,"000724DE7A","2023.01.22","G32","2",1899-12-30 13:40:00,"DEF","1down",11.85,"RW",NA,12,"UniqueID2",6,"8P26848","Sordahl","M","2023.01.21","2023.01.24","No_backpack",1,"E",30.8,1899-12-30 18:31:00,"RW",29.3,1899-12-30 17:42:00,"SL",16.2,"Found without backpack","RFR","ME/BLR"
"885","34E",34,"000724DE7A","2023.01.22","G26","2",1899-12-30 10:40:00,"DEF","6up",11.25,"SL",NA,6,"UniqueID2",3,"8P26848","Sordahl","M","2023.01.21","2023.01.24","No_backpack",1,"E",30.8,1899-12-30 18:31:00,"RW",29.3,1899-12-30 17:42:00,"SL",16.2,"Found without backpack","RFR","ME/BLR"
"886","34E",34,"000724DE7A","2023.01.22","G38","2",1899-12-30 16:40:00,"DEF","2down",11.75,"RM",NA,18,"UniqueID2",9,"8P26848","Sordahl","M","2023.01.21","2023.01.24","No_backpack",1,"E",30.8,1899-12-30 18:31:00,"RW",29.3,1899-12-30 17:42:00,"SL",16.2,"Found without backpack","RFR","ME/BLR"
"887","34E",34,"000724DE7A","2023.01.22","G40","2",1899-12-30 17:40:00,"DEF","3up",9.85,"SL",NA,20,"UniqueID2",10,"8P26848","Sordahl","M","2023.01.21","2023.01.24","No_backpack",1,"E",30.8,1899-12-30 18:31:00,"RW",29.3,1899-12-30 17:42:00,"SL",16.2,"Found without backpack","RFR","ME/BLR"
"888","34E",34,"000724DE7A","2023.01.22","G34","2",1899-12-30 14:40:00,"DEF","6up",11.3,"SL",NA,14,"UniqueID2",7,"8P26848","Sordahl","M","2023.01.21","2023.01.24","No_backpack",1,"E",30.8,1899-12-30 18:31:00,"RW",29.3,1899-12-30 17:42:00,"SL",16.2,"Found without backpack","RFR","ME/BLR"
"889","34E",34,"000724DE7A","2023.01.22","G28","2",1899-12-30 11:40:00,"DEF","4up",11.9,"RM",NA,8,"UniqueID2",4,"8P26848","Sordahl","M","2023.01.21","2023.01.24","No_backpack",1,"E",30.8,1899-12-30 18:31:00,"RW",29.3,1899-12-30 17:42:00,"SL",16.2,"Found without backpack","RFR","ME/BLR"
"890","34E",34,"000724DE7A","2023.01.22","G22","2",1899-12-30 08:40:00,"DEF","2up",9.9,"SL",NA,2,"UniqueID2",1,"8P26848","Sordahl","M","2023.01.21","2023.01.24","No_backpack",1,"E",30.8,1899-12-30 18:31:00,"RW",29.3,1899-12-30 17:42:00,"SL",16.2,"Found without backpack","RFR","ME/BLR"
"891","34F",34,"000724D967","2023.01.22","G38","2",1899-12-30 16:40:00,"DEF","2down",11.75,"RM",NA,18,"UniqueID3",9,"8P31083","Sordahl","M","2023.01.21","2023.01.24","Ghost",1,"F",30.5,1899-12-30 18:29:00,"RW",29.4,1899-12-30 16:49:00,"SL",12.5,NA,"RFO","BLR/ME"
"892","34F",34,"000724D967","2023.01.22","G24","2",1899-12-30 09:40:00,"DEF","3down",10.25,"RM",NA,4,"UniqueID3",2,"8P31083","Sordahl","M","2023.01.21","2023.01.24","Ghost",1,"F",30.5,1899-12-30 18:29:00,"RW",29.4,1899-12-30 16:49:00,"SL",12.5,NA,"RFO","BLR/ME"
"893","34F",34,"000724D967","2023.01.22","G32","2",1899-12-30 13:40:00,"DEF","1down",11.85,"RW",NA,12,"UniqueID3",6,"8P31083","Sordahl","M","2023.01.21","2023.01.24","Ghost",1,"F",30.5,1899-12-30 18:29:00,"RW",29.4,1899-12-30 16:49:00,"SL",12.5,NA,"RFO","BLR/ME"
"894","34F",34,"000724D967","2023.01.22","G36","2",1899-12-30 15:41:00,"DEF","4down",11.15,"SL",NA,16,"UniqueID3",8,"8P31083","Sordahl","M","2023.01.21","2023.01.24","Ghost",1,"F",30.5,1899-12-30 18:29:00,"RW",29.4,1899-12-30 16:49:00,"SL",12.5,NA,"RFO","BLR/ME"
"895","34F",34,"000724D967","2023.01.22","G40","2",1899-12-30 17:40:00,"DEF","3up",9.85,"SL",NA,20,"UniqueID3",10,"8P31083","Sordahl","M","2023.01.21","2023.01.24","Ghost",1,"F",30.5,1899-12-30 18:29:00,"RW",29.4,1899-12-30 16:49:00,"SL",12.5,NA,"RFO","BLR/ME"
"896","34F",34,"000724D967","2023.01.22","G22","2",1899-12-30 08:40:00,"DEF","2up",9.9,"SL",NA,2,"UniqueID3",1,"8P31083","Sordahl","M","2023.01.21","2023.01.24","Ghost",1,"F",30.5,1899-12-30 18:29:00,"RW",29.4,1899-12-30 16:49:00,"SL",12.5,NA,"RFO","BLR/ME"
"897","34F",34,"000724D967","2023.01.22","G28","2",1899-12-30 11:40:00,"DEF","4up",11.9,"RM",NA,8,"UniqueID3",4,"8P31083","Sordahl","M","2023.01.21","2023.01.24","Ghost",1,"F",30.5,1899-12-30 18:29:00,"RW",29.4,1899-12-30 16:49:00,"SL",12.5,NA,"RFO","BLR/ME"
"898","34F",34,"000724D967","2023.01.22","G34","2",1899-12-30 14:40:00,"DEF","6up",11.3,"SL",NA,14,"UniqueID3",7,"8P31083","Sordahl","M","2023.01.21","2023.01.24","Ghost",1,"F",30.5,1899-12-30 18:29:00,"RW",29.4,1899-12-30 16:49:00,"SL",12.5,NA,"RFO","BLR/ME"
"899","34F",34,"000724D967","2023.01.22","G26","2",1899-12-30 10:40:00,"DEF","6up",11.25,"SL",NA,6,"UniqueID3",3,"8P31083","Sordahl","M","2023.01.21","2023.01.24","Ghost",1,"F",30.5,1899-12-30 18:29:00,"RW",29.4,1899-12-30 16:49:00,"SL",12.5,NA,"RFO","BLR/ME"
"900","34F",34,"000724D967","2023.01.22","G30","2",1899-12-30 12:40:00,"DEF","5down",11.2,"RW",NA,10,"UniqueID3",5,"8P31083","Sordahl","M","2023.01.21","2023.01.24","Ghost",1,"F",30.5,1899-12-30 18:29:00,"RW",29.4,1899-12-30 16:49:00,"SL",12.5,NA,"RFO","BLR/ME"
"901","35G",35,"0007250390","2023.01.22","G31","1",1899-12-30 13:11:00,"GHI","4down",11.55,"RW",NA,11,"UniqueID1",6,"8P31073","Sordahl","M","2023.01.21","2023.01.24","Footballer",4,"G",31.3,1899-12-30 19:04:00,"RW",29.2,1899-12-30 18:03:00,"RW",17.8,NA,"RFRS","ME/RS"
"902","35G",35,"0007250390","2023.01.22","G23","1",1899-12-30 09:11:00,"GHI","6down",11.9,"SL",NA,3,"UniqueID1",2,"8P31073","Sordahl","M","2023.01.21","2023.01.24","Footballer",4,"G",31.3,1899-12-30 19:04:00,"RW",29.2,1899-12-30 18:03:00,"RW",17.8,NA,"RFRS","ME/RS"
"903","35G",35,"0007250390","2023.01.22","G33","1",1899-12-30 14:10:00,"GHI","6down",11.95,"RM",NA,13,"UniqueID1",7,"8P31073","Sordahl","M","2023.01.21","2023.01.24","Footballer",4,"G",31.3,1899-12-30 19:04:00,"RW",29.2,1899-12-30 18:03:00,"RW",17.8,NA,"RFRS","ME/RS"
"904","35G",35,"0007250390","2023.01.22","G25","1",1899-12-30 10:10:00,"GHI","4up",11.7,"SL",NA,5,"UniqueID1",3,"8P31073","Sordahl","M","2023.01.21","2023.01.24","Footballer",4,"G",31.3,1899-12-30 19:04:00,"RW",29.2,1899-12-30 18:03:00,"RW",17.8,NA,"RFRS","ME/RS"
"905","35G",35,"0007250390","2023.01.22","G27","1",1899-12-30 11:10:00,"GHI","1up",11.45,"RM",NA,7,"UniqueID1",4,"8P31073","Sordahl","M","2023.01.21","2023.01.24","Footballer",4,"G",31.3,1899-12-30 19:04:00,"RW",29.2,1899-12-30 18:03:00,"RW",17.8,NA,"RFRS","ME/RS"
"906","35G",35,"0007250390","2023.01.22","G35","1",1899-12-30 15:13:00,"GHI","2down",11.3,"RM",NA,15,"UniqueID1",8,"8P31073","Sordahl","M","2023.01.21","2023.01.24","Footballer",4,"G",31.3,1899-12-30 19:04:00,"RW",29.2,1899-12-30 18:03:00,"RW",17.8,NA,"RFRS","ME/RS"
"907","35G",35,"0007250390","2023.01.22","G21","1",1899-12-30 08:10:00,"GHI","4up",11.75,"RM",NA,1,"UniqueID1",1,"8P31073","Sordahl","M","2023.01.21","2023.01.24","Footballer",4,"G",31.3,1899-12-30 19:04:00,"RW",29.2,1899-12-30 18:03:00,"RW",17.8,NA,"RFRS","ME/RS"
"908","35G",35,"0007250390","2023.01.22","G37","1",1899-12-30 16:10:00,"GHI","1down",12,"RM",NA,17,"UniqueID1",9,"8P31073","Sordahl","M","2023.01.21","2023.01.24","Footballer",4,"G",31.3,1899-12-30 19:04:00,"RW",29.2,1899-12-30 18:03:00,"RW",17.8,NA,"RFRS","ME/RS"
"909","35G",35,"0007250390","2023.01.22","G39","1",1899-12-30 17:10:00,"GHI","6up",11.3,"SL",NA,19,"UniqueID1",10,"8P31073","Sordahl","M","2023.01.21","2023.01.24","Footballer",4,"G",31.3,1899-12-30 19:04:00,"RW",29.2,1899-12-30 18:03:00,"RW",17.8,NA,"RFRS","ME/RS"
"910","35G",35,"0007250390","2023.01.22","G29","1",1899-12-30 12:10:00,"GHI","3up",11.95,"SL",NA,9,"UniqueID1",5,"8P31073","Sordahl","M","2023.01.21","2023.01.24","Footballer",4,"G",31.3,1899-12-30 19:04:00,"RW",29.2,1899-12-30 18:03:00,"RW",17.8,NA,"RFRS","ME/RS"
"911","35H",35,"000724EE79","2023.01.22","G39","1",1899-12-30 17:10:00,"GHI","6up",11.3,"SL",NA,19,"UniqueID2",10,"8917419","Sordahl","F","2023.01.21","2023.01.24","Water_faucet",4,"H",31.4,1899-12-30 19:04:00,"RW",29.2,1899-12-30 18:09:00,"RW",15.3,NA,"RY/ME","RFR"
"912","35H",35,"000724EE79","2023.01.22","G37","1",1899-12-30 16:10:00,"GHI","1down",12,"RM",NA,17,"UniqueID2",9,"8917419","Sordahl","F","2023.01.21","2023.01.24","Water_faucet",4,"H",31.4,1899-12-30 19:04:00,"RW",29.2,1899-12-30 18:09:00,"RW",15.3,NA,"RY/ME","RFR"
"913","35H",35,"000724EE79","2023.01.22","G23","1",1899-12-30 09:11:00,"GHI","6down",11.9,"SL",NA,3,"UniqueID2",2,"8917419","Sordahl","F","2023.01.21","2023.01.24","Water_faucet",4,"H",31.4,1899-12-30 19:04:00,"RW",29.2,1899-12-30 18:09:00,"RW",15.3,NA,"RY/ME","RFR"
"914","35H",35,"000724EE79","2023.01.22","G35","1",1899-12-30 15:13:00,"GHI","2down",11.3,"RM",NA,15,"UniqueID2",8,"8917419","Sordahl","F","2023.01.21","2023.01.24","Water_faucet",4,"H",31.4,1899-12-30 19:04:00,"RW",29.2,1899-12-30 18:09:00,"RW",15.3,NA,"RY/ME","RFR"
"915","35H",35,"000724EE79","2023.01.22","G31","1",1899-12-30 13:11:00,"GHI","4down",11.55,"RW",NA,11,"UniqueID2",6,"8917419","Sordahl","F","2023.01.21","2023.01.24","Water_faucet",4,"H",31.4,1899-12-30 19:04:00,"RW",29.2,1899-12-30 18:09:00,"RW",15.3,NA,"RY/ME","RFR"
"916","35H",35,"000724EE79","2023.01.22","G33","1",1899-12-30 14:10:00,"GHI","6down",11.95,"RM",NA,13,"UniqueID2",7,"8917419","Sordahl","F","2023.01.21","2023.01.24","Water_faucet",4,"H",31.4,1899-12-30 19:04:00,"RW",29.2,1899-12-30 18:09:00,"RW",15.3,NA,"RY/ME","RFR"
"917","35H",35,"000724EE79","2023.01.22","G27","1",1899-12-30 11:10:00,"GHI","1up",11.45,"RM",NA,7,"UniqueID2",4,"8917419","Sordahl","F","2023.01.21","2023.01.24","Water_faucet",4,"H",31.4,1899-12-30 19:04:00,"RW",29.2,1899-12-30 18:09:00,"RW",15.3,NA,"RY/ME","RFR"
"918","35H",35,"000724EE79","2023.01.22","G29","1",1899-12-30 12:10:00,"GHI","3up",11.95,"SL",NA,9,"UniqueID2",5,"8917419","Sordahl","F","2023.01.21","2023.01.24","Water_faucet",4,"H",31.4,1899-12-30 19:04:00,"RW",29.2,1899-12-30 18:09:00,"RW",15.3,NA,"RY/ME","RFR"
"919","35H",35,"000724EE79","2023.01.22","G21","1",1899-12-30 08:10:00,"GHI","4up",11.75,"RM",NA,1,"UniqueID2",1,"8917419","Sordahl","F","2023.01.21","2023.01.24","Water_faucet",4,"H",31.4,1899-12-30 19:04:00,"RW",29.2,1899-12-30 18:09:00,"RW",15.3,NA,"RY/ME","RFR"
"920","35H",35,"000724EE79","2023.01.22","G25","1",1899-12-30 10:10:00,"GHI","4up",11.7,"SL",NA,5,"UniqueID2",3,"8917419","Sordahl","F","2023.01.21","2023.01.24","Water_faucet",4,"H",31.4,1899-12-30 19:04:00,"RW",29.2,1899-12-30 18:09:00,"RW",15.3,NA,"RY/ME","RFR"
"921","35I",35,"000724DDBC","2023.01.22","G37","1",1899-12-30 16:10:00,"GHI","1down",12,"RM",NA,17,"UniqueID3",9,"8917481","Sordahl","M","2023.01.21","2023.01.24","Lemur",4,"I",28.6,1899-12-30 19:08:00,"RW",27.2,1899-12-30 17:55:00,"RW",16.5,"16.6 second hemo measure","ME/RSW","RFY"
"922","35I",35,"000724DDBC","2023.01.22","G31","1",1899-12-30 13:11:00,"GHI","4down",11.55,"RW",NA,11,"UniqueID3",6,"8917481","Sordahl","M","2023.01.21","2023.01.24","Lemur",4,"I",28.6,1899-12-30 19:08:00,"RW",27.2,1899-12-30 17:55:00,"RW",16.5,"16.6 second hemo measure","ME/RSW","RFY"
"923","35I",35,"000724DDBC","2023.01.22","G27","1",1899-12-30 11:10:00,"GHI","1up",11.45,"RM",NA,7,"UniqueID3",4,"8917481","Sordahl","M","2023.01.21","2023.01.24","Lemur",4,"I",28.6,1899-12-30 19:08:00,"RW",27.2,1899-12-30 17:55:00,"RW",16.5,"16.6 second hemo measure","ME/RSW","RFY"
"924","35I",35,"000724DDBC","2023.01.22","G29","1",1899-12-30 12:10:00,"GHI","3up",11.95,"SL",NA,9,"UniqueID3",5,"8917481","Sordahl","M","2023.01.21","2023.01.24","Lemur",4,"I",28.6,1899-12-30 19:08:00,"RW",27.2,1899-12-30 17:55:00,"RW",16.5,"16.6 second hemo measure","ME/RSW","RFY"
"925","35I",35,"000724DDBC","2023.01.22","G39","1",1899-12-30 17:10:00,"GHI","6up",11.3,"SL",NA,19,"UniqueID3",10,"8917481","Sordahl","M","2023.01.21","2023.01.24","Lemur",4,"I",28.6,1899-12-30 19:08:00,"RW",27.2,1899-12-30 17:55:00,"RW",16.5,"16.6 second hemo measure","ME/RSW","RFY"
"926","35I",35,"000724DDBC","2023.01.22","G25","1",1899-12-30 10:10:00,"GHI","4up",11.7,"SL",NA,5,"UniqueID3",3,"8917481","Sordahl","M","2023.01.21","2023.01.24","Lemur",4,"I",28.6,1899-12-30 19:08:00,"RW",27.2,1899-12-30 17:55:00,"RW",16.5,"16.6 second hemo measure","ME/RSW","RFY"
"927","35I",35,"000724DDBC","2023.01.22","G21","1",1899-12-30 08:10:00,"GHI","4up",11.75,"RM",NA,1,"UniqueID3",1,"8917481","Sordahl","M","2023.01.21","2023.01.24","Lemur",4,"I",28.6,1899-12-30 19:08:00,"RW",27.2,1899-12-30 17:55:00,"RW",16.5,"16.6 second hemo measure","ME/RSW","RFY"
"928","35I",35,"000724DDBC","2023.01.22","G23","1",1899-12-30 09:11:00,"GHI","6down",11.9,"SL",NA,3,"UniqueID3",2,"8917481","Sordahl","M","2023.01.21","2023.01.24","Lemur",4,"I",28.6,1899-12-30 19:08:00,"RW",27.2,1899-12-30 17:55:00,"RW",16.5,"16.6 second hemo measure","ME/RSW","RFY"
"929","35I",35,"000724DDBC","2023.01.22","G35","1",1899-12-30 15:13:00,"GHI","2down",11.3,"RM",NA,15,"UniqueID3",8,"8917481","Sordahl","M","2023.01.21","2023.01.24","Lemur",4,"I",28.6,1899-12-30 19:08:00,"RW",27.2,1899-12-30 17:55:00,"RW",16.5,"16.6 second hemo measure","ME/RSW","RFY"
"930","35I",35,"000724DDBC","2023.01.22","G33","1",1899-12-30 14:10:00,"GHI","6down",11.95,"RM",NA,13,"UniqueID3",7,"8917481","Sordahl","M","2023.01.21","2023.01.24","Lemur",4,"I",28.6,1899-12-30 19:08:00,"RW",27.2,1899-12-30 17:55:00,"RW",16.5,"16.6 second hemo measure","ME/RSW","RFY"
"931","35J",35,"000724E4F9","2023.01.22","G21","2",1899-12-30 08:10:00,"JKL","6up",11.25,"SL","G & E escaped",1,"UniqueID1",1,"8P31107","Sordahl","F","2023.01.21","2023.01.24","Ghost",4,"J",29.2,1899-12-30 19:10:00,"RM",27.6,1899-12-30 17:48:00,"RW",12.1,NA,"ME/GR","RFR"
"932","35J",35,"000724E4F9","2023.01.22","G31","2",1899-12-30 13:11:00,"JKL","6up",10.95,"RM",NA,11,"UniqueID1",6,"8P31107","Sordahl","F","2023.01.21","2023.01.24","Ghost",4,"J",29.2,1899-12-30 19:10:00,"RM",27.6,1899-12-30 17:48:00,"RW",12.1,NA,"ME/GR","RFR"
"933","35J",35,"000724E4F9","2023.01.22","G37","2",1899-12-30 16:10:00,"JKL","5up",9.95,"SL",NA,17,"UniqueID1",9,"8P31107","Sordahl","F","2023.01.21","2023.01.24","Ghost",4,"J",29.2,1899-12-30 19:10:00,"RM",27.6,1899-12-30 17:48:00,"RW",12.1,NA,"ME/GR","RFR"
"934","35J",35,"000724E4F9","2023.01.22","G27","2",1899-12-30 11:10:00,"JKL","5up",11.95,"SL",NA,7,"UniqueID1",4,"8P31107","Sordahl","F","2023.01.21","2023.01.24","Ghost",4,"J",29.2,1899-12-30 19:10:00,"RM",27.6,1899-12-30 17:48:00,"RW",12.1,NA,"ME/GR","RFR"
"935","35J",35,"000724E4F9","2023.01.22","G39","2",1899-12-30 17:10:00,"JKL","1down",8.7,"RM",NA,19,"UniqueID1",10,"8P31107","Sordahl","F","2023.01.21","2023.01.24","Ghost",4,"J",29.2,1899-12-30 19:10:00,"RM",27.6,1899-12-30 17:48:00,"RW",12.1,NA,"ME/GR","RFR"
"936","35J",35,"000724E4F9","2023.01.22","G25","2",1899-12-30 10:10:00,"JKL","4up",12,"RM",NA,5,"UniqueID1",3,"8P31107","Sordahl","F","2023.01.21","2023.01.24","Ghost",4,"J",29.2,1899-12-30 19:10:00,"RM",27.6,1899-12-30 17:48:00,"RW",12.1,NA,"ME/GR","RFR"
"937","35J",35,"000724E4F9","2023.01.22","G23","2",1899-12-30 09:11:00,"JKL","2down",10.45,"RM",NA,3,"UniqueID1",2,"8P31107","Sordahl","F","2023.01.21","2023.01.24","Ghost",4,"J",29.2,1899-12-30 19:10:00,"RM",27.6,1899-12-30 17:48:00,"RW",12.1,NA,"ME/GR","RFR"
"938","35J",35,"000724E4F9","2023.01.22","G33","2",1899-12-30 14:10:00,"JKL","5down",8.15,"SL",NA,13,"UniqueID1",7,"8P31107","Sordahl","F","2023.01.21","2023.01.24","Ghost",4,"J",29.2,1899-12-30 19:10:00,"RM",27.6,1899-12-30 17:48:00,"RW",12.1,NA,"ME/GR","RFR"
"939","35J",35,"000724E4F9","2023.01.22","G35","2",1899-12-30 15:13:00,"JKL","5down",10.9,"SL",NA,15,"UniqueID1",8,"8P31107","Sordahl","F","2023.01.21","2023.01.24","Ghost",4,"J",29.2,1899-12-30 19:10:00,"RM",27.6,1899-12-30 17:48:00,"RW",12.1,NA,"ME/GR","RFR"
"940","35J",35,"000724E4F9","2023.01.22","G29","2",1899-12-30 12:10:00,"JKL","6down",9.95,"RM",NA,9,"UniqueID1",5,"8P31107","Sordahl","F","2023.01.21","2023.01.24","Ghost",4,"J",29.2,1899-12-30 19:10:00,"RM",27.6,1899-12-30 17:48:00,"RW",12.1,NA,"ME/GR","RFR"
"941","35K",35,"000724D2AE","2023.01.22","G23","2",1899-12-30 09:11:00,"JKL","2down",10.45,"RM",NA,3,"UniqueID2",2,"8P31097","Sordahl","M","2023.01.21","2023.01.24","J",4,"K",31.2,1899-12-30 19:13:00,"RM",29.3,1899-12-30 17:25:00,"SL",17.9,NA,"RFMB","ME/LI"
"942","35K",35,"000724D2AE","2023.01.22","G29","2",1899-12-30 12:10:00,"JKL","6down",9.95,"RM",NA,9,"UniqueID2",5,"8P31097","Sordahl","M","2023.01.21","2023.01.24","J",4,"K",31.2,1899-12-30 19:13:00,"RM",29.3,1899-12-30 17:25:00,"SL",17.9,NA,"RFMB","ME/LI"
"943","35K",35,"000724D2AE","2023.01.22","G21","2",1899-12-30 08:10:00,"JKL","6up",11.25,"SL","G & E escaped",1,"UniqueID2",1,"8P31097","Sordahl","M","2023.01.21","2023.01.24","J",4,"K",31.2,1899-12-30 19:13:00,"RM",29.3,1899-12-30 17:25:00,"SL",17.9,NA,"RFMB","ME/LI"
"944","35K",35,"000724D2AE","2023.01.22","G25","2",1899-12-30 10:10:00,"JKL","4up",12,"RM",NA,5,"UniqueID2",3,"8P31097","Sordahl","M","2023.01.21","2023.01.24","J",4,"K",31.2,1899-12-30 19:13:00,"RM",29.3,1899-12-30 17:25:00,"SL",17.9,NA,"RFMB","ME/LI"
"945","35K",35,"000724D2AE","2023.01.22","G35","2",1899-12-30 15:13:00,"JKL","5down",10.9,"SL",NA,15,"UniqueID2",8,"8P31097","Sordahl","M","2023.01.21","2023.01.24","J",4,"K",31.2,1899-12-30 19:13:00,"RM",29.3,1899-12-30 17:25:00,"SL",17.9,NA,"RFMB","ME/LI"
"946","35K",35,"000724D2AE","2023.01.22","G27","2",1899-12-30 11:10:00,"JKL","5up",11.95,"SL",NA,7,"UniqueID2",4,"8P31097","Sordahl","M","2023.01.21","2023.01.24","J",4,"K",31.2,1899-12-30 19:13:00,"RM",29.3,1899-12-30 17:25:00,"SL",17.9,NA,"RFMB","ME/LI"
"947","35K",35,"000724D2AE","2023.01.22","G33","2",1899-12-30 14:10:00,"JKL","5down",8.15,"SL",NA,13,"UniqueID2",7,"8P31097","Sordahl","M","2023.01.21","2023.01.24","J",4,"K",31.2,1899-12-30 19:13:00,"RM",29.3,1899-12-30 17:25:00,"SL",17.9,NA,"RFMB","ME/LI"
"948","35K",35,"000724D2AE","2023.01.22","G31","2",1899-12-30 13:11:00,"JKL","6up",10.95,"RM",NA,11,"UniqueID2",6,"8P31097","Sordahl","M","2023.01.21","2023.01.24","J",4,"K",31.2,1899-12-30 19:13:00,"RM",29.3,1899-12-30 17:25:00,"SL",17.9,NA,"RFMB","ME/LI"
"949","35K",35,"000724D2AE","2023.01.22","G39","2",1899-12-30 17:10:00,"JKL","1down",8.7,"RM",NA,19,"UniqueID2",10,"8P31097","Sordahl","M","2023.01.21","2023.01.24","J",4,"K",31.2,1899-12-30 19:13:00,"RM",29.3,1899-12-30 17:25:00,"SL",17.9,NA,"RFMB","ME/LI"
"950","35K",35,"000724D2AE","2023.01.22","G37","2",1899-12-30 16:10:00,"JKL","5up",9.95,"SL",NA,17,"UniqueID2",9,"8P31097","Sordahl","M","2023.01.21","2023.01.24","J",4,"K",31.2,1899-12-30 19:13:00,"RM",29.3,1899-12-30 17:25:00,"SL",17.9,NA,"RFMB","ME/LI"
"951","35L",35,"00072508EE","2023.01.22","G39","2",1899-12-30 17:10:00,"JKL","1down",8.7,"RM",NA,19,"UniqueID3",10,"8P14936","Sordahl","F","2023.01.21","2023.01.24","Yoga",4,"L",29,1899-12-30 19:15:00,"RM",26.4,1899-12-30 18:18:00,"RW",17.1,NA,"MB/ME","RFY"
"952","35L",35,"00072508EE","2023.01.22","G33","2",1899-12-30 14:10:00,"JKL","5down",8.15,"SL",NA,13,"UniqueID3",7,"8P14936","Sordahl","F","2023.01.21","2023.01.24","Yoga",4,"L",29,1899-12-30 19:15:00,"RM",26.4,1899-12-30 18:18:00,"RW",17.1,NA,"MB/ME","RFY"
"953","35L",35,"00072508EE","2023.01.22","G27","2",1899-12-30 11:10:00,"JKL","5up",11.95,"SL",NA,7,"UniqueID3",4,"8P14936","Sordahl","F","2023.01.21","2023.01.24","Yoga",4,"L",29,1899-12-30 19:15:00,"RM",26.4,1899-12-30 18:18:00,"RW",17.1,NA,"MB/ME","RFY"
"954","35L",35,"00072508EE","2023.01.22","G23","2",1899-12-30 09:11:00,"JKL","2down",10.45,"RM",NA,3,"UniqueID3",2,"8P14936","Sordahl","F","2023.01.21","2023.01.24","Yoga",4,"L",29,1899-12-30 19:15:00,"RM",26.4,1899-12-30 18:18:00,"RW",17.1,NA,"MB/ME","RFY"
"955","35L",35,"00072508EE","2023.01.22","G35","2",1899-12-30 15:13:00,"JKL","5down",10.9,"SL",NA,15,"UniqueID3",8,"8P14936","Sordahl","F","2023.01.21","2023.01.24","Yoga",4,"L",29,1899-12-30 19:15:00,"RM",26.4,1899-12-30 18:18:00,"RW",17.1,NA,"MB/ME","RFY"
"956","35L",35,"00072508EE","2023.01.22","G29","2",1899-12-30 12:10:00,"JKL","6down",9.95,"RM",NA,9,"UniqueID3",5,"8P14936","Sordahl","F","2023.01.21","2023.01.24","Yoga",4,"L",29,1899-12-30 19:15:00,"RM",26.4,1899-12-30 18:18:00,"RW",17.1,NA,"MB/ME","RFY"
"957","35L",35,"00072508EE","2023.01.22","G31","2",1899-12-30 13:11:00,"JKL","6up",10.95,"RM",NA,11,"UniqueID3",6,"8P14936","Sordahl","F","2023.01.21","2023.01.24","Yoga",4,"L",29,1899-12-30 19:15:00,"RM",26.4,1899-12-30 18:18:00,"RW",17.1,NA,"MB/ME","RFY"
"958","35L",35,"00072508EE","2023.01.22","G37","2",1899-12-30 16:10:00,"JKL","5up",9.95,"SL",NA,17,"UniqueID3",9,"8P14936","Sordahl","F","2023.01.21","2023.01.24","Yoga",4,"L",29,1899-12-30 19:15:00,"RM",26.4,1899-12-30 18:18:00,"RW",17.1,NA,"MB/ME","RFY"
"959","35L",35,"00072508EE","2023.01.22","G25","2",1899-12-30 10:10:00,"JKL","4up",12,"RM",NA,5,"UniqueID3",3,"8P14936","Sordahl","F","2023.01.21","2023.01.24","Yoga",4,"L",29,1899-12-30 19:15:00,"RM",26.4,1899-12-30 18:18:00,"RW",17.1,NA,"MB/ME","RFY"
"960","35L",35,"00072508EE","2023.01.22","G21","2",1899-12-30 08:10:00,"JKL","6up",11.25,"SL","G & E escaped",1,"UniqueID3",1,"8P14936","Sordahl","F","2023.01.21","2023.01.24","Yoga",4,"L",29,1899-12-30 19:15:00,"RM",26.4,1899-12-30 18:18:00,"RW",17.1,NA,"MB/ME","RFY"
"961","42A",42,"000724B6DB","2023.02.06","G49","1",1899-12-30 12:00:00,"ABC","6up",12,"RW",NA,9,"UniqueID1",5,"8P26918","Ranes","M","2023.02.03","2023.02.06","Footballer",1,"A",34.8,1899-12-30 17:07:00,"RW",31.8,1899-12-30 18:22:00,"CdG",17.8,NA,"ME/LI","RFRS"
"962","42A",42,"000724B6DB","2023.02.06","G45","1",1899-12-30 09:59:00,"ABC","4up",11.25,"RW",NA,5,"UniqueID1",3,"8P26918","Ranes","M","2023.02.03","2023.02.06","Footballer",1,"A",34.8,1899-12-30 17:07:00,"RW",31.8,1899-12-30 18:22:00,"CdG",17.8,NA,"ME/LI","RFRS"
"963","42A",42,"000724B6DB","2023.02.06","G59","1",1899-12-30 17:00:00,"ABC","1down",9.9,"RW",NA,19,"UniqueID1",10,"8P26918","Ranes","M","2023.02.03","2023.02.06","Footballer",1,"A",34.8,1899-12-30 17:07:00,"RW",31.8,1899-12-30 18:22:00,"CdG",17.8,NA,"ME/LI","RFRS"
"964","42A",42,"000724B6DB","2023.02.06","G51","1",1899-12-30 13:01:00,"ABC","6down",11.55,"RM",NA,11,"UniqueID1",6,"8P26918","Ranes","M","2023.02.03","2023.02.06","Footballer",1,"A",34.8,1899-12-30 17:07:00,"RW",31.8,1899-12-30 18:22:00,"CdG",17.8,NA,"ME/LI","RFRS"
"965","42A",42,"000724B6DB","2023.02.06","G55","1",1899-12-30 15:00:00,"ABC","4down",11.15,"RW",NA,15,"UniqueID1",8,"8P26918","Ranes","M","2023.02.03","2023.02.06","Footballer",1,"A",34.8,1899-12-30 17:07:00,"RW",31.8,1899-12-30 18:22:00,"CdG",17.8,NA,"ME/LI","RFRS"
"966","42A",42,"000724B6DB","2023.02.06","G53","1",1899-12-30 14:00:00,"ABC","3down",11.95,"SA",NA,13,"UniqueID1",7,"8P26918","Ranes","M","2023.02.03","2023.02.06","Footballer",1,"A",34.8,1899-12-30 17:07:00,"RW",31.8,1899-12-30 18:22:00,"CdG",17.8,NA,"ME/LI","RFRS"
"967","42A",42,"000724B6DB","2023.02.06","G41","1",1899-12-30 08:02:00,"ABC","1up",12,"CdG",NA,1,"UniqueID1",1,"8P26918","Ranes","M","2023.02.03","2023.02.06","Footballer",1,"A",34.8,1899-12-30 17:07:00,"RW",31.8,1899-12-30 18:22:00,"CdG",17.8,NA,"ME/LI","RFRS"
"968","42A",42,"000724B6DB","2023.02.06","G57","1",1899-12-30 15:59:00,"ABC","5down",9.75,"RW",NA,17,"UniqueID1",9,"8P26918","Ranes","M","2023.02.03","2023.02.06","Footballer",1,"A",34.8,1899-12-30 17:07:00,"RW",31.8,1899-12-30 18:22:00,"CdG",17.8,NA,"ME/LI","RFRS"
"969","42A",42,"000724B6DB","2023.02.06","G43","1",1899-12-30 09:00:00,"ABC","5up",12,"RW",NA,3,"UniqueID1",2,"8P26918","Ranes","M","2023.02.03","2023.02.06","Footballer",1,"A",34.8,1899-12-30 17:07:00,"RW",31.8,1899-12-30 18:22:00,"CdG",17.8,NA,"ME/LI","RFRS"
"970","42A",42,"000724B6DB","2023.02.06","G47","1",1899-12-30 10:59:00,"ABC","5down",9.9,"RM",NA,7,"UniqueID1",4,"8P26918","Ranes","M","2023.02.03","2023.02.06","Footballer",1,"A",34.8,1899-12-30 17:07:00,"RW",31.8,1899-12-30 18:22:00,"CdG",17.8,NA,"ME/LI","RFRS"
"971","42B",42,"000724CB56","2023.02.06","G51","1",1899-12-30 13:01:00,"ABC","6down",11.55,"RM",NA,11,"UniqueID2",6,"8917497","Ranes","M","2023.02.03","2023.02.06","Ghost",1,"B",31.9,1899-12-30 17:09:00,"RW",27.3,1899-12-30 17:42:00,"RW",13.2,NA,"RFRS","ME/RSW"
"972","42B",42,"000724CB56","2023.02.06","G53","1",1899-12-30 14:00:00,"ABC","3down",11.95,"SA",NA,13,"UniqueID2",7,"8917497","Ranes","M","2023.02.03","2023.02.06","Ghost",1,"B",31.9,1899-12-30 17:09:00,"RW",27.3,1899-12-30 17:42:00,"RW",13.2,NA,"RFRS","ME/RSW"
"973","42B",42,"000724CB56","2023.02.06","G49","1",1899-12-30 12:00:00,"ABC","6up",12,"RW",NA,9,"UniqueID2",5,"8917497","Ranes","M","2023.02.03","2023.02.06","Ghost",1,"B",31.9,1899-12-30 17:09:00,"RW",27.3,1899-12-30 17:42:00,"RW",13.2,NA,"RFRS","ME/RSW"
"974","42B",42,"000724CB56","2023.02.06","G45","1",1899-12-30 09:59:00,"ABC","4up",11.25,"RW",NA,5,"UniqueID2",3,"8917497","Ranes","M","2023.02.03","2023.02.06","Ghost",1,"B",31.9,1899-12-30 17:09:00,"RW",27.3,1899-12-30 17:42:00,"RW",13.2,NA,"RFRS","ME/RSW"
"975","42B",42,"000724CB56","2023.02.06","G47","1",1899-12-30 10:59:00,"ABC","5down",9.9,"RM",NA,7,"UniqueID2",4,"8917497","Ranes","M","2023.02.03","2023.02.06","Ghost",1,"B",31.9,1899-12-30 17:09:00,"RW",27.3,1899-12-30 17:42:00,"RW",13.2,NA,"RFRS","ME/RSW"
"976","42B",42,"000724CB56","2023.02.06","G59","1",1899-12-30 17:00:00,"ABC","1down",9.9,"RW",NA,19,"UniqueID2",10,"8917497","Ranes","M","2023.02.03","2023.02.06","Ghost",1,"B",31.9,1899-12-30 17:09:00,"RW",27.3,1899-12-30 17:42:00,"RW",13.2,NA,"RFRS","ME/RSW"
"977","42B",42,"000724CB56","2023.02.06","G41","1",1899-12-30 08:02:00,"ABC","1up",12,"CdG",NA,1,"UniqueID2",1,"8917497","Ranes","M","2023.02.03","2023.02.06","Ghost",1,"B",31.9,1899-12-30 17:09:00,"RW",27.3,1899-12-30 17:42:00,"RW",13.2,NA,"RFRS","ME/RSW"
"978","42B",42,"000724CB56","2023.02.06","G55","1",1899-12-30 15:00:00,"ABC","4down",11.15,"RW",NA,15,"UniqueID2",8,"8917497","Ranes","M","2023.02.03","2023.02.06","Ghost",1,"B",31.9,1899-12-30 17:09:00,"RW",27.3,1899-12-30 17:42:00,"RW",13.2,NA,"RFRS","ME/RSW"
"979","42B",42,"000724CB56","2023.02.06","G43","1",1899-12-30 09:00:00,"ABC","5up",12,"RW",NA,3,"UniqueID2",2,"8917497","Ranes","M","2023.02.03","2023.02.06","Ghost",1,"B",31.9,1899-12-30 17:09:00,"RW",27.3,1899-12-30 17:42:00,"RW",13.2,NA,"RFRS","ME/RSW"
"980","42B",42,"000724CB56","2023.02.06","G57","1",1899-12-30 15:59:00,"ABC","5down",9.75,"RW",NA,17,"UniqueID2",9,"8917497","Ranes","M","2023.02.03","2023.02.06","Ghost",1,"B",31.9,1899-12-30 17:09:00,"RW",27.3,1899-12-30 17:42:00,"RW",13.2,NA,"RFRS","ME/RSW"
"981","42C",42,"000724C0B5","2023.02.06","G41","1",1899-12-30 08:02:00,"ABC","1up",12,"CdG",NA,1,"UniqueID3",1,"8P15000","Ranes","M","2023.02.03","2023.02.06","Yoga",1,"C",33.4,1899-12-30 17:11:00,"RM",28.6,1899-12-30 18:00:00,"CdG",17,NA,"RFO","Y/ME"
"982","42C",42,"000724C0B5","2023.02.06","G47","1",1899-12-30 10:59:00,"ABC","5down",9.9,"RM",NA,7,"UniqueID3",4,"8P15000","Ranes","M","2023.02.03","2023.02.06","Yoga",1,"C",33.4,1899-12-30 17:11:00,"RM",28.6,1899-12-30 18:00:00,"CdG",17,NA,"RFO","Y/ME"
"983","42C",42,"000724C0B5","2023.02.06","G43","1",1899-12-30 09:00:00,"ABC","5up",12,"RW",NA,3,"UniqueID3",2,"8P15000","Ranes","M","2023.02.03","2023.02.06","Yoga",1,"C",33.4,1899-12-30 17:11:00,"RM",28.6,1899-12-30 18:00:00,"CdG",17,NA,"RFO","Y/ME"
"984","42C",42,"000724C0B5","2023.02.06","G51","1",1899-12-30 13:01:00,"ABC","6down",11.55,"RM",NA,11,"UniqueID3",6,"8P15000","Ranes","M","2023.02.03","2023.02.06","Yoga",1,"C",33.4,1899-12-30 17:11:00,"RM",28.6,1899-12-30 18:00:00,"CdG",17,NA,"RFO","Y/ME"
"985","42C",42,"000724C0B5","2023.02.06","G49","1",1899-12-30 12:00:00,"ABC","6up",12,"RW",NA,9,"UniqueID3",5,"8P15000","Ranes","M","2023.02.03","2023.02.06","Yoga",1,"C",33.4,1899-12-30 17:11:00,"RM",28.6,1899-12-30 18:00:00,"CdG",17,NA,"RFO","Y/ME"
"986","42C",42,"000724C0B5","2023.02.06","G55","1",1899-12-30 15:00:00,"ABC","4down",11.15,"RW",NA,15,"UniqueID3",8,"8P15000","Ranes","M","2023.02.03","2023.02.06","Yoga",1,"C",33.4,1899-12-30 17:11:00,"RM",28.6,1899-12-30 18:00:00,"CdG",17,NA,"RFO","Y/ME"
"987","42C",42,"000724C0B5","2023.02.06","G45","1",1899-12-30 09:59:00,"ABC","4up",11.25,"RW",NA,5,"UniqueID3",3,"8P15000","Ranes","M","2023.02.03","2023.02.06","Yoga",1,"C",33.4,1899-12-30 17:11:00,"RM",28.6,1899-12-30 18:00:00,"CdG",17,NA,"RFO","Y/ME"
"988","42C",42,"000724C0B5","2023.02.06","G59","1",1899-12-30 17:00:00,"ABC","1down",9.9,"RW",NA,19,"UniqueID3",10,"8P15000","Ranes","M","2023.02.03","2023.02.06","Yoga",1,"C",33.4,1899-12-30 17:11:00,"RM",28.6,1899-12-30 18:00:00,"CdG",17,NA,"RFO","Y/ME"
"989","42C",42,"000724C0B5","2023.02.06","G57","1",1899-12-30 15:59:00,"ABC","5down",9.75,"RW",NA,17,"UniqueID3",9,"8P15000","Ranes","M","2023.02.03","2023.02.06","Yoga",1,"C",33.4,1899-12-30 17:11:00,"RM",28.6,1899-12-30 18:00:00,"CdG",17,NA,"RFO","Y/ME"
"990","42C",42,"000724C0B5","2023.02.06","G53","1",1899-12-30 14:00:00,"ABC","3down",11.95,"SA",NA,13,"UniqueID3",7,"8P15000","Ranes","M","2023.02.03","2023.02.06","Yoga",1,"C",33.4,1899-12-30 17:11:00,"RM",28.6,1899-12-30 18:00:00,"CdG",17,NA,"RFO","Y/ME"
"991","42D",42,"000724D2B0","2023.02.06","G51","2",1899-12-30 13:01:00,"DEF","6down",9.65,"SA",NA,11,"UniqueID1",6,"8P14343","Ranes","M","2023.02.03","2023.02.06","Lemur",1,"D",32,1899-12-30 17:14:00,"RM",29,1899-12-30 18:12:00,"CdG",16.5,NA,"RFRS","ME/W"
"992","42D",42,"000724D2B0","2023.02.06","G41","2",1899-12-30 08:02:00,"DEF","2up",9.6,"RM","Reader 180 detached",1,"UniqueID1",1,"8P14343","Ranes","M","2023.02.03","2023.02.06","Lemur",1,"D",32,1899-12-30 17:14:00,"RM",29,1899-12-30 18:12:00,"CdG",16.5,NA,"RFRS","ME/W"
"993","42D",42,"000724D2B0","2023.02.06","G47","2",1899-12-30 10:59:00,"DEF","5up",11.25,"RW",NA,7,"UniqueID1",4,"8P14343","Ranes","M","2023.02.03","2023.02.06","Lemur",1,"D",32,1899-12-30 17:14:00,"RM",29,1899-12-30 18:12:00,"CdG",16.5,NA,"RFRS","ME/W"
"994","42D",42,"000724D2B0","2023.02.06","G45","2",1899-12-30 09:59:00,"DEF","3up",10.1,"CdG",NA,5,"UniqueID1",3,"8P14343","Ranes","M","2023.02.03","2023.02.06","Lemur",1,"D",32,1899-12-30 17:14:00,"RM",29,1899-12-30 18:12:00,"CdG",16.5,NA,"RFRS","ME/W"
"995","42D",42,"000724D2B0","2023.02.06","G53","2",1899-12-30 14:00:00,"DEF","2down",9.25,"RW",NA,13,"UniqueID1",7,"8P14343","Ranes","M","2023.02.03","2023.02.06","Lemur",1,"D",32,1899-12-30 17:14:00,"RM",29,1899-12-30 18:12:00,"CdG",16.5,NA,"RFRS","ME/W"
"996","42D",42,"000724D2B0","2023.02.06","G59","2",1899-12-30 17:00:00,"DEF","2up",11.1,"RM",NA,19,"UniqueID1",10,"8P14343","Ranes","M","2023.02.03","2023.02.06","Lemur",1,"D",32,1899-12-30 17:14:00,"RM",29,1899-12-30 18:12:00,"CdG",16.5,NA,"RFRS","ME/W"
"997","42D",42,"000724D2B0","2023.02.06","G55","2",1899-12-30 15:00:00,"DEF","5down",10.5,"RM",NA,15,"UniqueID1",8,"8P14343","Ranes","M","2023.02.03","2023.02.06","Lemur",1,"D",32,1899-12-30 17:14:00,"RM",29,1899-12-30 18:12:00,"CdG",16.5,NA,"RFRS","ME/W"
"998","42D",42,"000724D2B0","2023.02.06","G57","2",1899-12-30 15:59:00,"DEF","6down",10.05,"RM",NA,17,"UniqueID1",9,"8P14343","Ranes","M","2023.02.03","2023.02.06","Lemur",1,"D",32,1899-12-30 17:14:00,"RM",29,1899-12-30 18:12:00,"CdG",16.5,NA,"RFRS","ME/W"
"999","42D",42,"000724D2B0","2023.02.06","G49","2",1899-12-30 12:00:00,"DEF","6down",9.6,"RM",NA,9,"UniqueID1",5,"8P14343","Ranes","M","2023.02.03","2023.02.06","Lemur",1,"D",32,1899-12-30 17:14:00,"RM",29,1899-12-30 18:12:00,"CdG",16.5,NA,"RFRS","ME/W"
"1000","42D",42,"000724D2B0","2023.02.06","G43","2",1899-12-30 09:00:00,"DEF","1down",8.6,"CdG","RFID data for F2 missing",3,"UniqueID1",2,"8P14343","Ranes","M","2023.02.03","2023.02.06","Lemur",1,"D",32,1899-12-30 17:14:00,"RM",29,1899-12-30 18:12:00,"CdG",16.5,NA,"RFRS","ME/W"
"1001","42E",42,"000724EB89","2023.02.06","G41","2",1899-12-30 08:02:00,"DEF","2up",9.6,"RM","Reader 180 detached",1,"UniqueID2",1,"8P14338","Ranes","M","2023.02.03","2023.02.06","J",1,"E",29.2,1899-12-30 17:17:00,"RM",27.2,1899-12-30 17:28:00,"RW",17.7,"Massive weight loss","ME/RS","RFO"
"1002","42E",42,"000724EB89","2023.02.06","G43","2",1899-12-30 09:00:00,"DEF","1down",8.6,"CdG","RFID data for F2 missing",3,"UniqueID2",2,"8P14338","Ranes","M","2023.02.03","2023.02.06","J",1,"E",29.2,1899-12-30 17:17:00,"RM",27.2,1899-12-30 17:28:00,"RW",17.7,"Massive weight loss","ME/RS","RFO"
"1003","42E",42,"000724EB89","2023.02.06","G49","2",1899-12-30 12:00:00,"DEF","6down",9.6,"RM",NA,9,"UniqueID2",5,"8P14338","Ranes","M","2023.02.03","2023.02.06","J",1,"E",29.2,1899-12-30 17:17:00,"RM",27.2,1899-12-30 17:28:00,"RW",17.7,"Massive weight loss","ME/RS","RFO"
"1004","42E",42,"000724EB89","2023.02.06","G51","2",1899-12-30 13:01:00,"DEF","6down",9.65,"SA",NA,11,"UniqueID2",6,"8P14338","Ranes","M","2023.02.03","2023.02.06","J",1,"E",29.2,1899-12-30 17:17:00,"RM",27.2,1899-12-30 17:28:00,"RW",17.7,"Massive weight loss","ME/RS","RFO"
"1005","42E",42,"000724EB89","2023.02.06","G53","2",1899-12-30 14:00:00,"DEF","2down",9.25,"RW",NA,13,"UniqueID2",7,"8P14338","Ranes","M","2023.02.03","2023.02.06","J",1,"E",29.2,1899-12-30 17:17:00,"RM",27.2,1899-12-30 17:28:00,"RW",17.7,"Massive weight loss","ME/RS","RFO"
"1006","42E",42,"000724EB89","2023.02.06","G45","2",1899-12-30 09:59:00,"DEF","3up",10.1,"CdG",NA,5,"UniqueID2",3,"8P14338","Ranes","M","2023.02.03","2023.02.06","J",1,"E",29.2,1899-12-30 17:17:00,"RM",27.2,1899-12-30 17:28:00,"RW",17.7,"Massive weight loss","ME/RS","RFO"
"1007","42E",42,"000724EB89","2023.02.06","G47","2",1899-12-30 10:59:00,"DEF","5up",11.25,"RW",NA,7,"UniqueID2",4,"8P14338","Ranes","M","2023.02.03","2023.02.06","J",1,"E",29.2,1899-12-30 17:17:00,"RM",27.2,1899-12-30 17:28:00,"RW",17.7,"Massive weight loss","ME/RS","RFO"
"1008","42E",42,"000724EB89","2023.02.06","G57","2",1899-12-30 15:59:00,"DEF","6down",10.05,"RM",NA,17,"UniqueID2",9,"8P14338","Ranes","M","2023.02.03","2023.02.06","J",1,"E",29.2,1899-12-30 17:17:00,"RM",27.2,1899-12-30 17:28:00,"RW",17.7,"Massive weight loss","ME/RS","RFO"
"1009","42E",42,"000724EB89","2023.02.06","G59","2",1899-12-30 17:00:00,"DEF","2up",11.1,"RM",NA,19,"UniqueID2",10,"8P14338","Ranes","M","2023.02.03","2023.02.06","J",1,"E",29.2,1899-12-30 17:17:00,"RM",27.2,1899-12-30 17:28:00,"RW",17.7,"Massive weight loss","ME/RS","RFO"
"1010","42E",42,"000724EB89","2023.02.06","G55","2",1899-12-30 15:00:00,"DEF","5down",10.5,"RM",NA,15,"UniqueID2",8,"8P14338","Ranes","M","2023.02.03","2023.02.06","J",1,"E",29.2,1899-12-30 17:17:00,"RM",27.2,1899-12-30 17:28:00,"RW",17.7,"Massive weight loss","ME/RS","RFO"
"1011","42F",42,"000724D4E5","2023.02.06","G51","2",1899-12-30 13:01:00,"DEF","6down",9.65,"SA",NA,11,"UniqueID3",6,"8P14342","Ranes","F","2023.02.03","2023.02.06","Water_faucet",1,"F",32.4,1899-12-30 17:23:00,"RM",28.5,1899-12-30 17:49:00,"CdG",16.5,NA,"RFRS","ME/BL"
"1012","42F",42,"000724D4E5","2023.02.06","G41","2",1899-12-30 08:02:00,"DEF","2up",9.6,"RM","Reader 180 detached",1,"UniqueID3",1,"8P14342","Ranes","F","2023.02.03","2023.02.06","Water_faucet",1,"F",32.4,1899-12-30 17:23:00,"RM",28.5,1899-12-30 17:49:00,"CdG",16.5,NA,"RFRS","ME/BL"
"1013","42F",42,"000724D4E5","2023.02.06","G53","2",1899-12-30 14:00:00,"DEF","2down",9.25,"RW",NA,13,"UniqueID3",7,"8P14342","Ranes","F","2023.02.03","2023.02.06","Water_faucet",1,"F",32.4,1899-12-30 17:23:00,"RM",28.5,1899-12-30 17:49:00,"CdG",16.5,NA,"RFRS","ME/BL"
"1014","42F",42,"000724D4E5","2023.02.06","G45","2",1899-12-30 09:59:00,"DEF","3up",10.1,"CdG",NA,5,"UniqueID3",3,"8P14342","Ranes","F","2023.02.03","2023.02.06","Water_faucet",1,"F",32.4,1899-12-30 17:23:00,"RM",28.5,1899-12-30 17:49:00,"CdG",16.5,NA,"RFRS","ME/BL"
"1015","42F",42,"000724D4E5","2023.02.06","G49","2",1899-12-30 12:00:00,"DEF","6down",9.6,"RM",NA,9,"UniqueID3",5,"8P14342","Ranes","F","2023.02.03","2023.02.06","Water_faucet",1,"F",32.4,1899-12-30 17:23:00,"RM",28.5,1899-12-30 17:49:00,"CdG",16.5,NA,"RFRS","ME/BL"
"1016","42F",42,"000724D4E5","2023.02.06","G43","2",1899-12-30 09:00:00,"DEF","1down",8.6,"CdG","RFID data for F2 missing",3,"UniqueID3",2,"8P14342","Ranes","F","2023.02.03","2023.02.06","Water_faucet",1,"F",32.4,1899-12-30 17:23:00,"RM",28.5,1899-12-30 17:49:00,"CdG",16.5,NA,"RFRS","ME/BL"
"1017","42F",42,"000724D4E5","2023.02.06","G59","2",1899-12-30 17:00:00,"DEF","2up",11.1,"RM",NA,19,"UniqueID3",10,"8P14342","Ranes","F","2023.02.03","2023.02.06","Water_faucet",1,"F",32.4,1899-12-30 17:23:00,"RM",28.5,1899-12-30 17:49:00,"CdG",16.5,NA,"RFRS","ME/BL"
"1018","42F",42,"000724D4E5","2023.02.06","G57","2",1899-12-30 15:59:00,"DEF","6down",10.05,"RM",NA,17,"UniqueID3",9,"8P14342","Ranes","F","2023.02.03","2023.02.06","Water_faucet",1,"F",32.4,1899-12-30 17:23:00,"RM",28.5,1899-12-30 17:49:00,"CdG",16.5,NA,"RFRS","ME/BL"
"1019","42F",42,"000724D4E5","2023.02.06","G55","2",1899-12-30 15:00:00,"DEF","5down",10.5,"RM",NA,15,"UniqueID3",8,"8P14342","Ranes","F","2023.02.03","2023.02.06","Water_faucet",1,"F",32.4,1899-12-30 17:23:00,"RM",28.5,1899-12-30 17:49:00,"CdG",16.5,NA,"RFRS","ME/BL"
"1020","42F",42,"000724D4E5","2023.02.06","G47","2",1899-12-30 10:59:00,"DEF","5up",11.25,"RW",NA,7,"UniqueID3",4,"8P14342","Ranes","F","2023.02.03","2023.02.06","Water_faucet",1,"F",32.4,1899-12-30 17:23:00,"RM",28.5,1899-12-30 17:49:00,"CdG",16.5,NA,"RFRS","ME/BL"
"1021","43G",43,"000724D429","2023.02.06","G52","1",1899-12-30 13:30:00,"GHI","4down",11.25,"RW",NA,12,"UniqueID1",6,"8P14997","Ranes","M","2023.02.03","2023.02.06","Footballer",2,"G",31.2,1899-12-30 17:42:00,"SA",28.8,1899-12-30 19:14:00,"RM",17.2,NA,"RFY","R/ME"
"1022","43G",43,"000724D429","2023.02.06","G42","1",1899-12-30 08:30:00,"GHI","2down",10.95,"RW",NA,2,"UniqueID1",1,"8P14997","Ranes","M","2023.02.03","2023.02.06","Footballer",2,"G",31.2,1899-12-30 17:42:00,"SA",28.8,1899-12-30 19:14:00,"RM",17.2,NA,"RFY","R/ME"
"1023","43G",43,"000724D429","2023.02.06","G60","1",1899-12-30 17:31:00,"GHI","3up",8.85,"RM",NA,20,"UniqueID1",10,"8P14997","Ranes","M","2023.02.03","2023.02.06","Footballer",2,"G",31.2,1899-12-30 17:42:00,"SA",28.8,1899-12-30 19:14:00,"RM",17.2,NA,"RFY","R/ME"
"1024","43G",43,"000724D429","2023.02.06","G54","1",1899-12-30 14:30:00,"GHI","1down",12,"RW",NA,14,"UniqueID1",7,"8P14997","Ranes","M","2023.02.03","2023.02.06","Footballer",2,"G",31.2,1899-12-30 17:42:00,"SA",28.8,1899-12-30 19:14:00,"RM",17.2,NA,"RFY","R/ME"
"1025","43G",43,"000724D429","2023.02.06","G50","1",1899-12-30 12:32:00,"GHI","2up",11.6,"RM",NA,10,"UniqueID1",5,"8P14997","Ranes","M","2023.02.03","2023.02.06","Footballer",2,"G",31.2,1899-12-30 17:42:00,"SA",28.8,1899-12-30 19:14:00,"RM",17.2,NA,"RFY","R/ME"
"1026","43G",43,"000724D429","2023.02.06","G46","1",1899-12-30 10:30:00,"GHI","4up",9.85,"CdG",NA,6,"UniqueID1",3,"8P14997","Ranes","M","2023.02.03","2023.02.06","Footballer",2,"G",31.2,1899-12-30 17:42:00,"SA",28.8,1899-12-30 19:14:00,"RM",17.2,NA,"RFY","R/ME"
"1027","43G",43,"000724D429","2023.02.06","G56","1",1899-12-30 15:29:00,"GHI","3up",11.05,"RM",NA,16,"UniqueID1",8,"8P14997","Ranes","M","2023.02.03","2023.02.06","Footballer",2,"G",31.2,1899-12-30 17:42:00,"SA",28.8,1899-12-30 19:14:00,"RM",17.2,NA,"RFY","R/ME"
"1028","43G",43,"000724D429","2023.02.06","G44","1",1899-12-30 09:32:00,"GHI","6up",10.2,"CdG",NA,4,"UniqueID1",2,"8P14997","Ranes","M","2023.02.03","2023.02.06","Footballer",2,"G",31.2,1899-12-30 17:42:00,"SA",28.8,1899-12-30 19:14:00,"RM",17.2,NA,"RFY","R/ME"
"1029","43G",43,"000724D429","2023.02.06","G48","1",1899-12-30 11:30:00,"GHI","3up",11.05,"RW",NA,8,"UniqueID1",4,"8P14997","Ranes","M","2023.02.03","2023.02.06","Footballer",2,"G",31.2,1899-12-30 17:42:00,"SA",28.8,1899-12-30 19:14:00,"RM",17.2,NA,"RFY","R/ME"
"1030","43G",43,"000724D429","2023.02.06","G58","1",1899-12-30 16:30:00,"GHI","6down",9.35,"RW",NA,18,"UniqueID1",9,"8P14997","Ranes","M","2023.02.03","2023.02.06","Footballer",2,"G",31.2,1899-12-30 17:42:00,"SA",28.8,1899-12-30 19:14:00,"RM",17.2,NA,"RFY","R/ME"
"1031","43H",43,"00072501AB","2023.02.06","G50","1",1899-12-30 12:32:00,"GHI","2up",11.6,"RM",NA,10,"UniqueID2",5,"8P31061","Ranes","M","2023.02.03","2023.02.06","J",2,"H",32.5,1899-12-30 17:50:00,"RM",29,1899-12-30 18:48:00,"RM",19.7,"Escaped before Hemo sampling","RFMB","DG/ME"
"1032","43H",43,"00072501AB","2023.02.06","G44","1",1899-12-30 09:32:00,"GHI","6up",10.2,"CdG",NA,4,"UniqueID2",2,"8P31061","Ranes","M","2023.02.03","2023.02.06","J",2,"H",32.5,1899-12-30 17:50:00,"RM",29,1899-12-30 18:48:00,"RM",19.7,"Escaped before Hemo sampling","RFMB","DG/ME"
"1033","43H",43,"00072501AB","2023.02.06","G60","1",1899-12-30 17:31:00,"GHI","3up",8.85,"RM",NA,20,"UniqueID2",10,"8P31061","Ranes","M","2023.02.03","2023.02.06","J",2,"H",32.5,1899-12-30 17:50:00,"RM",29,1899-12-30 18:48:00,"RM",19.7,"Escaped before Hemo sampling","RFMB","DG/ME"
"1034","43H",43,"00072501AB","2023.02.06","G42","1",1899-12-30 08:30:00,"GHI","2down",10.95,"RW",NA,2,"UniqueID2",1,"8P31061","Ranes","M","2023.02.03","2023.02.06","J",2,"H",32.5,1899-12-30 17:50:00,"RM",29,1899-12-30 18:48:00,"RM",19.7,"Escaped before Hemo sampling","RFMB","DG/ME"
"1035","43H",43,"00072501AB","2023.02.06","G58","1",1899-12-30 16:30:00,"GHI","6down",9.35,"RW",NA,18,"UniqueID2",9,"8P31061","Ranes","M","2023.02.03","2023.02.06","J",2,"H",32.5,1899-12-30 17:50:00,"RM",29,1899-12-30 18:48:00,"RM",19.7,"Escaped before Hemo sampling","RFMB","DG/ME"
"1036","43H",43,"00072501AB","2023.02.06","G48","1",1899-12-30 11:30:00,"GHI","3up",11.05,"RW",NA,8,"UniqueID2",4,"8P31061","Ranes","M","2023.02.03","2023.02.06","J",2,"H",32.5,1899-12-30 17:50:00,"RM",29,1899-12-30 18:48:00,"RM",19.7,"Escaped before Hemo sampling","RFMB","DG/ME"
"1037","43H",43,"00072501AB","2023.02.06","G52","1",1899-12-30 13:30:00,"GHI","4down",11.25,"RW",NA,12,"UniqueID2",6,"8P31061","Ranes","M","2023.02.03","2023.02.06","J",2,"H",32.5,1899-12-30 17:50:00,"RM",29,1899-12-30 18:48:00,"RM",19.7,"Escaped before Hemo sampling","RFMB","DG/ME"
"1038","43H",43,"00072501AB","2023.02.06","G54","1",1899-12-30 14:30:00,"GHI","1down",12,"RW",NA,14,"UniqueID2",7,"8P31061","Ranes","M","2023.02.03","2023.02.06","J",2,"H",32.5,1899-12-30 17:50:00,"RM",29,1899-12-30 18:48:00,"RM",19.7,"Escaped before Hemo sampling","RFMB","DG/ME"
"1039","43H",43,"00072501AB","2023.02.06","G56","1",1899-12-30 15:29:00,"GHI","3up",11.05,"RM",NA,16,"UniqueID2",8,"8P31061","Ranes","M","2023.02.03","2023.02.06","J",2,"H",32.5,1899-12-30 17:50:00,"RM",29,1899-12-30 18:48:00,"RM",19.7,"Escaped before Hemo sampling","RFMB","DG/ME"
"1040","43H",43,"00072501AB","2023.02.06","G46","1",1899-12-30 10:30:00,"GHI","4up",9.85,"CdG",NA,6,"UniqueID2",3,"8P31061","Ranes","M","2023.02.03","2023.02.06","J",2,"H",32.5,1899-12-30 17:50:00,"RM",29,1899-12-30 18:48:00,"RM",19.7,"Escaped before Hemo sampling","RFMB","DG/ME"
"1041","43I",43,"000724DE76","2023.02.06","G42","1",1899-12-30 08:30:00,"GHI","2down",10.95,"RW",NA,2,"UniqueID3",1,"8917495","Ranes","F","2023.02.03","2023.02.06","Ghost",2,"I",29.2,1899-12-30 17:47:00,"SA",27.2,1899-12-30 18:32:00,"RM",17.5,NA,"RFO","ME/RSW"
"1042","43I",43,"000724DE76","2023.02.06","G50","1",1899-12-30 12:32:00,"GHI","2up",11.6,"RM",NA,10,"UniqueID3",5,"8917495","Ranes","F","2023.02.03","2023.02.06","Ghost",2,"I",29.2,1899-12-30 17:47:00,"SA",27.2,1899-12-30 18:32:00,"RM",17.5,NA,"RFO","ME/RSW"
"1043","43I",43,"000724DE76","2023.02.06","G56","1",1899-12-30 15:29:00,"GHI","3up",11.05,"RM",NA,16,"UniqueID3",8,"8917495","Ranes","F","2023.02.03","2023.02.06","Ghost",2,"I",29.2,1899-12-30 17:47:00,"SA",27.2,1899-12-30 18:32:00,"RM",17.5,NA,"RFO","ME/RSW"
"1044","43I",43,"000724DE76","2023.02.06","G54","1",1899-12-30 14:30:00,"GHI","1down",12,"RW",NA,14,"UniqueID3",7,"8917495","Ranes","F","2023.02.03","2023.02.06","Ghost",2,"I",29.2,1899-12-30 17:47:00,"SA",27.2,1899-12-30 18:32:00,"RM",17.5,NA,"RFO","ME/RSW"
"1045","43I",43,"000724DE76","2023.02.06","G60","1",1899-12-30 17:31:00,"GHI","3up",8.85,"RM",NA,20,"UniqueID3",10,"8917495","Ranes","F","2023.02.03","2023.02.06","Ghost",2,"I",29.2,1899-12-30 17:47:00,"SA",27.2,1899-12-30 18:32:00,"RM",17.5,NA,"RFO","ME/RSW"
"1046","43I",43,"000724DE76","2023.02.06","G48","1",1899-12-30 11:30:00,"GHI","3up",11.05,"RW",NA,8,"UniqueID3",4,"8917495","Ranes","F","2023.02.03","2023.02.06","Ghost",2,"I",29.2,1899-12-30 17:47:00,"SA",27.2,1899-12-30 18:32:00,"RM",17.5,NA,"RFO","ME/RSW"
"1047","43I",43,"000724DE76","2023.02.06","G46","1",1899-12-30 10:30:00,"GHI","4up",9.85,"CdG",NA,6,"UniqueID3",3,"8917495","Ranes","F","2023.02.03","2023.02.06","Ghost",2,"I",29.2,1899-12-30 17:47:00,"SA",27.2,1899-12-30 18:32:00,"RM",17.5,NA,"RFO","ME/RSW"
"1048","43I",43,"000724DE76","2023.02.06","G52","1",1899-12-30 13:30:00,"GHI","4down",11.25,"RW",NA,12,"UniqueID3",6,"8917495","Ranes","F","2023.02.03","2023.02.06","Ghost",2,"I",29.2,1899-12-30 17:47:00,"SA",27.2,1899-12-30 18:32:00,"RM",17.5,NA,"RFO","ME/RSW"
"1049","43I",43,"000724DE76","2023.02.06","G44","1",1899-12-30 09:32:00,"GHI","6up",10.2,"CdG",NA,4,"UniqueID3",2,"8917495","Ranes","F","2023.02.03","2023.02.06","Ghost",2,"I",29.2,1899-12-30 17:47:00,"SA",27.2,1899-12-30 18:32:00,"RM",17.5,NA,"RFO","ME/RSW"
"1050","43I",43,"000724DE76","2023.02.06","G58","1",1899-12-30 16:30:00,"GHI","6down",9.35,"RW",NA,18,"UniqueID3",9,"8917495","Ranes","F","2023.02.03","2023.02.06","Ghost",2,"I",29.2,1899-12-30 17:47:00,"SA",27.2,1899-12-30 18:32:00,"RM",17.5,NA,"RFO","ME/RSW"
"1051","43J",43,"000724F655","2023.02.06","G52","2",1899-12-30 13:30:00,"JKL","4up",10.15,"SA",NA,12,"UniqueID1",6,"8917175","Ranes","F","2023.02.03","2023.02.06","Water_faucet",2,"J",28.8,1899-12-30 17:53:00,"RM",27.1,1899-12-30 18:40:00,"RM",17.4,NA,"ME/RSW","RFR"
"1052","43J",43,"000724F655","2023.02.06","G48","2",1899-12-30 11:30:00,"JKL","5down",11.95,"RM",NA,8,"UniqueID1",4,"8917175","Ranes","F","2023.02.03","2023.02.06","Water_faucet",2,"J",28.8,1899-12-30 17:53:00,"RM",27.1,1899-12-30 18:40:00,"RM",17.4,NA,"ME/RSW","RFR"
"1053","43J",43,"000724F655","2023.02.06","G56","2",1899-12-30 15:29:00,"JKL","5up",9.15,"RW",NA,16,"UniqueID1",8,"8917175","Ranes","F","2023.02.03","2023.02.06","Water_faucet",2,"J",28.8,1899-12-30 17:53:00,"RM",27.1,1899-12-30 18:40:00,"RM",17.4,NA,"ME/RSW","RFR"
"1054","43J",43,"000724F655","2023.02.06","G60","2",1899-12-30 17:31:00,"JKL","1down",11.2,"SA",NA,20,"UniqueID1",10,"8917175","Ranes","F","2023.02.03","2023.02.06","Water_faucet",2,"J",28.8,1899-12-30 17:53:00,"RM",27.1,1899-12-30 18:40:00,"RM",17.4,NA,"ME/RSW","RFR"
"1055","43J",43,"000724F655","2023.02.06","G42","2",1899-12-30 08:30:00,"JKL","5up",9.1,"CdG",NA,2,"UniqueID1",1,"8917175","Ranes","F","2023.02.03","2023.02.06","Water_faucet",2,"J",28.8,1899-12-30 17:53:00,"RM",27.1,1899-12-30 18:40:00,"RM",17.4,NA,"ME/RSW","RFR"
"1056","43J",43,"000724F655","2023.02.06","G44","2",1899-12-30 09:32:00,"JKL","4up",11.15,"RW",NA,4,"UniqueID1",2,"8917175","Ranes","F","2023.02.03","2023.02.06","Water_faucet",2,"J",28.8,1899-12-30 17:53:00,"RM",27.1,1899-12-30 18:40:00,"RM",17.4,NA,"ME/RSW","RFR"
"1057","43J",43,"000724F655","2023.02.06","G54","2",1899-12-30 14:30:00,"JKL","2up",10.2,"RM",NA,14,"UniqueID1",7,"8917175","Ranes","F","2023.02.03","2023.02.06","Water_faucet",2,"J",28.8,1899-12-30 17:53:00,"RM",27.1,1899-12-30 18:40:00,"RM",17.4,NA,"ME/RSW","RFR"
"1058","43J",43,"000724F655","2023.02.06","G58","2",1899-12-30 16:30:00,"JKL","6down",11.4,"RM",NA,18,"UniqueID1",9,"8917175","Ranes","F","2023.02.03","2023.02.06","Water_faucet",2,"J",28.8,1899-12-30 17:53:00,"RM",27.1,1899-12-30 18:40:00,"RM",17.4,NA,"ME/RSW","RFR"
"1059","43J",43,"000724F655","2023.02.06","G46","2",1899-12-30 10:30:00,"JKL","3up",10.9,"RW",NA,6,"UniqueID1",3,"8917175","Ranes","F","2023.02.03","2023.02.06","Water_faucet",2,"J",28.8,1899-12-30 17:53:00,"RM",27.1,1899-12-30 18:40:00,"RM",17.4,NA,"ME/RSW","RFR"
"1060","43J",43,"000724F655","2023.02.06","G50","2",1899-12-30 12:32:00,"JKL","2up",10,"SA","Might be 1 extra food (well?) in F2",10,"UniqueID1",5,"8917175","Ranes","F","2023.02.03","2023.02.06","Water_faucet",2,"J",28.8,1899-12-30 17:53:00,"RM",27.1,1899-12-30 18:40:00,"RM",17.4,NA,"ME/RSW","RFR"
"1061","43K",43,"000724D1F9","2023.02.06","G42","2",1899-12-30 08:30:00,"JKL","5up",9.1,"CdG",NA,2,"UniqueID2",1,"8P31081","Ranes","F","2023.02.03","2023.02.06","Lemur",2,"K",31.5,1899-12-30 17:57:00,"SA",29,1899-12-30 19:03:00,"RM",15.4,NA,"RFY","ME/BLR"
"1062","43K",43,"000724D1F9","2023.02.06","G44","2",1899-12-30 09:32:00,"JKL","4up",11.15,"RW",NA,4,"UniqueID2",2,"8P31081","Ranes","F","2023.02.03","2023.02.06","Lemur",2,"K",31.5,1899-12-30 17:57:00,"SA",29,1899-12-30 19:03:00,"RM",15.4,NA,"RFY","ME/BLR"
"1063","43K",43,"000724D1F9","2023.02.06","G48","2",1899-12-30 11:30:00,"JKL","5down",11.95,"RM",NA,8,"UniqueID2",4,"8P31081","Ranes","F","2023.02.03","2023.02.06","Lemur",2,"K",31.5,1899-12-30 17:57:00,"SA",29,1899-12-30 19:03:00,"RM",15.4,NA,"RFY","ME/BLR"
"1064","43K",43,"000724D1F9","2023.02.06","G58","2",1899-12-30 16:30:00,"JKL","6down",11.4,"RM",NA,18,"UniqueID2",9,"8P31081","Ranes","F","2023.02.03","2023.02.06","Lemur",2,"K",31.5,1899-12-30 17:57:00,"SA",29,1899-12-30 19:03:00,"RM",15.4,NA,"RFY","ME/BLR"
"1065","43K",43,"000724D1F9","2023.02.06","G60","2",1899-12-30 17:31:00,"JKL","1down",11.2,"SA",NA,20,"UniqueID2",10,"8P31081","Ranes","F","2023.02.03","2023.02.06","Lemur",2,"K",31.5,1899-12-30 17:57:00,"SA",29,1899-12-30 19:03:00,"RM",15.4,NA,"RFY","ME/BLR"
"1066","43K",43,"000724D1F9","2023.02.06","G54","2",1899-12-30 14:30:00,"JKL","2up",10.2,"RM",NA,14,"UniqueID2",7,"8P31081","Ranes","F","2023.02.03","2023.02.06","Lemur",2,"K",31.5,1899-12-30 17:57:00,"SA",29,1899-12-30 19:03:00,"RM",15.4,NA,"RFY","ME/BLR"
"1067","43K",43,"000724D1F9","2023.02.06","G50","2",1899-12-30 12:32:00,"JKL","2up",10,"SA","Might be 1 extra food (well?) in F2",10,"UniqueID2",5,"8P31081","Ranes","F","2023.02.03","2023.02.06","Lemur",2,"K",31.5,1899-12-30 17:57:00,"SA",29,1899-12-30 19:03:00,"RM",15.4,NA,"RFY","ME/BLR"
"1068","43K",43,"000724D1F9","2023.02.06","G56","2",1899-12-30 15:29:00,"JKL","5up",9.15,"RW",NA,16,"UniqueID2",8,"8P31081","Ranes","F","2023.02.03","2023.02.06","Lemur",2,"K",31.5,1899-12-30 17:57:00,"SA",29,1899-12-30 19:03:00,"RM",15.4,NA,"RFY","ME/BLR"
"1069","43K",43,"000724D1F9","2023.02.06","G52","2",1899-12-30 13:30:00,"JKL","4up",10.15,"SA",NA,12,"UniqueID2",6,"8P31081","Ranes","F","2023.02.03","2023.02.06","Lemur",2,"K",31.5,1899-12-30 17:57:00,"SA",29,1899-12-30 19:03:00,"RM",15.4,NA,"RFY","ME/BLR"
"1070","43K",43,"000724D1F9","2023.02.06","G46","2",1899-12-30 10:30:00,"JKL","3up",10.9,"RW",NA,6,"UniqueID2",3,"8P31081","Ranes","F","2023.02.03","2023.02.06","Lemur",2,"K",31.5,1899-12-30 17:57:00,"SA",29,1899-12-30 19:03:00,"RM",15.4,NA,"RFY","ME/BLR"
"1071","43L",43,"000724E390","2023.02.06","G58","2",1899-12-30 16:30:00,"JKL","6down",11.4,"RM",NA,18,"UniqueID3",9,"8917496","Ranes","M","2023.02.03","2023.02.06","Yoga",2,"L",28,1899-12-30 17:58:00,"RM",26.7,1899-12-30 19:21:00,"RM",17.7,"Lost featers near bill","RFY","ME/RSW"
"1072","43L",43,"000724E390","2023.02.06","G54","2",1899-12-30 14:30:00,"JKL","2up",10.2,"RM",NA,14,"UniqueID3",7,"8917496","Ranes","M","2023.02.03","2023.02.06","Yoga",2,"L",28,1899-12-30 17:58:00,"RM",26.7,1899-12-30 19:21:00,"RM",17.7,"Lost featers near bill","RFY","ME/RSW"
"1073","43L",43,"000724E390","2023.02.06","G56","2",1899-12-30 15:29:00,"JKL","5up",9.15,"RW",NA,16,"UniqueID3",8,"8917496","Ranes","M","2023.02.03","2023.02.06","Yoga",2,"L",28,1899-12-30 17:58:00,"RM",26.7,1899-12-30 19:21:00,"RM",17.7,"Lost featers near bill","RFY","ME/RSW"
"1074","43L",43,"000724E390","2023.02.06","G48","2",1899-12-30 11:30:00,"JKL","5down",11.95,"RM",NA,8,"UniqueID3",4,"8917496","Ranes","M","2023.02.03","2023.02.06","Yoga",2,"L",28,1899-12-30 17:58:00,"RM",26.7,1899-12-30 19:21:00,"RM",17.7,"Lost featers near bill","RFY","ME/RSW"
"1075","43L",43,"000724E390","2023.02.06","G60","2",1899-12-30 17:31:00,"JKL","1down",11.2,"SA",NA,20,"UniqueID3",10,"8917496","Ranes","M","2023.02.03","2023.02.06","Yoga",2,"L",28,1899-12-30 17:58:00,"RM",26.7,1899-12-30 19:21:00,"RM",17.7,"Lost featers near bill","RFY","ME/RSW"
"1076","43L",43,"000724E390","2023.02.06","G50","2",1899-12-30 12:32:00,"JKL","2up",10,"SA","Might be 1 extra food (well?) in F2",10,"UniqueID3",5,"8917496","Ranes","M","2023.02.03","2023.02.06","Yoga",2,"L",28,1899-12-30 17:58:00,"RM",26.7,1899-12-30 19:21:00,"RM",17.7,"Lost featers near bill","RFY","ME/RSW"
"1077","43L",43,"000724E390","2023.02.06","G52","2",1899-12-30 13:30:00,"JKL","4up",10.15,"SA",NA,12,"UniqueID3",6,"8917496","Ranes","M","2023.02.03","2023.02.06","Yoga",2,"L",28,1899-12-30 17:58:00,"RM",26.7,1899-12-30 19:21:00,"RM",17.7,"Lost featers near bill","RFY","ME/RSW"
"1078","43L",43,"000724E390","2023.02.06","G42","2",1899-12-30 08:30:00,"JKL","5up",9.1,"CdG",NA,2,"UniqueID3",1,"8917496","Ranes","M","2023.02.03","2023.02.06","Yoga",2,"L",28,1899-12-30 17:58:00,"RM",26.7,1899-12-30 19:21:00,"RM",17.7,"Lost featers near bill","RFY","ME/RSW"
"1079","43L",43,"000724E390","2023.02.06","G46","2",1899-12-30 10:30:00,"JKL","3up",10.9,"RW",NA,6,"UniqueID3",3,"8917496","Ranes","M","2023.02.03","2023.02.06","Yoga",2,"L",28,1899-12-30 17:58:00,"RM",26.7,1899-12-30 19:21:00,"RM",17.7,"Lost featers near bill","RFY","ME/RSW"
"1080","43L",43,"000724E390","2023.02.06","G44","2",1899-12-30 09:32:00,"JKL","4up",11.15,"RW",NA,4,"UniqueID3",2,"8917496","Ranes","M","2023.02.03","2023.02.06","Yoga",2,"L",28,1899-12-30 17:58:00,"RM",26.7,1899-12-30 19:21:00,"RM",17.7,"Lost featers near bill","RFY","ME/RSW"
"1081","44A",44,"000724E0AA","2023.02.07","G72","1",1899-12-30 13:32:00,"ABC","1down",11.3,"SA",NA,12,"UniqueID1",6,"8P14352","Ranes","F","2023.02.06","2023.02.09","Yoga",3,"A",32.4,1899-12-30 18:41:00,"SA",29.1,1899-12-30 18:08:00,"SL",15.3,NA,"ME/Y","RFW"
"1082","44A",44,"000724E0AA","2023.02.07","G80","1",1899-12-30 17:36:00,"ABC","2down",8.65,"SA",NA,20,"UniqueID1",10,"8P14352","Ranes","F","2023.02.06","2023.02.09","Yoga",3,"A",32.4,1899-12-30 18:41:00,"SA",29.1,1899-12-30 18:08:00,"SL",15.3,NA,"ME/Y","RFW"
"1083","44A",44,"000724E0AA","2023.02.07","G62","1",1899-12-30 08:30:00,"ABC","3up",11.55,"RM","Spilled part of well",2,"UniqueID1",1,"8P14352","Ranes","F","2023.02.06","2023.02.09","Yoga",3,"A",32.4,1899-12-30 18:41:00,"SA",29.1,1899-12-30 18:08:00,"SL",15.3,NA,"ME/Y","RFW"
"1084","44A",44,"000724E0AA","2023.02.07","G68","1",1899-12-30 11:30:00,"ABC","6down",11.8,"CdG",NA,8,"UniqueID1",4,"8P14352","Ranes","F","2023.02.06","2023.02.09","Yoga",3,"A",32.4,1899-12-30 18:41:00,"SA",29.1,1899-12-30 18:08:00,"SL",15.3,NA,"ME/Y","RFW"
"1085","44A",44,"000724E0AA","2023.02.07","G74","1",1899-12-30 14:29:00,"ABC","5down",11.65,"RW",NA,14,"UniqueID1",7,"8P14352","Ranes","F","2023.02.06","2023.02.09","Yoga",3,"A",32.4,1899-12-30 18:41:00,"SA",29.1,1899-12-30 18:08:00,"SL",15.3,NA,"ME/Y","RFW"
"1086","44A",44,"000724E0AA","2023.02.07","G64","1",1899-12-30 09:32:00,"ABC","6up",11.95,"RM",NA,4,"UniqueID1",2,"8P14352","Ranes","F","2023.02.06","2023.02.09","Yoga",3,"A",32.4,1899-12-30 18:41:00,"SA",29.1,1899-12-30 18:08:00,"SL",15.3,NA,"ME/Y","RFW"
"1087","44A",44,"000724E0AA","2023.02.07","G70","1",1899-12-30 12:30:00,"ABC","1down",11.05,"RM",NA,10,"UniqueID1",5,"8P14352","Ranes","F","2023.02.06","2023.02.09","Yoga",3,"A",32.4,1899-12-30 18:41:00,"SA",29.1,1899-12-30 18:08:00,"SL",15.3,NA,"ME/Y","RFW"
"1088","44A",44,"000724E0AA","2023.02.07","G66","1",1899-12-30 10:31:00,"ABC","5up",12.05,"RM",NA,6,"UniqueID1",3,"8P14352","Ranes","F","2023.02.06","2023.02.09","Yoga",3,"A",32.4,1899-12-30 18:41:00,"SA",29.1,1899-12-30 18:08:00,"SL",15.3,NA,"ME/Y","RFW"
"1089","44A",44,"000724E0AA","2023.02.07","G78","1",1899-12-30 16:29:00,"ABC","4down",10.95,"SA",NA,18,"UniqueID1",9,"8P14352","Ranes","F","2023.02.06","2023.02.09","Yoga",3,"A",32.4,1899-12-30 18:41:00,"SA",29.1,1899-12-30 18:08:00,"SL",15.3,NA,"ME/Y","RFW"
"1090","44A",44,"000724E0AA","2023.02.07","G76","1",1899-12-30 15:29:00,"ABC","6down",11.05,"SA",NA,16,"UniqueID1",8,"8P14352","Ranes","F","2023.02.06","2023.02.09","Yoga",3,"A",32.4,1899-12-30 18:41:00,"SA",29.1,1899-12-30 18:08:00,"SL",15.3,NA,"ME/Y","RFW"
"1091","44B",44,"000724B965","2023.02.07","G74","1",1899-12-30 14:29:00,"ABC","5down",11.65,"RW",NA,14,"UniqueID2",7,"8917465","Ranes","M","2023.02.06","2023.02.09","Ghost",3,"B",30.6,1899-12-30 18:38:00,"RW",28.5,1899-12-30 18:15:00,"RM",15.4,"Hemo is noted as 15.46","ME/RSW","RFY"
"1092","44B",44,"000724B965","2023.02.07","G62","1",1899-12-30 08:30:00,"ABC","3up",11.55,"RM","Spilled part of well",2,"UniqueID2",1,"8917465","Ranes","M","2023.02.06","2023.02.09","Ghost",3,"B",30.6,1899-12-30 18:38:00,"RW",28.5,1899-12-30 18:15:00,"RM",15.4,"Hemo is noted as 15.46","ME/RSW","RFY"
"1093","44B",44,"000724B965","2023.02.07","G66","1",1899-12-30 10:31:00,"ABC","5up",12.05,"RM",NA,6,"UniqueID2",3,"8917465","Ranes","M","2023.02.06","2023.02.09","Ghost",3,"B",30.6,1899-12-30 18:38:00,"RW",28.5,1899-12-30 18:15:00,"RM",15.4,"Hemo is noted as 15.46","ME/RSW","RFY"
"1094","44B",44,"000724B965","2023.02.07","G72","1",1899-12-30 13:32:00,"ABC","1down",11.3,"SA",NA,12,"UniqueID2",6,"8917465","Ranes","M","2023.02.06","2023.02.09","Ghost",3,"B",30.6,1899-12-30 18:38:00,"RW",28.5,1899-12-30 18:15:00,"RM",15.4,"Hemo is noted as 15.46","ME/RSW","RFY"
"1095","44B",44,"000724B965","2023.02.07","G80","1",1899-12-30 17:36:00,"ABC","2down",8.65,"SA",NA,20,"UniqueID2",10,"8917465","Ranes","M","2023.02.06","2023.02.09","Ghost",3,"B",30.6,1899-12-30 18:38:00,"RW",28.5,1899-12-30 18:15:00,"RM",15.4,"Hemo is noted as 15.46","ME/RSW","RFY"
"1096","44B",44,"000724B965","2023.02.07","G76","1",1899-12-30 15:29:00,"ABC","6down",11.05,"SA",NA,16,"UniqueID2",8,"8917465","Ranes","M","2023.02.06","2023.02.09","Ghost",3,"B",30.6,1899-12-30 18:38:00,"RW",28.5,1899-12-30 18:15:00,"RM",15.4,"Hemo is noted as 15.46","ME/RSW","RFY"
"1097","44B",44,"000724B965","2023.02.07","G68","1",1899-12-30 11:30:00,"ABC","6down",11.8,"CdG",NA,8,"UniqueID2",4,"8917465","Ranes","M","2023.02.06","2023.02.09","Ghost",3,"B",30.6,1899-12-30 18:38:00,"RW",28.5,1899-12-30 18:15:00,"RM",15.4,"Hemo is noted as 15.46","ME/RSW","RFY"
"1098","44B",44,"000724B965","2023.02.07","G64","1",1899-12-30 09:32:00,"ABC","6up",11.95,"RM",NA,4,"UniqueID2",2,"8917465","Ranes","M","2023.02.06","2023.02.09","Ghost",3,"B",30.6,1899-12-30 18:38:00,"RW",28.5,1899-12-30 18:15:00,"RM",15.4,"Hemo is noted as 15.46","ME/RSW","RFY"
"1099","44B",44,"000724B965","2023.02.07","G70","1",1899-12-30 12:30:00,"ABC","1down",11.05,"RM",NA,10,"UniqueID2",5,"8917465","Ranes","M","2023.02.06","2023.02.09","Ghost",3,"B",30.6,1899-12-30 18:38:00,"RW",28.5,1899-12-30 18:15:00,"RM",15.4,"Hemo is noted as 15.46","ME/RSW","RFY"
"1100","44B",44,"000724B965","2023.02.07","G78","1",1899-12-30 16:29:00,"ABC","4down",10.95,"SA",NA,18,"UniqueID2",9,"8917465","Ranes","M","2023.02.06","2023.02.09","Ghost",3,"B",30.6,1899-12-30 18:38:00,"RW",28.5,1899-12-30 18:15:00,"RM",15.4,"Hemo is noted as 15.46","ME/RSW","RFY"
"1101","44C",44,"000724C2D7","2023.02.07","G80","1",1899-12-30 17:36:00,"ABC","2down",8.65,"SA",NA,20,"UniqueID3",10,"8P47101","Ranes","F","2023.02.06","2023.02.09","Water_faucet",3,"C",29,1899-12-30 18:36:00,"RW",26.9,1899-12-30 17:42:00,"SL",18.3,NA,"RFW","ME/RSW"
"1102","44C",44,"000724C2D7","2023.02.07","G62","1",1899-12-30 08:30:00,"ABC","3up",11.55,"RM","Spilled part of well",2,"UniqueID3",1,"8P47101","Ranes","F","2023.02.06","2023.02.09","Water_faucet",3,"C",29,1899-12-30 18:36:00,"RW",26.9,1899-12-30 17:42:00,"SL",18.3,NA,"RFW","ME/RSW"
"1103","44C",44,"000724C2D7","2023.02.07","G70","1",1899-12-30 12:30:00,"ABC","1down",11.05,"RM",NA,10,"UniqueID3",5,"8P47101","Ranes","F","2023.02.06","2023.02.09","Water_faucet",3,"C",29,1899-12-30 18:36:00,"RW",26.9,1899-12-30 17:42:00,"SL",18.3,NA,"RFW","ME/RSW"
"1104","44C",44,"000724C2D7","2023.02.07","G74","1",1899-12-30 14:29:00,"ABC","5down",11.65,"RW",NA,14,"UniqueID3",7,"8P47101","Ranes","F","2023.02.06","2023.02.09","Water_faucet",3,"C",29,1899-12-30 18:36:00,"RW",26.9,1899-12-30 17:42:00,"SL",18.3,NA,"RFW","ME/RSW"
"1105","44C",44,"000724C2D7","2023.02.07","G72","1",1899-12-30 13:32:00,"ABC","1down",11.3,"SA",NA,12,"UniqueID3",6,"8P47101","Ranes","F","2023.02.06","2023.02.09","Water_faucet",3,"C",29,1899-12-30 18:36:00,"RW",26.9,1899-12-30 17:42:00,"SL",18.3,NA,"RFW","ME/RSW"
"1106","44C",44,"000724C2D7","2023.02.07","G66","1",1899-12-30 10:31:00,"ABC","5up",12.05,"RM",NA,6,"UniqueID3",3,"8P47101","Ranes","F","2023.02.06","2023.02.09","Water_faucet",3,"C",29,1899-12-30 18:36:00,"RW",26.9,1899-12-30 17:42:00,"SL",18.3,NA,"RFW","ME/RSW"
"1107","44C",44,"000724C2D7","2023.02.07","G76","1",1899-12-30 15:29:00,"ABC","6down",11.05,"SA",NA,16,"UniqueID3",8,"8P47101","Ranes","F","2023.02.06","2023.02.09","Water_faucet",3,"C",29,1899-12-30 18:36:00,"RW",26.9,1899-12-30 17:42:00,"SL",18.3,NA,"RFW","ME/RSW"
"1108","44C",44,"000724C2D7","2023.02.07","G64","1",1899-12-30 09:32:00,"ABC","6up",11.95,"RM",NA,4,"UniqueID3",2,"8P47101","Ranes","F","2023.02.06","2023.02.09","Water_faucet",3,"C",29,1899-12-30 18:36:00,"RW",26.9,1899-12-30 17:42:00,"SL",18.3,NA,"RFW","ME/RSW"
"1109","44C",44,"000724C2D7","2023.02.07","G78","1",1899-12-30 16:29:00,"ABC","4down",10.95,"SA",NA,18,"UniqueID3",9,"8P47101","Ranes","F","2023.02.06","2023.02.09","Water_faucet",3,"C",29,1899-12-30 18:36:00,"RW",26.9,1899-12-30 17:42:00,"SL",18.3,NA,"RFW","ME/RSW"
"1110","44C",44,"000724C2D7","2023.02.07","G68","1",1899-12-30 11:30:00,"ABC","6down",11.8,"CdG",NA,8,"UniqueID3",4,"8P47101","Ranes","F","2023.02.06","2023.02.09","Water_faucet",3,"C",29,1899-12-30 18:36:00,"RW",26.9,1899-12-30 17:42:00,"SL",18.3,NA,"RFW","ME/RSW"
"1111","44D",44,"000724DF31","2023.02.07","G80","2",1899-12-30 17:36:00,"DEF","6up",10.8,"RW",NA,20,"UniqueID1",10,"8P47103","Ranes","M","2023.02.06","2023.02.09","J",3,"D",30.5,1899-12-30 18:44:00,"SA",28.5,1899-12-30 17:32:00,"SL",16.5,NA,"RSW/ME","RFR"
"1112","44D",44,"000724DF31","2023.02.07","G76","2",1899-12-30 15:29:00,"DEF","6up",9.3,"RW",NA,16,"UniqueID1",8,"8P47103","Ranes","M","2023.02.06","2023.02.09","J",3,"D",30.5,1899-12-30 18:44:00,"SA",28.5,1899-12-30 17:32:00,"SL",16.5,NA,"RSW/ME","RFR"
"1113","44D",44,"000724DF31","2023.02.07","G62","2",1899-12-30 08:30:00,"DEF","4up",11.95,"CdG",NA,2,"UniqueID1",1,"8P47103","Ranes","M","2023.02.06","2023.02.09","J",3,"D",30.5,1899-12-30 18:44:00,"SA",28.5,1899-12-30 17:32:00,"SL",16.5,NA,"RSW/ME","RFR"
"1114","44D",44,"000724DF31","2023.02.07","G72","2",1899-12-30 13:32:00,"DEF","2down",9.55,"RW",NA,12,"UniqueID1",6,"8P47103","Ranes","M","2023.02.06","2023.02.09","J",3,"D",30.5,1899-12-30 18:44:00,"SA",28.5,1899-12-30 17:32:00,"SL",16.5,NA,"RSW/ME","RFR"
"1115","44D",44,"000724DF31","2023.02.07","G64","2",1899-12-30 09:32:00,"DEF","5down",11.95,"CdG",NA,4,"UniqueID1",2,"8P47103","Ranes","M","2023.02.06","2023.02.09","J",3,"D",30.5,1899-12-30 18:44:00,"SA",28.5,1899-12-30 17:32:00,"SL",16.5,NA,"RSW/ME","RFR"
"1116","44D",44,"000724DF31","2023.02.07","G66","2",1899-12-30 10:31:00,"DEF","2down",10.9,"CdG",NA,6,"UniqueID1",3,"8P47103","Ranes","M","2023.02.06","2023.02.09","J",3,"D",30.5,1899-12-30 18:44:00,"SA",28.5,1899-12-30 17:32:00,"SL",16.5,NA,"RSW/ME","RFR"
"1117","44D",44,"000724DF31","2023.02.07","G70","2",1899-12-30 12:30:00,"DEF","6down",11.25,"CdG",NA,10,"UniqueID1",5,"8P47103","Ranes","M","2023.02.06","2023.02.09","J",3,"D",30.5,1899-12-30 18:44:00,"SA",28.5,1899-12-30 17:32:00,"SL",16.5,NA,"RSW/ME","RFR"
"1118","44D",44,"000724DF31","2023.02.07","G78","2",1899-12-30 16:29:00,"DEF","3down",9.75,"RW",NA,18,"UniqueID1",9,"8P47103","Ranes","M","2023.02.06","2023.02.09","J",3,"D",30.5,1899-12-30 18:44:00,"SA",28.5,1899-12-30 17:32:00,"SL",16.5,NA,"RSW/ME","RFR"
"1119","44D",44,"000724DF31","2023.02.07","G74","2",1899-12-30 14:29:00,"DEF","6up",10.2,"SA",NA,14,"UniqueID1",7,"8P47103","Ranes","M","2023.02.06","2023.02.09","J",3,"D",30.5,1899-12-30 18:44:00,"SA",28.5,1899-12-30 17:32:00,"SL",16.5,NA,"RSW/ME","RFR"
"1120","44D",44,"000724DF31","2023.02.07","G68","2",1899-12-30 11:30:00,"DEF","6up",10.7,"RM",NA,8,"UniqueID1",4,"8P47103","Ranes","M","2023.02.06","2023.02.09","J",3,"D",30.5,1899-12-30 18:44:00,"SA",28.5,1899-12-30 17:32:00,"SL",16.5,NA,"RSW/ME","RFR"
"1121","44E",44,"000724D4E8","2023.02.07","G64","2",1899-12-30 09:32:00,"DEF","5down",11.95,"CdG",NA,4,"UniqueID2",2,"8P31064","Ranes","M","2023.02.06","2023.02.09","Lemur",3,"E",31.4,1899-12-30 18:34:00,"RW",30.4,1899-12-30 17:50:00,"SL",18.6,NA,"W/ME","RFR"
"1122","44E",44,"000724D4E8","2023.02.07","G66","2",1899-12-30 10:31:00,"DEF","2down",10.9,"CdG",NA,6,"UniqueID2",3,"8P31064","Ranes","M","2023.02.06","2023.02.09","Lemur",3,"E",31.4,1899-12-30 18:34:00,"RW",30.4,1899-12-30 17:50:00,"SL",18.6,NA,"W/ME","RFR"
"1123","44E",44,"000724D4E8","2023.02.07","G62","2",1899-12-30 08:30:00,"DEF","4up",11.95,"CdG",NA,2,"UniqueID2",1,"8P31064","Ranes","M","2023.02.06","2023.02.09","Lemur",3,"E",31.4,1899-12-30 18:34:00,"RW",30.4,1899-12-30 17:50:00,"SL",18.6,NA,"W/ME","RFR"
"1124","44E",44,"000724D4E8","2023.02.07","G76","2",1899-12-30 15:29:00,"DEF","6up",9.3,"RW",NA,16,"UniqueID2",8,"8P31064","Ranes","M","2023.02.06","2023.02.09","Lemur",3,"E",31.4,1899-12-30 18:34:00,"RW",30.4,1899-12-30 17:50:00,"SL",18.6,NA,"W/ME","RFR"
"1125","44E",44,"000724D4E8","2023.02.07","G74","2",1899-12-30 14:29:00,"DEF","6up",10.2,"SA",NA,14,"UniqueID2",7,"8P31064","Ranes","M","2023.02.06","2023.02.09","Lemur",3,"E",31.4,1899-12-30 18:34:00,"RW",30.4,1899-12-30 17:50:00,"SL",18.6,NA,"W/ME","RFR"
"1126","44E",44,"000724D4E8","2023.02.07","G68","2",1899-12-30 11:30:00,"DEF","6up",10.7,"RM",NA,8,"UniqueID2",4,"8P31064","Ranes","M","2023.02.06","2023.02.09","Lemur",3,"E",31.4,1899-12-30 18:34:00,"RW",30.4,1899-12-30 17:50:00,"SL",18.6,NA,"W/ME","RFR"
"1127","44E",44,"000724D4E8","2023.02.07","G80","2",1899-12-30 17:36:00,"DEF","6up",10.8,"RW",NA,20,"UniqueID2",10,"8P31064","Ranes","M","2023.02.06","2023.02.09","Lemur",3,"E",31.4,1899-12-30 18:34:00,"RW",30.4,1899-12-30 17:50:00,"SL",18.6,NA,"W/ME","RFR"
"1128","44E",44,"000724D4E8","2023.02.07","G78","2",1899-12-30 16:29:00,"DEF","3down",9.75,"RW",NA,18,"UniqueID2",9,"8P31064","Ranes","M","2023.02.06","2023.02.09","Lemur",3,"E",31.4,1899-12-30 18:34:00,"RW",30.4,1899-12-30 17:50:00,"SL",18.6,NA,"W/ME","RFR"
"1129","44E",44,"000724D4E8","2023.02.07","G72","2",1899-12-30 13:32:00,"DEF","2down",9.55,"RW",NA,12,"UniqueID2",6,"8P31064","Ranes","M","2023.02.06","2023.02.09","Lemur",3,"E",31.4,1899-12-30 18:34:00,"RW",30.4,1899-12-30 17:50:00,"SL",18.6,NA,"W/ME","RFR"
"1130","44E",44,"000724D4E8","2023.02.07","G70","2",1899-12-30 12:30:00,"DEF","6down",11.25,"CdG",NA,10,"UniqueID2",5,"8P31064","Ranes","M","2023.02.06","2023.02.09","Lemur",3,"E",31.4,1899-12-30 18:34:00,"RW",30.4,1899-12-30 17:50:00,"SL",18.6,NA,"W/ME","RFR"
"1131","44F",44,"000724FE77","2023.02.07","G64","2",1899-12-30 09:32:00,"DEF","5down",11.95,"CdG",NA,4,"UniqueID3",2,"8P47102","Ranes","M","2023.02.06","2023.02.09","Footballer",3,"F",31.7,1899-12-30 18:46:00,"SA",28.4,1899-12-30 17:59:00,"SL",16.6,NA,"RFMB","ME/RSW"
"1132","44F",44,"000724FE77","2023.02.07","G76","2",1899-12-30 15:29:00,"DEF","6up",9.3,"RW",NA,16,"UniqueID3",8,"8P47102","Ranes","M","2023.02.06","2023.02.09","Footballer",3,"F",31.7,1899-12-30 18:46:00,"SA",28.4,1899-12-30 17:59:00,"SL",16.6,NA,"RFMB","ME/RSW"
"1133","44F",44,"000724FE77","2023.02.07","G62","2",1899-12-30 08:30:00,"DEF","4up",11.95,"CdG",NA,2,"UniqueID3",1,"8P47102","Ranes","M","2023.02.06","2023.02.09","Footballer",3,"F",31.7,1899-12-30 18:46:00,"SA",28.4,1899-12-30 17:59:00,"SL",16.6,NA,"RFMB","ME/RSW"
"1134","44F",44,"000724FE77","2023.02.07","G80","2",1899-12-30 17:36:00,"DEF","6up",10.8,"RW",NA,20,"UniqueID3",10,"8P47102","Ranes","M","2023.02.06","2023.02.09","Footballer",3,"F",31.7,1899-12-30 18:46:00,"SA",28.4,1899-12-30 17:59:00,"SL",16.6,NA,"RFMB","ME/RSW"
"1135","44F",44,"000724FE77","2023.02.07","G72","2",1899-12-30 13:32:00,"DEF","2down",9.55,"RW",NA,12,"UniqueID3",6,"8P47102","Ranes","M","2023.02.06","2023.02.09","Footballer",3,"F",31.7,1899-12-30 18:46:00,"SA",28.4,1899-12-30 17:59:00,"SL",16.6,NA,"RFMB","ME/RSW"
"1136","44F",44,"000724FE77","2023.02.07","G78","2",1899-12-30 16:29:00,"DEF","3down",9.75,"RW",NA,18,"UniqueID3",9,"8P47102","Ranes","M","2023.02.06","2023.02.09","Footballer",3,"F",31.7,1899-12-30 18:46:00,"SA",28.4,1899-12-30 17:59:00,"SL",16.6,NA,"RFMB","ME/RSW"
"1137","44F",44,"000724FE77","2023.02.07","G70","2",1899-12-30 12:30:00,"DEF","6down",11.25,"CdG",NA,10,"UniqueID3",5,"8P47102","Ranes","M","2023.02.06","2023.02.09","Footballer",3,"F",31.7,1899-12-30 18:46:00,"SA",28.4,1899-12-30 17:59:00,"SL",16.6,NA,"RFMB","ME/RSW"
"1138","44F",44,"000724FE77","2023.02.07","G74","2",1899-12-30 14:29:00,"DEF","6up",10.2,"SA",NA,14,"UniqueID3",7,"8P47102","Ranes","M","2023.02.06","2023.02.09","Footballer",3,"F",31.7,1899-12-30 18:46:00,"SA",28.4,1899-12-30 17:59:00,"SL",16.6,NA,"RFMB","ME/RSW"
"1139","44F",44,"000724FE77","2023.02.07","G66","2",1899-12-30 10:31:00,"DEF","2down",10.9,"CdG",NA,6,"UniqueID3",3,"8P47102","Ranes","M","2023.02.06","2023.02.09","Footballer",3,"F",31.7,1899-12-30 18:46:00,"SA",28.4,1899-12-30 17:59:00,"SL",16.6,NA,"RFMB","ME/RSW"
"1140","44F",44,"000724FE77","2023.02.07","G68","2",1899-12-30 11:30:00,"DEF","6up",10.7,"RM",NA,8,"UniqueID3",4,"8P47102","Ranes","M","2023.02.06","2023.02.09","Footballer",3,"F",31.7,1899-12-30 18:46:00,"SA",28.4,1899-12-30 17:59:00,"SL",16.6,NA,"RFMB","ME/RSW"
"1141","45G",45,"000724C225","2023.02.07","G73","1",1899-12-30 14:00:00,"GHI","4down",12,"RW",NA,13,"UniqueID1",7,"8P31075","Ranes","M","2023.02.06","2023.02.09","Water_faucet",4,"G",28.6,1899-12-30 19:05:00,"RW",25.3,1899-12-30 18:50:00,"RM",15.8,NA,"RFW","ME/GR"
"1142","45G",45,"000724C225","2023.02.07","G75","1",1899-12-30 14:58:00,"GHI","6down",11.95,"RW","Thinned the layer of sand, too little feeding",15,"UniqueID1",8,"8P31075","Ranes","M","2023.02.06","2023.02.09","Water_faucet",4,"G",28.6,1899-12-30 19:05:00,"RW",25.3,1899-12-30 18:50:00,"RM",15.8,NA,"RFW","ME/GR"
"1143","45G",45,"000724C225","2023.02.07","G71","1",1899-12-30 13:01:00,"GHI","6up",11.9,"RW",NA,11,"UniqueID1",6,"8P31075","Ranes","M","2023.02.06","2023.02.09","Water_faucet",4,"G",28.6,1899-12-30 19:05:00,"RW",25.3,1899-12-30 18:50:00,"RM",15.8,NA,"RFW","ME/GR"
"1144","45G",45,"000724C225","2023.02.07","G77","1",1899-12-30 15:59:00,"GHI","2down",10.25,"RW",NA,17,"UniqueID1",9,"8P31075","Ranes","M","2023.02.06","2023.02.09","Water_faucet",4,"G",28.6,1899-12-30 19:05:00,"RW",25.3,1899-12-30 18:50:00,"RM",15.8,NA,"RFW","ME/GR"
"1145","45G",45,"000724C225","2023.02.07","G67","1",1899-12-30 11:00:00,"GHI","6up",11.9,"RM",NA,7,"UniqueID1",4,"8P31075","Ranes","M","2023.02.06","2023.02.09","Water_faucet",4,"G",28.6,1899-12-30 19:05:00,"RW",25.3,1899-12-30 18:50:00,"RM",15.8,NA,"RFW","ME/GR"
"1146","45G",45,"000724C225","2023.02.07","G63","1",1899-12-30 09:00:00,"GHI","1up",12,"CdG",NA,3,"UniqueID1",2,"8P31075","Ranes","M","2023.02.06","2023.02.09","Water_faucet",4,"G",28.6,1899-12-30 19:05:00,"RW",25.3,1899-12-30 18:50:00,"RM",15.8,NA,"RFW","ME/GR"
"1147","45G",45,"000724C225","2023.02.07","G79","1",1899-12-30 16:59:00,"GHI","1up",10.65,"SA",NA,19,"UniqueID1",10,"8P31075","Ranes","M","2023.02.06","2023.02.09","Water_faucet",4,"G",28.6,1899-12-30 19:05:00,"RW",25.3,1899-12-30 18:50:00,"RM",15.8,NA,"RFW","ME/GR"
"1148","45G",45,"000724C225","2023.02.07","G61","1",1899-12-30 08:01:00,"GHI","5up",11.95,"RM",NA,1,"UniqueID1",1,"8P31075","Ranes","M","2023.02.06","2023.02.09","Water_faucet",4,"G",28.6,1899-12-30 19:05:00,"RW",25.3,1899-12-30 18:50:00,"RM",15.8,NA,"RFW","ME/GR"
"1149","45G",45,"000724C225","2023.02.07","G65","1",1899-12-30 10:01:00,"GHI","5down",11.95,"CdG",NA,5,"UniqueID1",3,"8P31075","Ranes","M","2023.02.06","2023.02.09","Water_faucet",4,"G",28.6,1899-12-30 19:05:00,"RW",25.3,1899-12-30 18:50:00,"RM",15.8,NA,"RFW","ME/GR"
"1150","45G",45,"000724C225","2023.02.07","G69","1",1899-12-30 11:59:00,"GHI","5down",12,"CdG",NA,9,"UniqueID1",5,"8P31075","Ranes","M","2023.02.06","2023.02.09","Water_faucet",4,"G",28.6,1899-12-30 19:05:00,"RW",25.3,1899-12-30 18:50:00,"RM",15.8,NA,"RFW","ME/GR"
"1151","45H",45,"000724CD8E","2023.02.07","G71","1",1899-12-30 13:01:00,"GHI","6up",11.9,"RW",NA,11,"UniqueID2",6,"8917184","Ranes","F","2023.02.06","2023.02.09","J",4,"H",31,1899-12-30 19:08:00,"RW",27.6,1899-12-30 18:52:00,"RM",14.4,NA,"ME/BLY","RFR"
"1152","45H",45,"000724CD8E","2023.02.07","G77","1",1899-12-30 15:59:00,"GHI","2down",10.25,"RW",NA,17,"UniqueID2",9,"8917184","Ranes","F","2023.02.06","2023.02.09","J",4,"H",31,1899-12-30 19:08:00,"RW",27.6,1899-12-30 18:52:00,"RM",14.4,NA,"ME/BLY","RFR"
"1153","45H",45,"000724CD8E","2023.02.07","G73","1",1899-12-30 14:00:00,"GHI","4down",12,"RW",NA,13,"UniqueID2",7,"8917184","Ranes","F","2023.02.06","2023.02.09","J",4,"H",31,1899-12-30 19:08:00,"RW",27.6,1899-12-30 18:52:00,"RM",14.4,NA,"ME/BLY","RFR"
"1154","45H",45,"000724CD8E","2023.02.07","G65","1",1899-12-30 10:01:00,"GHI","5down",11.95,"CdG",NA,5,"UniqueID2",3,"8917184","Ranes","F","2023.02.06","2023.02.09","J",4,"H",31,1899-12-30 19:08:00,"RW",27.6,1899-12-30 18:52:00,"RM",14.4,NA,"ME/BLY","RFR"
"1155","45H",45,"000724CD8E","2023.02.07","G75","1",1899-12-30 14:58:00,"GHI","6down",11.95,"RW","Thinned the layer of sand, too little feeding",15,"UniqueID2",8,"8917184","Ranes","F","2023.02.06","2023.02.09","J",4,"H",31,1899-12-30 19:08:00,"RW",27.6,1899-12-30 18:52:00,"RM",14.4,NA,"ME/BLY","RFR"
"1156","45H",45,"000724CD8E","2023.02.07","G79","1",1899-12-30 16:59:00,"GHI","1up",10.65,"SA",NA,19,"UniqueID2",10,"8917184","Ranes","F","2023.02.06","2023.02.09","J",4,"H",31,1899-12-30 19:08:00,"RW",27.6,1899-12-30 18:52:00,"RM",14.4,NA,"ME/BLY","RFR"
"1157","45H",45,"000724CD8E","2023.02.07","G61","1",1899-12-30 08:01:00,"GHI","5up",11.95,"RM",NA,1,"UniqueID2",1,"8917184","Ranes","F","2023.02.06","2023.02.09","J",4,"H",31,1899-12-30 19:08:00,"RW",27.6,1899-12-30 18:52:00,"RM",14.4,NA,"ME/BLY","RFR"
"1158","45H",45,"000724CD8E","2023.02.07","G69","1",1899-12-30 11:59:00,"GHI","5down",12,"CdG",NA,9,"UniqueID2",5,"8917184","Ranes","F","2023.02.06","2023.02.09","J",4,"H",31,1899-12-30 19:08:00,"RW",27.6,1899-12-30 18:52:00,"RM",14.4,NA,"ME/BLY","RFR"
"1159","45H",45,"000724CD8E","2023.02.07","G63","1",1899-12-30 09:00:00,"GHI","1up",12,"CdG",NA,3,"UniqueID2",2,"8917184","Ranes","F","2023.02.06","2023.02.09","J",4,"H",31,1899-12-30 19:08:00,"RW",27.6,1899-12-30 18:52:00,"RM",14.4,NA,"ME/BLY","RFR"
"1160","45H",45,"000724CD8E","2023.02.07","G67","1",1899-12-30 11:00:00,"GHI","6up",11.9,"RM",NA,7,"UniqueID2",4,"8917184","Ranes","F","2023.02.06","2023.02.09","J",4,"H",31,1899-12-30 19:08:00,"RW",27.6,1899-12-30 18:52:00,"RM",14.4,NA,"ME/BLY","RFR"
"1161","45I",45,"000724FA69","2023.02.07","G75","1",1899-12-30 14:58:00,"GHI","6down",11.95,"RW","Thinned the layer of sand, too little feeding",15,"UniqueID3",8,"8917155","Ranes","F","2023.02.06","2023.02.09","Lemur",4,"I",30.5,1899-12-30 19:13:00,"SA",26.3,1899-12-30 18:31:00,"RM",16.3,NA,"ME/BLY","RFW"
"1162","45I",45,"000724FA69","2023.02.07","G71","1",1899-12-30 13:01:00,"GHI","6up",11.9,"RW",NA,11,"UniqueID3",6,"8917155","Ranes","F","2023.02.06","2023.02.09","Lemur",4,"I",30.5,1899-12-30 19:13:00,"SA",26.3,1899-12-30 18:31:00,"RM",16.3,NA,"ME/BLY","RFW"
"1163","45I",45,"000724FA69","2023.02.07","G79","1",1899-12-30 16:59:00,"GHI","1up",10.65,"SA",NA,19,"UniqueID3",10,"8917155","Ranes","F","2023.02.06","2023.02.09","Lemur",4,"I",30.5,1899-12-30 19:13:00,"SA",26.3,1899-12-30 18:31:00,"RM",16.3,NA,"ME/BLY","RFW"
"1164","45I",45,"000724FA69","2023.02.07","G61","1",1899-12-30 08:01:00,"GHI","5up",11.95,"RM",NA,1,"UniqueID3",1,"8917155","Ranes","F","2023.02.06","2023.02.09","Lemur",4,"I",30.5,1899-12-30 19:13:00,"SA",26.3,1899-12-30 18:31:00,"RM",16.3,NA,"ME/BLY","RFW"
"1165","45I",45,"000724FA69","2023.02.07","G73","1",1899-12-30 14:00:00,"GHI","4down",12,"RW",NA,13,"UniqueID3",7,"8917155","Ranes","F","2023.02.06","2023.02.09","Lemur",4,"I",30.5,1899-12-30 19:13:00,"SA",26.3,1899-12-30 18:31:00,"RM",16.3,NA,"ME/BLY","RFW"
"1166","45I",45,"000724FA69","2023.02.07","G65","1",1899-12-30 10:01:00,"GHI","5down",11.95,"CdG",NA,5,"UniqueID3",3,"8917155","Ranes","F","2023.02.06","2023.02.09","Lemur",4,"I",30.5,1899-12-30 19:13:00,"SA",26.3,1899-12-30 18:31:00,"RM",16.3,NA,"ME/BLY","RFW"
"1167","45I",45,"000724FA69","2023.02.07","G67","1",1899-12-30 11:00:00,"GHI","6up",11.9,"RM",NA,7,"UniqueID3",4,"8917155","Ranes","F","2023.02.06","2023.02.09","Lemur",4,"I",30.5,1899-12-30 19:13:00,"SA",26.3,1899-12-30 18:31:00,"RM",16.3,NA,"ME/BLY","RFW"
"1168","45I",45,"000724FA69","2023.02.07","G77","1",1899-12-30 15:59:00,"GHI","2down",10.25,"RW",NA,17,"UniqueID3",9,"8917155","Ranes","F","2023.02.06","2023.02.09","Lemur",4,"I",30.5,1899-12-30 19:13:00,"SA",26.3,1899-12-30 18:31:00,"RM",16.3,NA,"ME/BLY","RFW"
"1169","45I",45,"000724FA69","2023.02.07","G69","1",1899-12-30 11:59:00,"GHI","5down",12,"CdG",NA,9,"UniqueID3",5,"8917155","Ranes","F","2023.02.06","2023.02.09","Lemur",4,"I",30.5,1899-12-30 19:13:00,"SA",26.3,1899-12-30 18:31:00,"RM",16.3,NA,"ME/BLY","RFW"
"1170","45I",45,"000724FA69","2023.02.07","G63","1",1899-12-30 09:00:00,"GHI","1up",12,"CdG",NA,3,"UniqueID3",2,"8917155","Ranes","F","2023.02.06","2023.02.09","Lemur",4,"I",30.5,1899-12-30 19:13:00,"SA",26.3,1899-12-30 18:31:00,"RM",16.3,NA,"ME/BLY","RFW"
"1171","45J",45,"000724C377","2023.02.07","G61","2",1899-12-30 08:01:00,"JKL","2up",12,"CdG",NA,1,"UniqueID1",1,"8917426","Ranes","F","2023.02.06","2023.02.09","Yoga",4,"J",31.1,1899-12-30 19:14:00,"SA",27.6,1899-12-30 18:38:00,"RM",16.2,NA,"ME/BLY","RFO"
"1172","45J",45,"000724C377","2023.02.07","G63","2",1899-12-30 09:00:00,"JKL","5down",12.05,"RM",NA,3,"UniqueID1",2,"8917426","Ranes","F","2023.02.06","2023.02.09","Yoga",4,"J",31.1,1899-12-30 19:14:00,"SA",27.6,1899-12-30 18:38:00,"RM",16.2,NA,"ME/BLY","RFO"
"1173","45J",45,"000724C377","2023.02.07","G71","2",1899-12-30 13:01:00,"JKL","3up",11.95,"SA",NA,11,"UniqueID1",6,"8917426","Ranes","F","2023.02.06","2023.02.09","Yoga",4,"J",31.1,1899-12-30 19:14:00,"SA",27.6,1899-12-30 18:38:00,"RM",16.2,NA,"ME/BLY","RFO"
"1174","45J",45,"000724C377","2023.02.07","G67","2",1899-12-30 11:00:00,"JKL","4up",11.95,"CdG",NA,7,"UniqueID1",4,"8917426","Ranes","F","2023.02.06","2023.02.09","Yoga",4,"J",31.1,1899-12-30 19:14:00,"SA",27.6,1899-12-30 18:38:00,"RM",16.2,NA,"ME/BLY","RFO"
"1175","45J",45,"000724C377","2023.02.07","G73","2",1899-12-30 14:00:00,"JKL","2down",10.4,"SA",NA,13,"UniqueID1",7,"8917426","Ranes","F","2023.02.06","2023.02.09","Yoga",4,"J",31.1,1899-12-30 19:14:00,"SA",27.6,1899-12-30 18:38:00,"RM",16.2,NA,"ME/BLY","RFO"
"1176","45J",45,"000724C377","2023.02.07","G77","2",1899-12-30 15:59:00,"JKL","1down",10.05,"SA",NA,17,"UniqueID1",9,"8917426","Ranes","F","2023.02.06","2023.02.09","Yoga",4,"J",31.1,1899-12-30 19:14:00,"SA",27.6,1899-12-30 18:38:00,"RM",16.2,NA,"ME/BLY","RFO"
"1177","45J",45,"000724C377","2023.02.07","G79","2",1899-12-30 16:59:00,"JKL","4down",11.6,"RW",NA,19,"UniqueID1",10,"8917426","Ranes","F","2023.02.06","2023.02.09","Yoga",4,"J",31.1,1899-12-30 19:14:00,"SA",27.6,1899-12-30 18:38:00,"RM",16.2,NA,"ME/BLY","RFO"
"1178","45J",45,"000724C377","2023.02.07","G65","2",1899-12-30 10:01:00,"JKL","6up",11.7,"RM",NA,5,"UniqueID1",3,"8917426","Ranes","F","2023.02.06","2023.02.09","Yoga",4,"J",31.1,1899-12-30 19:14:00,"SA",27.6,1899-12-30 18:38:00,"RM",16.2,NA,"ME/BLY","RFO"
"1179","45J",45,"000724C377","2023.02.07","G75","2",1899-12-30 14:58:00,"JKL","4up",10.5,"SA","Thinned the layer of sand due to little feeding",15,"UniqueID1",8,"8917426","Ranes","F","2023.02.06","2023.02.09","Yoga",4,"J",31.1,1899-12-30 19:14:00,"SA",27.6,1899-12-30 18:38:00,"RM",16.2,NA,"ME/BLY","RFO"
"1180","45J",45,"000724C377","2023.02.07","G69","2",1899-12-30 11:59:00,"JKL","3down",10.1,"RM",NA,9,"UniqueID1",5,"8917426","Ranes","F","2023.02.06","2023.02.09","Yoga",4,"J",31.1,1899-12-30 19:14:00,"SA",27.6,1899-12-30 18:38:00,"RM",16.2,NA,"ME/BLY","RFO"
"1181","45K",45,"000724F217","2023.02.07","G71","2",1899-12-30 13:01:00,"JKL","3up",11.95,"SA",NA,11,"UniqueID2",6,"8P31139","Ranes","M","2023.02.06","2023.02.09","Ghost",4,"K",29.5,1899-12-30 19:17:00,"SA",27.5,1899-12-30 18:18:00,"RM",16,NA,"BLY/ME","RFMB"
"1182","45K",45,"000724F217","2023.02.07","G61","2",1899-12-30 08:01:00,"JKL","2up",12,"CdG",NA,1,"UniqueID2",1,"8P31139","Ranes","M","2023.02.06","2023.02.09","Ghost",4,"K",29.5,1899-12-30 19:17:00,"SA",27.5,1899-12-30 18:18:00,"RM",16,NA,"BLY/ME","RFMB"
"1183","45K",45,"000724F217","2023.02.07","G67","2",1899-12-30 11:00:00,"JKL","4up",11.95,"CdG",NA,7,"UniqueID2",4,"8P31139","Ranes","M","2023.02.06","2023.02.09","Ghost",4,"K",29.5,1899-12-30 19:17:00,"SA",27.5,1899-12-30 18:18:00,"RM",16,NA,"BLY/ME","RFMB"
"1184","45K",45,"000724F217","2023.02.07","G75","2",1899-12-30 14:58:00,"JKL","4up",10.5,"SA","Thinned the layer of sand due to little feeding",15,"UniqueID2",8,"8P31139","Ranes","M","2023.02.06","2023.02.09","Ghost",4,"K",29.5,1899-12-30 19:17:00,"SA",27.5,1899-12-30 18:18:00,"RM",16,NA,"BLY/ME","RFMB"
"1185","45K",45,"000724F217","2023.02.07","G73","2",1899-12-30 14:00:00,"JKL","2down",10.4,"SA",NA,13,"UniqueID2",7,"8P31139","Ranes","M","2023.02.06","2023.02.09","Ghost",4,"K",29.5,1899-12-30 19:17:00,"SA",27.5,1899-12-30 18:18:00,"RM",16,NA,"BLY/ME","RFMB"
"1186","45K",45,"000724F217","2023.02.07","G65","2",1899-12-30 10:01:00,"JKL","6up",11.7,"RM",NA,5,"UniqueID2",3,"8P31139","Ranes","M","2023.02.06","2023.02.09","Ghost",4,"K",29.5,1899-12-30 19:17:00,"SA",27.5,1899-12-30 18:18:00,"RM",16,NA,"BLY/ME","RFMB"
"1187","45K",45,"000724F217","2023.02.07","G79","2",1899-12-30 16:59:00,"JKL","4down",11.6,"RW",NA,19,"UniqueID2",10,"8P31139","Ranes","M","2023.02.06","2023.02.09","Ghost",4,"K",29.5,1899-12-30 19:17:00,"SA",27.5,1899-12-30 18:18:00,"RM",16,NA,"BLY/ME","RFMB"
"1188","45K",45,"000724F217","2023.02.07","G77","2",1899-12-30 15:59:00,"JKL","1down",10.05,"SA",NA,17,"UniqueID2",9,"8P31139","Ranes","M","2023.02.06","2023.02.09","Ghost",4,"K",29.5,1899-12-30 19:17:00,"SA",27.5,1899-12-30 18:18:00,"RM",16,NA,"BLY/ME","RFMB"
"1189","45K",45,"000724F217","2023.02.07","G63","2",1899-12-30 09:00:00,"JKL","5down",12.05,"RM",NA,3,"UniqueID2",2,"8P31139","Ranes","M","2023.02.06","2023.02.09","Ghost",4,"K",29.5,1899-12-30 19:17:00,"SA",27.5,1899-12-30 18:18:00,"RM",16,NA,"BLY/ME","RFMB"
"1190","45K",45,"000724F217","2023.02.07","G69","2",1899-12-30 11:59:00,"JKL","3down",10.1,"RM",NA,9,"UniqueID2",5,"8P31139","Ranes","M","2023.02.06","2023.02.09","Ghost",4,"K",29.5,1899-12-30 19:17:00,"SA",27.5,1899-12-30 18:18:00,"RM",16,NA,"BLY/ME","RFMB"
"1191","45L",45,"000724FC73","2023.02.07","G73","2",1899-12-30 14:00:00,"JKL","2down",10.4,"SA",NA,13,"UniqueID3",7,"8P31049","Ranes","F","2023.02.06","2023.02.09","Footballer",4,"L",28.5,1899-12-30 19:19:00,"RW",26.9,1899-12-30 18:45:00,"RM",14.5,NA,"ME/O","RFMB"
"1192","45L",45,"000724FC73","2023.02.07","G63","2",1899-12-30 09:00:00,"JKL","5down",12.05,"RM",NA,3,"UniqueID3",2,"8P31049","Ranes","F","2023.02.06","2023.02.09","Footballer",4,"L",28.5,1899-12-30 19:19:00,"RW",26.9,1899-12-30 18:45:00,"RM",14.5,NA,"ME/O","RFMB"
"1193","45L",45,"000724FC73","2023.02.07","G75","2",1899-12-30 14:58:00,"JKL","4up",10.5,"SA","Thinned the layer of sand due to little feeding",15,"UniqueID3",8,"8P31049","Ranes","F","2023.02.06","2023.02.09","Footballer",4,"L",28.5,1899-12-30 19:19:00,"RW",26.9,1899-12-30 18:45:00,"RM",14.5,NA,"ME/O","RFMB"
"1194","45L",45,"000724FC73","2023.02.07","G71","2",1899-12-30 13:01:00,"JKL","3up",11.95,"SA",NA,11,"UniqueID3",6,"8P31049","Ranes","F","2023.02.06","2023.02.09","Footballer",4,"L",28.5,1899-12-30 19:19:00,"RW",26.9,1899-12-30 18:45:00,"RM",14.5,NA,"ME/O","RFMB"
"1195","45L",45,"000724FC73","2023.02.07","G79","2",1899-12-30 16:59:00,"JKL","4down",11.6,"RW",NA,19,"UniqueID3",10,"8P31049","Ranes","F","2023.02.06","2023.02.09","Footballer",4,"L",28.5,1899-12-30 19:19:00,"RW",26.9,1899-12-30 18:45:00,"RM",14.5,NA,"ME/O","RFMB"
"1196","45L",45,"000724FC73","2023.02.07","G61","2",1899-12-30 08:01:00,"JKL","2up",12,"CdG",NA,1,"UniqueID3",1,"8P31049","Ranes","F","2023.02.06","2023.02.09","Footballer",4,"L",28.5,1899-12-30 19:19:00,"RW",26.9,1899-12-30 18:45:00,"RM",14.5,NA,"ME/O","RFMB"
"1197","45L",45,"000724FC73","2023.02.07","G65","2",1899-12-30 10:01:00,"JKL","6up",11.7,"RM",NA,5,"UniqueID3",3,"8P31049","Ranes","F","2023.02.06","2023.02.09","Footballer",4,"L",28.5,1899-12-30 19:19:00,"RW",26.9,1899-12-30 18:45:00,"RM",14.5,NA,"ME/O","RFMB"
"1198","45L",45,"000724FC73","2023.02.07","G77","2",1899-12-30 15:59:00,"JKL","1down",10.05,"SA",NA,17,"UniqueID3",9,"8P31049","Ranes","F","2023.02.06","2023.02.09","Footballer",4,"L",28.5,1899-12-30 19:19:00,"RW",26.9,1899-12-30 18:45:00,"RM",14.5,NA,"ME/O","RFMB"
"1199","45L",45,"000724FC73","2023.02.07","G69","2",1899-12-30 11:59:00,"JKL","3down",10.1,"RM",NA,9,"UniqueID3",5,"8P31049","Ranes","F","2023.02.06","2023.02.09","Footballer",4,"L",28.5,1899-12-30 19:19:00,"RW",26.9,1899-12-30 18:45:00,"RM",14.5,NA,"ME/O","RFMB"
"1200","45L",45,"000724FC73","2023.02.07","G67","2",1899-12-30 11:00:00,"JKL","4up",11.95,"CdG",NA,7,"UniqueID3",4,"8P31049","Ranes","F","2023.02.06","2023.02.09","Footballer",4,"L",28.5,1899-12-30 19:19:00,"RW",26.9,1899-12-30 18:45:00,"RM",14.5,NA,"ME/O","RFMB"
"1201","51A",51,"000724F43A","2023.02.21","G98","1",1899-12-30 16:50:00,"ABC","5down",11.3,"SL","Lemur & Yoga lost backpack",18,"UniqueID1",10,"8P26894","Selnes","F","2023.02.19","2023.02.21","J",1,"A",29.3,1899-12-30 17:37:00,"SL",26.6,1899-12-30 19:22:00,"SL",19.2,NA,"ME/GR","RFRS"
"1202","51A",51,"000724F43A","2023.02.21","G92","1",1899-12-30 13:30:00,"ABC","5up",8.7,"RM","Lemur & Yoga had to be caught with a mistnet",12,"UniqueID1",7,"8P26894","Selnes","F","2023.02.19","2023.02.21","J",1,"A",29.3,1899-12-30 17:37:00,"SL",26.6,1899-12-30 19:22:00,"SL",19.2,NA,"ME/GR","RFRS"
"1203","51A",51,"000724F43A","2023.02.21","G100","1",1899-12-30 17:50:00,"ABC","4down",11.7,"SL","No start time in sheet",20,"UniqueID1",1,"8P26894","Selnes","F","2023.02.19","2023.02.21","J",1,"A",29.3,1899-12-30 17:37:00,"SL",26.6,1899-12-30 19:22:00,"SL",19.2,NA,"ME/GR","RFRS"
"1204","51A",51,"000724F43A","2023.02.21","G88","1",1899-12-30 11:31:00,"ABC","4down",11.95,"SL",NA,8,"UniqueID1",5,"8P26894","Selnes","F","2023.02.19","2023.02.21","J",1,"A",29.3,1899-12-30 17:37:00,"SL",26.6,1899-12-30 19:22:00,"SL",19.2,NA,"ME/GR","RFRS"
"1205","51A",51,"000724F43A","2023.02.21","G86","1",1899-12-30 10:30:00,"ABC","6down",12,"SL",NA,6,"UniqueID1",4,"8P26894","Selnes","F","2023.02.19","2023.02.21","J",1,"A",29.3,1899-12-30 17:37:00,"SL",26.6,1899-12-30 19:22:00,"SL",19.2,NA,"ME/GR","RFRS"
"1206","51A",51,"000724F43A","2023.02.21","G84","1",1899-12-30 09:30:00,"ABC","2up",11.4,"SL",NA,4,"UniqueID1",3,"8P26894","Selnes","F","2023.02.19","2023.02.21","J",1,"A",29.3,1899-12-30 17:37:00,"SL",26.6,1899-12-30 19:22:00,"SL",19.2,NA,"ME/GR","RFRS"
"1207","51A",51,"000724F43A","2023.02.21","G90","1",1899-12-30 12:30:00,"ABC","1up",9.3,"RM",NA,10,"UniqueID1",6,"8P26894","Selnes","F","2023.02.19","2023.02.21","J",1,"A",29.3,1899-12-30 17:37:00,"SL",26.6,1899-12-30 19:22:00,"SL",19.2,NA,"ME/GR","RFRS"
"1208","51A",51,"000724F43A","2023.02.21","G94","1",1899-12-30 14:40:00,"ABC","4up",11.2,"RM",NA,14,"UniqueID1",8,"8P26894","Selnes","F","2023.02.19","2023.02.21","J",1,"A",29.3,1899-12-30 17:37:00,"SL",26.6,1899-12-30 19:22:00,"SL",19.2,NA,"ME/GR","RFRS"
"1209","51A",51,"000724F43A","2023.02.21","G96","1",1899-12-30 15:50:00,"ABC","3up",11.15,"RM",NA,16,"UniqueID1",9,"8P26894","Selnes","F","2023.02.19","2023.02.21","J",1,"A",29.3,1899-12-30 17:37:00,"SL",26.6,1899-12-30 19:22:00,"SL",19.2,NA,"ME/GR","RFRS"
"1210","51A",51,"000724F43A","2023.02.21","G82","1",1899-12-30 08:31:00,"ABC","2down",12.05,"SL",NA,2,"UniqueID1",2,"8P26894","Selnes","F","2023.02.19","2023.02.21","J",1,"A",29.3,1899-12-30 17:37:00,"SL",26.6,1899-12-30 19:22:00,"SL",19.2,NA,"ME/GR","RFRS"
"1211","51B",51,"000724BF5B","2023.02.21","G88","1",1899-12-30 11:31:00,"ABC","4down",11.95,"SL",NA,8,"UniqueID2",5,"8P47120","Selnes","M","2023.02.19","2023.02.21","Lemur",1,"B",28.2,1899-12-30 17:38:00,"RM",26.3,1899-12-30 18:36:00,"SL",17,NA,"RFR","ME/RSW"
"1212","51B",51,"000724BF5B","2023.02.21","G100","1",1899-12-30 17:50:00,"ABC","4down",11.7,"SL","No start time in sheet",20,"UniqueID2",1,"8P47120","Selnes","M","2023.02.19","2023.02.21","Lemur",1,"B",28.2,1899-12-30 17:38:00,"RM",26.3,1899-12-30 18:36:00,"SL",17,NA,"RFR","ME/RSW"
"1213","51B",51,"000724BF5B","2023.02.21","G84","1",1899-12-30 09:30:00,"ABC","2up",11.4,"SL",NA,4,"UniqueID2",3,"8P47120","Selnes","M","2023.02.19","2023.02.21","Lemur",1,"B",28.2,1899-12-30 17:38:00,"RM",26.3,1899-12-30 18:36:00,"SL",17,NA,"RFR","ME/RSW"
"1214","51B",51,"000724BF5B","2023.02.21","G90","1",1899-12-30 12:30:00,"ABC","1up",9.3,"RM",NA,10,"UniqueID2",6,"8P47120","Selnes","M","2023.02.19","2023.02.21","Lemur",1,"B",28.2,1899-12-30 17:38:00,"RM",26.3,1899-12-30 18:36:00,"SL",17,NA,"RFR","ME/RSW"
"1215","51B",51,"000724BF5B","2023.02.21","G92","1",1899-12-30 13:30:00,"ABC","5up",8.7,"RM","Lemur & Yoga had to be caught with a mistnet",12,"UniqueID2",7,"8P47120","Selnes","M","2023.02.19","2023.02.21","Lemur",1,"B",28.2,1899-12-30 17:38:00,"RM",26.3,1899-12-30 18:36:00,"SL",17,NA,"RFR","ME/RSW"
"1216","51B",51,"000724BF5B","2023.02.21","G94","1",1899-12-30 14:40:00,"ABC","4up",11.2,"RM",NA,14,"UniqueID2",8,"8P47120","Selnes","M","2023.02.19","2023.02.21","Lemur",1,"B",28.2,1899-12-30 17:38:00,"RM",26.3,1899-12-30 18:36:00,"SL",17,NA,"RFR","ME/RSW"
"1217","51B",51,"000724BF5B","2023.02.21","G82","1",1899-12-30 08:31:00,"ABC","2down",12.05,"SL",NA,2,"UniqueID2",2,"8P47120","Selnes","M","2023.02.19","2023.02.21","Lemur",1,"B",28.2,1899-12-30 17:38:00,"RM",26.3,1899-12-30 18:36:00,"SL",17,NA,"RFR","ME/RSW"
"1218","51B",51,"000724BF5B","2023.02.21","G86","1",1899-12-30 10:30:00,"ABC","6down",12,"SL",NA,6,"UniqueID2",4,"8P47120","Selnes","M","2023.02.19","2023.02.21","Lemur",1,"B",28.2,1899-12-30 17:38:00,"RM",26.3,1899-12-30 18:36:00,"SL",17,NA,"RFR","ME/RSW"
"1219","51B",51,"000724BF5B","2023.02.21","G96","1",1899-12-30 15:50:00,"ABC","3up",11.15,"RM",NA,16,"UniqueID2",9,"8P47120","Selnes","M","2023.02.19","2023.02.21","Lemur",1,"B",28.2,1899-12-30 17:38:00,"RM",26.3,1899-12-30 18:36:00,"SL",17,NA,"RFR","ME/RSW"
"1220","51B",51,"000724BF5B","2023.02.21","G98","1",1899-12-30 16:50:00,"ABC","5down",11.3,"SL","Lemur & Yoga lost backpack",18,"UniqueID2",10,"8P47120","Selnes","M","2023.02.19","2023.02.21","Lemur",1,"B",28.2,1899-12-30 17:38:00,"RM",26.3,1899-12-30 18:36:00,"SL",17,NA,"RFR","ME/RSW"
"1221","51C",51,"000724C43A","2023.02.21","G92","1",1899-12-30 13:30:00,"ABC","5up",8.7,"RM","Lemur & Yoga had to be caught with a mistnet",12,"UniqueID3",7,"8P47119","Selnes","F","2023.02.19","2023.02.21","Footballer",1,"C",33.4,1899-12-30 17:44:00,"RM",29.8,1899-12-30 19:03:00,"SL",17.5,NA,"RFMB","BLY/ME"
"1222","51C",51,"000724C43A","2023.02.21","G98","1",1899-12-30 16:50:00,"ABC","5down",11.3,"SL","Lemur & Yoga lost backpack",18,"UniqueID3",10,"8P47119","Selnes","F","2023.02.19","2023.02.21","Footballer",1,"C",33.4,1899-12-30 17:44:00,"RM",29.8,1899-12-30 19:03:00,"SL",17.5,NA,"RFMB","BLY/ME"
"1223","51C",51,"000724C43A","2023.02.21","G100","1",1899-12-30 17:50:00,"ABC","4down",11.7,"SL","No start time in sheet",20,"UniqueID3",1,"8P47119","Selnes","F","2023.02.19","2023.02.21","Footballer",1,"C",33.4,1899-12-30 17:44:00,"RM",29.8,1899-12-30 19:03:00,"SL",17.5,NA,"RFMB","BLY/ME"
"1224","51C",51,"000724C43A","2023.02.21","G86","1",1899-12-30 10:30:00,"ABC","6down",12,"SL",NA,6,"UniqueID3",4,"8P47119","Selnes","F","2023.02.19","2023.02.21","Footballer",1,"C",33.4,1899-12-30 17:44:00,"RM",29.8,1899-12-30 19:03:00,"SL",17.5,NA,"RFMB","BLY/ME"
"1225","51C",51,"000724C43A","2023.02.21","G94","1",1899-12-30 14:40:00,"ABC","4up",11.2,"RM",NA,14,"UniqueID3",8,"8P47119","Selnes","F","2023.02.19","2023.02.21","Footballer",1,"C",33.4,1899-12-30 17:44:00,"RM",29.8,1899-12-30 19:03:00,"SL",17.5,NA,"RFMB","BLY/ME"
"1226","51C",51,"000724C43A","2023.02.21","G88","1",1899-12-30 11:31:00,"ABC","4down",11.95,"SL",NA,8,"UniqueID3",5,"8P47119","Selnes","F","2023.02.19","2023.02.21","Footballer",1,"C",33.4,1899-12-30 17:44:00,"RM",29.8,1899-12-30 19:03:00,"SL",17.5,NA,"RFMB","BLY/ME"
"1227","51C",51,"000724C43A","2023.02.21","G82","1",1899-12-30 08:31:00,"ABC","2down",12.05,"SL",NA,2,"UniqueID3",2,"8P47119","Selnes","F","2023.02.19","2023.02.21","Footballer",1,"C",33.4,1899-12-30 17:44:00,"RM",29.8,1899-12-30 19:03:00,"SL",17.5,NA,"RFMB","BLY/ME"
"1228","51C",51,"000724C43A","2023.02.21","G84","1",1899-12-30 09:30:00,"ABC","2up",11.4,"SL",NA,4,"UniqueID3",3,"8P47119","Selnes","F","2023.02.19","2023.02.21","Footballer",1,"C",33.4,1899-12-30 17:44:00,"RM",29.8,1899-12-30 19:03:00,"SL",17.5,NA,"RFMB","BLY/ME"
"1229","51C",51,"000724C43A","2023.02.21","G90","1",1899-12-30 12:30:00,"ABC","1up",9.3,"RM",NA,10,"UniqueID3",6,"8P47119","Selnes","F","2023.02.19","2023.02.21","Footballer",1,"C",33.4,1899-12-30 17:44:00,"RM",29.8,1899-12-30 19:03:00,"SL",17.5,NA,"RFMB","BLY/ME"
"1230","51C",51,"000724C43A","2023.02.21","G96","1",1899-12-30 15:50:00,"ABC","3up",11.15,"RM",NA,16,"UniqueID3",9,"8P47119","Selnes","F","2023.02.19","2023.02.21","Footballer",1,"C",33.4,1899-12-30 17:44:00,"RM",29.8,1899-12-30 19:03:00,"SL",17.5,NA,"RFMB","BLY/ME"
"1231","51D",51,"000724C2D6","2023.02.21","G84","2",1899-12-30 09:30:00,"DEF","5up",9.25,"RW",NA,4,"UniqueID1",3,"8P14986","Selnes","M","2023.02.19","2023.02.21","Water_faucet",1,"D",30.5,1899-12-30 17:47:00,"RM",27.8,1899-12-30 18:55:00,"SL",18.5,NA,"RFMB","GR/ME"
"1232","51D",51,"000724C2D6","2023.02.21","G90","2",1899-12-30 12:30:00,"DEF","6down",11.85,"CdG",NA,10,"UniqueID1",6,"8P14986","Selnes","M","2023.02.19","2023.02.21","Water_faucet",1,"D",30.5,1899-12-30 17:47:00,"RM",27.8,1899-12-30 18:55:00,"SL",18.5,NA,"RFMB","GR/ME"
"1233","51D",51,"000724C2D6","2023.02.21","G92","2",1899-12-30 13:30:00,"DEF","2down",11.6,"CdG",NA,12,"UniqueID1",7,"8P14986","Selnes","M","2023.02.19","2023.02.21","Water_faucet",1,"D",30.5,1899-12-30 17:47:00,"RM",27.8,1899-12-30 18:55:00,"SL",18.5,NA,"RFMB","GR/ME"
"1234","51D",51,"000724C2D6","2023.02.21","G88","2",1899-12-30 11:31:00,"DEF","5down",8.6,"RW",NA,8,"UniqueID1",5,"8P14986","Selnes","M","2023.02.19","2023.02.21","Water_faucet",1,"D",30.5,1899-12-30 17:47:00,"RM",27.8,1899-12-30 18:55:00,"SL",18.5,NA,"RFMB","GR/ME"
"1235","51D",51,"000724C2D6","2023.02.21","G82","2",1899-12-30 08:31:00,"DEF","3up",9.2,"RW",NA,2,"UniqueID1",2,"8P14986","Selnes","M","2023.02.19","2023.02.21","Water_faucet",1,"D",30.5,1899-12-30 17:47:00,"RM",27.8,1899-12-30 18:55:00,"SL",18.5,NA,"RFMB","GR/ME"
"1236","51D",51,"000724C2D6","2023.02.21","G98","2",1899-12-30 16:50:00,"DEF","5down",10.35,"RM","No start time in sheet",18,"UniqueID1",10,"8P14986","Selnes","M","2023.02.19","2023.02.21","Water_faucet",1,"D",30.5,1899-12-30 17:47:00,"RM",27.8,1899-12-30 18:55:00,"SL",18.5,NA,"RFMB","GR/ME"
"1237","51D",51,"000724C2D6","2023.02.21","G94","2",1899-12-30 14:40:00,"DEF","5down",9.3,"CdG",NA,14,"UniqueID1",8,"8P14986","Selnes","M","2023.02.19","2023.02.21","Water_faucet",1,"D",30.5,1899-12-30 17:47:00,"RM",27.8,1899-12-30 18:55:00,"SL",18.5,NA,"RFMB","GR/ME"
"1238","51D",51,"000724C2D6","2023.02.21","G86","2",1899-12-30 10:30:00,"DEF","6up",9.7,"RW",NA,6,"UniqueID1",4,"8P14986","Selnes","M","2023.02.19","2023.02.21","Water_faucet",1,"D",30.5,1899-12-30 17:47:00,"RM",27.8,1899-12-30 18:55:00,"SL",18.5,NA,"RFMB","GR/ME"
"1239","51D",51,"000724C2D6","2023.02.21","G100","2",1899-12-30 17:50:00,"DEF","3up",7.35,"RW","No start time in sheet",20,"UniqueID1",1,"8P14986","Selnes","M","2023.02.19","2023.02.21","Water_faucet",1,"D",30.5,1899-12-30 17:47:00,"RM",27.8,1899-12-30 18:55:00,"SL",18.5,NA,"RFMB","GR/ME"
"1240","51D",51,"000724C2D6","2023.02.21","G96","2",1899-12-30 15:50:00,"DEF","2down",8.35,"SL",NA,16,"UniqueID1",9,"8P14986","Selnes","M","2023.02.19","2023.02.21","Water_faucet",1,"D",30.5,1899-12-30 17:47:00,"RM",27.8,1899-12-30 18:55:00,"SL",18.5,NA,"RFMB","GR/ME"
"1241","51E",51,"000724FC74","2023.02.21","G92","2",1899-12-30 13:30:00,"DEF","2down",11.6,"CdG",NA,12,"UniqueID2",7,"8P31040","Selnes","F","2023.02.19","2023.02.21","Ghost",1,"E",30,1899-12-30 17:35:00,"SL",28,1899-12-30 19:13:00,"SL",20.4,"RFID ring tight","RFO","RS/ME"
"1242","51E",51,"000724FC74","2023.02.21","G86","2",1899-12-30 10:30:00,"DEF","6up",9.7,"RW",NA,6,"UniqueID2",4,"8P31040","Selnes","F","2023.02.19","2023.02.21","Ghost",1,"E",30,1899-12-30 17:35:00,"SL",28,1899-12-30 19:13:00,"SL",20.4,"RFID ring tight","RFO","RS/ME"
"1243","51E",51,"000724FC74","2023.02.21","G100","2",1899-12-30 17:50:00,"DEF","3up",7.35,"RW","No start time in sheet",20,"UniqueID2",1,"8P31040","Selnes","F","2023.02.19","2023.02.21","Ghost",1,"E",30,1899-12-30 17:35:00,"SL",28,1899-12-30 19:13:00,"SL",20.4,"RFID ring tight","RFO","RS/ME"
"1244","51E",51,"000724FC74","2023.02.21","G94","2",1899-12-30 14:40:00,"DEF","5down",9.3,"CdG",NA,14,"UniqueID2",8,"8P31040","Selnes","F","2023.02.19","2023.02.21","Ghost",1,"E",30,1899-12-30 17:35:00,"SL",28,1899-12-30 19:13:00,"SL",20.4,"RFID ring tight","RFO","RS/ME"
"1245","51E",51,"000724FC74","2023.02.21","G96","2",1899-12-30 15:50:00,"DEF","2down",8.35,"SL",NA,16,"UniqueID2",9,"8P31040","Selnes","F","2023.02.19","2023.02.21","Ghost",1,"E",30,1899-12-30 17:35:00,"SL",28,1899-12-30 19:13:00,"SL",20.4,"RFID ring tight","RFO","RS/ME"
"1246","51E",51,"000724FC74","2023.02.21","G84","2",1899-12-30 09:30:00,"DEF","5up",9.25,"RW",NA,4,"UniqueID2",3,"8P31040","Selnes","F","2023.02.19","2023.02.21","Ghost",1,"E",30,1899-12-30 17:35:00,"SL",28,1899-12-30 19:13:00,"SL",20.4,"RFID ring tight","RFO","RS/ME"
"1247","51E",51,"000724FC74","2023.02.21","G88","2",1899-12-30 11:31:00,"DEF","5down",8.6,"RW",NA,8,"UniqueID2",5,"8P31040","Selnes","F","2023.02.19","2023.02.21","Ghost",1,"E",30,1899-12-30 17:35:00,"SL",28,1899-12-30 19:13:00,"SL",20.4,"RFID ring tight","RFO","RS/ME"
"1248","51E",51,"000724FC74","2023.02.21","G98","2",1899-12-30 16:50:00,"DEF","5down",10.35,"RM","No start time in sheet",18,"UniqueID2",10,"8P31040","Selnes","F","2023.02.19","2023.02.21","Ghost",1,"E",30,1899-12-30 17:35:00,"SL",28,1899-12-30 19:13:00,"SL",20.4,"RFID ring tight","RFO","RS/ME"
"1249","51E",51,"000724FC74","2023.02.21","G82","2",1899-12-30 08:31:00,"DEF","3up",9.2,"RW",NA,2,"UniqueID2",2,"8P31040","Selnes","F","2023.02.19","2023.02.21","Ghost",1,"E",30,1899-12-30 17:35:00,"SL",28,1899-12-30 19:13:00,"SL",20.4,"RFID ring tight","RFO","RS/ME"
"1250","51E",51,"000724FC74","2023.02.21","G90","2",1899-12-30 12:30:00,"DEF","6down",11.85,"CdG",NA,10,"UniqueID2",6,"8P31040","Selnes","F","2023.02.19","2023.02.21","Ghost",1,"E",30,1899-12-30 17:35:00,"SL",28,1899-12-30 19:13:00,"SL",20.4,"RFID ring tight","RFO","RS/ME"
"1251","51F",51,"000724F703","2023.02.21","G90","2",1899-12-30 12:30:00,"DEF","6down",11.85,"CdG",NA,10,"UniqueID3",6,"8P47121","Selnes","F","2023.02.19","2023.02.21","Yoga",1,"F",28.1,1899-12-30 17:31:00,"SL",27,1899-12-30 18:47:00,"SL",16.1,NA,"RFRS","ME/RSW"
"1252","51F",51,"000724F703","2023.02.21","G82","2",1899-12-30 08:31:00,"DEF","3up",9.2,"RW",NA,2,"UniqueID3",2,"8P47121","Selnes","F","2023.02.19","2023.02.21","Yoga",1,"F",28.1,1899-12-30 17:31:00,"SL",27,1899-12-30 18:47:00,"SL",16.1,NA,"RFRS","ME/RSW"
"1253","51F",51,"000724F703","2023.02.21","G94","2",1899-12-30 14:40:00,"DEF","5down",9.3,"CdG",NA,14,"UniqueID3",8,"8P47121","Selnes","F","2023.02.19","2023.02.21","Yoga",1,"F",28.1,1899-12-30 17:31:00,"SL",27,1899-12-30 18:47:00,"SL",16.1,NA,"RFRS","ME/RSW"
"1254","51F",51,"000724F703","2023.02.21","G98","2",1899-12-30 16:50:00,"DEF","5down",10.35,"RM","No start time in sheet",18,"UniqueID3",10,"8P47121","Selnes","F","2023.02.19","2023.02.21","Yoga",1,"F",28.1,1899-12-30 17:31:00,"SL",27,1899-12-30 18:47:00,"SL",16.1,NA,"RFRS","ME/RSW"
"1255","51F",51,"000724F703","2023.02.21","G92","2",1899-12-30 13:30:00,"DEF","2down",11.6,"CdG",NA,12,"UniqueID3",7,"8P47121","Selnes","F","2023.02.19","2023.02.21","Yoga",1,"F",28.1,1899-12-30 17:31:00,"SL",27,1899-12-30 18:47:00,"SL",16.1,NA,"RFRS","ME/RSW"
"1256","51F",51,"000724F703","2023.02.21","G84","2",1899-12-30 09:30:00,"DEF","5up",9.25,"RW",NA,4,"UniqueID3",3,"8P47121","Selnes","F","2023.02.19","2023.02.21","Yoga",1,"F",28.1,1899-12-30 17:31:00,"SL",27,1899-12-30 18:47:00,"SL",16.1,NA,"RFRS","ME/RSW"
"1257","51F",51,"000724F703","2023.02.21","G86","2",1899-12-30 10:30:00,"DEF","6up",9.7,"RW",NA,6,"UniqueID3",4,"8P47121","Selnes","F","2023.02.19","2023.02.21","Yoga",1,"F",28.1,1899-12-30 17:31:00,"SL",27,1899-12-30 18:47:00,"SL",16.1,NA,"RFRS","ME/RSW"
"1258","51F",51,"000724F703","2023.02.21","G100","2",1899-12-30 17:50:00,"DEF","3up",7.35,"RW","No start time in sheet",20,"UniqueID3",1,"8P47121","Selnes","F","2023.02.19","2023.02.21","Yoga",1,"F",28.1,1899-12-30 17:31:00,"SL",27,1899-12-30 18:47:00,"SL",16.1,NA,"RFRS","ME/RSW"
"1259","51F",51,"000724F703","2023.02.21","G88","2",1899-12-30 11:31:00,"DEF","5down",8.6,"RW",NA,8,"UniqueID3",5,"8P47121","Selnes","F","2023.02.19","2023.02.21","Yoga",1,"F",28.1,1899-12-30 17:31:00,"SL",27,1899-12-30 18:47:00,"SL",16.1,NA,"RFRS","ME/RSW"
"1260","51F",51,"000724F703","2023.02.21","G96","2",1899-12-30 15:50:00,"DEF","2down",8.35,"SL",NA,16,"UniqueID3",9,"8P47121","Selnes","F","2023.02.19","2023.02.21","Yoga",1,"F",28.1,1899-12-30 17:31:00,"SL",27,1899-12-30 18:47:00,"SL",16.1,NA,"RFRS","ME/RSW"
"1261","52G",52,"000724DFE4","2023.02.21","G93","1",1899-12-30 14:10:00,"GHI","1up",11.95,"CdG",NA,13,"UniqueID1",7,"8P47122","Selnes","M","2023.02.20","2023.02.23","Footballer",2,"G",31.6,1899-12-30 17:39:00,"CdG",28,1899-12-30 16:54:00,"SL",17,NA,"RFO","ME/BLY"
"1262","52G",52,"000724DFE4","2023.02.21","G81","1",1899-12-30 08:02:00,"GHI","5up",12,"SL",NA,1,"UniqueID1",1,"8P47122","Selnes","M","2023.02.20","2023.02.23","Footballer",2,"G",31.6,1899-12-30 17:39:00,"CdG",28,1899-12-30 16:54:00,"SL",17,NA,"RFO","ME/BLY"
"1263","52G",52,"000724DFE4","2023.02.21","G91","1",1899-12-30 13:00:00,"GHI","4up",12,"CdG",NA,11,"UniqueID1",6,"8P47122","Selnes","M","2023.02.20","2023.02.23","Footballer",2,"G",31.6,1899-12-30 17:39:00,"CdG",28,1899-12-30 16:54:00,"SL",17,NA,"RFO","ME/BLY"
"1264","52G",52,"000724DFE4","2023.02.21","G83","1",1899-12-30 09:00:00,"GHI","4up",12,"SL",NA,3,"UniqueID1",2,"8P47122","Selnes","M","2023.02.20","2023.02.23","Footballer",2,"G",31.6,1899-12-30 17:39:00,"CdG",28,1899-12-30 16:54:00,"SL",17,NA,"RFO","ME/BLY"
"1265","52G",52,"000724DFE4","2023.02.21","G99","1",1899-12-30 17:20:00,"GHI","6up",10.7,"RM","No start time in sheet",19,"UniqueID1",10,"8P47122","Selnes","M","2023.02.20","2023.02.23","Footballer",2,"G",31.6,1899-12-30 17:39:00,"CdG",28,1899-12-30 16:54:00,"SL",17,NA,"RFO","ME/BLY"
"1266","52G",52,"000724DFE4","2023.02.21","G87","1",1899-12-30 11:00:00,"GHI","6down",11.95,"SL",NA,7,"UniqueID1",4,"8P47122","Selnes","M","2023.02.20","2023.02.23","Footballer",2,"G",31.6,1899-12-30 17:39:00,"CdG",28,1899-12-30 16:54:00,"SL",17,NA,"RFO","ME/BLY"
"1267","52G",52,"000724DFE4","2023.02.21","G97","1",1899-12-30 16:20:00,"GHI","3down",12,"SL","No start time in sheet",17,"UniqueID1",9,"8P47122","Selnes","M","2023.02.20","2023.02.23","Footballer",2,"G",31.6,1899-12-30 17:39:00,"CdG",28,1899-12-30 16:54:00,"SL",17,NA,"RFO","ME/BLY"
"1268","52G",52,"000724DFE4","2023.02.21","G95","1",1899-12-30 15:20:00,"GHI","3up",11.75,"SL",NA,15,"UniqueID1",8,"8P47122","Selnes","M","2023.02.20","2023.02.23","Footballer",2,"G",31.6,1899-12-30 17:39:00,"CdG",28,1899-12-30 16:54:00,"SL",17,NA,"RFO","ME/BLY"
"1269","52G",52,"000724DFE4","2023.02.21","G85","1",1899-12-30 10:00:00,"GHI","5up",12.05,"RW",NA,5,"UniqueID1",3,"8P47122","Selnes","M","2023.02.20","2023.02.23","Footballer",2,"G",31.6,1899-12-30 17:39:00,"CdG",28,1899-12-30 16:54:00,"SL",17,NA,"RFO","ME/BLY"
"1270","52G",52,"000724DFE4","2023.02.21","G89","1",1899-12-30 12:00:00,"GHI","4down",12,"CdG",NA,9,"UniqueID1",5,"8P47122","Selnes","M","2023.02.20","2023.02.23","Footballer",2,"G",31.6,1899-12-30 17:39:00,"CdG",28,1899-12-30 16:54:00,"SL",17,NA,"RFO","ME/BLY"
"1271","52H",52,"000724B3CD","2023.02.21","G91","1",1899-12-30 13:00:00,"GHI","4up",12,"CdG",NA,11,"UniqueID2",6,"8P31038","Selnes","F","2023.02.20","2023.02.23","Water_faucet",2,"H",30.6,1899-12-30 17:41:00,"CdG",25.9,1899-12-30 17:17:00,"RM",17.7,NA,"RFR","LI/ME"
"1272","52H",52,"000724B3CD","2023.02.21","G87","1",1899-12-30 11:00:00,"GHI","6down",11.95,"SL",NA,7,"UniqueID2",4,"8P31038","Selnes","F","2023.02.20","2023.02.23","Water_faucet",2,"H",30.6,1899-12-30 17:41:00,"CdG",25.9,1899-12-30 17:17:00,"RM",17.7,NA,"RFR","LI/ME"
"1273","52H",52,"000724B3CD","2023.02.21","G85","1",1899-12-30 10:00:00,"GHI","5up",12.05,"RW",NA,5,"UniqueID2",3,"8P31038","Selnes","F","2023.02.20","2023.02.23","Water_faucet",2,"H",30.6,1899-12-30 17:41:00,"CdG",25.9,1899-12-30 17:17:00,"RM",17.7,NA,"RFR","LI/ME"
"1274","52H",52,"000724B3CD","2023.02.21","G99","1",1899-12-30 17:20:00,"GHI","6up",10.7,"RM","No start time in sheet",19,"UniqueID2",10,"8P31038","Selnes","F","2023.02.20","2023.02.23","Water_faucet",2,"H",30.6,1899-12-30 17:41:00,"CdG",25.9,1899-12-30 17:17:00,"RM",17.7,NA,"RFR","LI/ME"
"1275","52H",52,"000724B3CD","2023.02.21","G81","1",1899-12-30 08:02:00,"GHI","5up",12,"SL",NA,1,"UniqueID2",1,"8P31038","Selnes","F","2023.02.20","2023.02.23","Water_faucet",2,"H",30.6,1899-12-30 17:41:00,"CdG",25.9,1899-12-30 17:17:00,"RM",17.7,NA,"RFR","LI/ME"
"1276","52H",52,"000724B3CD","2023.02.21","G93","1",1899-12-30 14:10:00,"GHI","1up",11.95,"CdG",NA,13,"UniqueID2",7,"8P31038","Selnes","F","2023.02.20","2023.02.23","Water_faucet",2,"H",30.6,1899-12-30 17:41:00,"CdG",25.9,1899-12-30 17:17:00,"RM",17.7,NA,"RFR","LI/ME"
"1277","52H",52,"000724B3CD","2023.02.21","G97","1",1899-12-30 16:20:00,"GHI","3down",12,"SL","No start time in sheet",17,"UniqueID2",9,"8P31038","Selnes","F","2023.02.20","2023.02.23","Water_faucet",2,"H",30.6,1899-12-30 17:41:00,"CdG",25.9,1899-12-30 17:17:00,"RM",17.7,NA,"RFR","LI/ME"
"1278","52H",52,"000724B3CD","2023.02.21","G83","1",1899-12-30 09:00:00,"GHI","4up",12,"SL",NA,3,"UniqueID2",2,"8P31038","Selnes","F","2023.02.20","2023.02.23","Water_faucet",2,"H",30.6,1899-12-30 17:41:00,"CdG",25.9,1899-12-30 17:17:00,"RM",17.7,NA,"RFR","LI/ME"
"1279","52H",52,"000724B3CD","2023.02.21","G89","1",1899-12-30 12:00:00,"GHI","4down",12,"CdG",NA,9,"UniqueID2",5,"8P31038","Selnes","F","2023.02.20","2023.02.23","Water_faucet",2,"H",30.6,1899-12-30 17:41:00,"CdG",25.9,1899-12-30 17:17:00,"RM",17.7,NA,"RFR","LI/ME"
"1280","52H",52,"000724B3CD","2023.02.21","G95","1",1899-12-30 15:20:00,"GHI","3up",11.75,"SL",NA,15,"UniqueID2",8,"8P31038","Selnes","F","2023.02.20","2023.02.23","Water_faucet",2,"H",30.6,1899-12-30 17:41:00,"CdG",25.9,1899-12-30 17:17:00,"RM",17.7,NA,"RFR","LI/ME"
"1281","52I",52,"000724EDB8","2023.02.21","G85","1",1899-12-30 10:00:00,"GHI","5up",12.05,"RW",NA,5,"UniqueID3",3,"8P47123","Selnes","F","2023.02.20","2023.02.23","Ghost",2,"I",29.1,1899-12-30 17:43:00,"CdG",25.5,1899-12-30 16:59:00,"RM",17.4,NA,"RFR","BLY/ME"
"1282","52I",52,"000724EDB8","2023.02.21","G91","1",1899-12-30 13:00:00,"GHI","4up",12,"CdG",NA,11,"UniqueID3",6,"8P47123","Selnes","F","2023.02.20","2023.02.23","Ghost",2,"I",29.1,1899-12-30 17:43:00,"CdG",25.5,1899-12-30 16:59:00,"RM",17.4,NA,"RFR","BLY/ME"
"1283","52I",52,"000724EDB8","2023.02.21","G83","1",1899-12-30 09:00:00,"GHI","4up",12,"SL",NA,3,"UniqueID3",2,"8P47123","Selnes","F","2023.02.20","2023.02.23","Ghost",2,"I",29.1,1899-12-30 17:43:00,"CdG",25.5,1899-12-30 16:59:00,"RM",17.4,NA,"RFR","BLY/ME"
"1284","52I",52,"000724EDB8","2023.02.21","G93","1",1899-12-30 14:10:00,"GHI","1up",11.95,"CdG",NA,13,"UniqueID3",7,"8P47123","Selnes","F","2023.02.20","2023.02.23","Ghost",2,"I",29.1,1899-12-30 17:43:00,"CdG",25.5,1899-12-30 16:59:00,"RM",17.4,NA,"RFR","BLY/ME"
"1285","52I",52,"000724EDB8","2023.02.21","G99","1",1899-12-30 17:20:00,"GHI","6up",10.7,"RM","No start time in sheet",19,"UniqueID3",10,"8P47123","Selnes","F","2023.02.20","2023.02.23","Ghost",2,"I",29.1,1899-12-30 17:43:00,"CdG",25.5,1899-12-30 16:59:00,"RM",17.4,NA,"RFR","BLY/ME"
"1286","52I",52,"000724EDB8","2023.02.21","G87","1",1899-12-30 11:00:00,"GHI","6down",11.95,"SL",NA,7,"UniqueID3",4,"8P47123","Selnes","F","2023.02.20","2023.02.23","Ghost",2,"I",29.1,1899-12-30 17:43:00,"CdG",25.5,1899-12-30 16:59:00,"RM",17.4,NA,"RFR","BLY/ME"
"1287","52I",52,"000724EDB8","2023.02.21","G97","1",1899-12-30 16:20:00,"GHI","3down",12,"SL","No start time in sheet",17,"UniqueID3",9,"8P47123","Selnes","F","2023.02.20","2023.02.23","Ghost",2,"I",29.1,1899-12-30 17:43:00,"CdG",25.5,1899-12-30 16:59:00,"RM",17.4,NA,"RFR","BLY/ME"
"1288","52I",52,"000724EDB8","2023.02.21","G95","1",1899-12-30 15:20:00,"GHI","3up",11.75,"SL",NA,15,"UniqueID3",8,"8P47123","Selnes","F","2023.02.20","2023.02.23","Ghost",2,"I",29.1,1899-12-30 17:43:00,"CdG",25.5,1899-12-30 16:59:00,"RM",17.4,NA,"RFR","BLY/ME"
"1289","52I",52,"000724EDB8","2023.02.21","G81","1",1899-12-30 08:02:00,"GHI","5up",12,"SL",NA,1,"UniqueID3",1,"8P47123","Selnes","F","2023.02.20","2023.02.23","Ghost",2,"I",29.1,1899-12-30 17:43:00,"CdG",25.5,1899-12-30 16:59:00,"RM",17.4,NA,"RFR","BLY/ME"
"1290","52I",52,"000724EDB8","2023.02.21","G89","1",1899-12-30 12:00:00,"GHI","4down",12,"CdG",NA,9,"UniqueID3",5,"8P47123","Selnes","F","2023.02.20","2023.02.23","Ghost",2,"I",29.1,1899-12-30 17:43:00,"CdG",25.5,1899-12-30 16:59:00,"RM",17.4,NA,"RFR","BLY/ME"
"1291","52J",52,"000724BA0B","2023.02.21","G85","2",1899-12-30 10:00:00,"JKL","3up",12,"SL",NA,5,"UniqueID1",3,"8P26833","Selnes","M","2023.02.20","2023.02.23","Lemur",2,"J",28.5,1899-12-30 17:45:00,"CdG",27.1,1899-12-30 17:22:00,"RM",15.3,NA,"RSW/ME","RFO"
"1292","52J",52,"000724BA0B","2023.02.21","G81","2",1899-12-30 08:02:00,"JKL","5down",11.95,"RW",NA,1,"UniqueID1",1,"8P26833","Selnes","M","2023.02.20","2023.02.23","Lemur",2,"J",28.5,1899-12-30 17:45:00,"CdG",27.1,1899-12-30 17:22:00,"RM",15.3,NA,"RSW/ME","RFO"
"1293","52J",52,"000724BA0B","2023.02.21","G83","2",1899-12-30 09:00:00,"JKL","5up",10.65,"RW",NA,3,"UniqueID1",2,"8P26833","Selnes","M","2023.02.20","2023.02.23","Lemur",2,"J",28.5,1899-12-30 17:45:00,"CdG",27.1,1899-12-30 17:22:00,"RM",15.3,NA,"RSW/ME","RFO"
"1294","52J",52,"000724BA0B","2023.02.21","G89","2",1899-12-30 12:00:00,"JKL","3down",11,"RW",NA,9,"UniqueID1",5,"8P26833","Selnes","M","2023.02.20","2023.02.23","Lemur",2,"J",28.5,1899-12-30 17:45:00,"CdG",27.1,1899-12-30 17:22:00,"RM",15.3,NA,"RSW/ME","RFO"
"1295","52J",52,"000724BA0B","2023.02.21","G87","2",1899-12-30 11:00:00,"JKL","4up",9.55,"RW",NA,7,"UniqueID1",4,"8P26833","Selnes","M","2023.02.20","2023.02.23","Lemur",2,"J",28.5,1899-12-30 17:45:00,"CdG",27.1,1899-12-30 17:22:00,"RM",15.3,NA,"RSW/ME","RFO"
"1296","52J",52,"000724BA0B","2023.02.21","G91","2",1899-12-30 13:00:00,"JKL","4up",8.9,"RM",NA,11,"UniqueID1",6,"8P26833","Selnes","M","2023.02.20","2023.02.23","Lemur",2,"J",28.5,1899-12-30 17:45:00,"CdG",27.1,1899-12-30 17:22:00,"RM",15.3,NA,"RSW/ME","RFO"
"1297","52J",52,"000724BA0B","2023.02.21","G93","2",1899-12-30 14:10:00,"JKL","6up",10.3,"RM",NA,13,"UniqueID1",7,"8P26833","Selnes","M","2023.02.20","2023.02.23","Lemur",2,"J",28.5,1899-12-30 17:45:00,"CdG",27.1,1899-12-30 17:22:00,"RM",15.3,NA,"RSW/ME","RFO"
"1298","52J",52,"000724BA0B","2023.02.21","G99","2",1899-12-30 17:20:00,"JKL","4up",10.75,"SL","No start time in sheet",19,"UniqueID1",10,"8P26833","Selnes","M","2023.02.20","2023.02.23","Lemur",2,"J",28.5,1899-12-30 17:45:00,"CdG",27.1,1899-12-30 17:22:00,"RM",15.3,NA,"RSW/ME","RFO"
"1299","52J",52,"000724BA0B","2023.02.21","G95","2",1899-12-30 15:20:00,"JKL","3up",10.3,"SL",NA,15,"UniqueID1",8,"8P26833","Selnes","M","2023.02.20","2023.02.23","Lemur",2,"J",28.5,1899-12-30 17:45:00,"CdG",27.1,1899-12-30 17:22:00,"RM",15.3,NA,"RSW/ME","RFO"
"1300","52J",52,"000724BA0B","2023.02.21","G97","2",1899-12-30 16:20:00,"JKL","6up",9.65,"RM","No start time in sheet",17,"UniqueID1",9,"8P26833","Selnes","M","2023.02.20","2023.02.23","Lemur",2,"J",28.5,1899-12-30 17:45:00,"CdG",27.1,1899-12-30 17:22:00,"RM",15.3,NA,"RSW/ME","RFO"
"1301","52K",52,"000724CD8D","2023.02.21","G95","2",1899-12-30 15:20:00,"JKL","3up",10.3,"SL",NA,15,"UniqueID2",8,"8P47124","Selnes","M","2023.02.20","2023.02.23","Yoga",2,"K",30.2,1899-12-30 17:47:00,"CdG",27,1899-12-30 17:28:00,"RM",14.1,NA,"RFY","ME/BLY"
"1302","52K",52,"000724CD8D","2023.02.21","G99","2",1899-12-30 17:20:00,"JKL","4up",10.75,"SL","No start time in sheet",19,"UniqueID2",10,"8P47124","Selnes","M","2023.02.20","2023.02.23","Yoga",2,"K",30.2,1899-12-30 17:47:00,"CdG",27,1899-12-30 17:28:00,"RM",14.1,NA,"RFY","ME/BLY"
"1303","52K",52,"000724CD8D","2023.02.21","G91","2",1899-12-30 13:00:00,"JKL","4up",8.9,"RM",NA,11,"UniqueID2",6,"8P47124","Selnes","M","2023.02.20","2023.02.23","Yoga",2,"K",30.2,1899-12-30 17:47:00,"CdG",27,1899-12-30 17:28:00,"RM",14.1,NA,"RFY","ME/BLY"
"1304","52K",52,"000724CD8D","2023.02.21","G89","2",1899-12-30 12:00:00,"JKL","3down",11,"RW",NA,9,"UniqueID2",5,"8P47124","Selnes","M","2023.02.20","2023.02.23","Yoga",2,"K",30.2,1899-12-30 17:47:00,"CdG",27,1899-12-30 17:28:00,"RM",14.1,NA,"RFY","ME/BLY"
"1305","52K",52,"000724CD8D","2023.02.21","G97","2",1899-12-30 16:20:00,"JKL","6up",9.65,"RM","No start time in sheet",17,"UniqueID2",9,"8P47124","Selnes","M","2023.02.20","2023.02.23","Yoga",2,"K",30.2,1899-12-30 17:47:00,"CdG",27,1899-12-30 17:28:00,"RM",14.1,NA,"RFY","ME/BLY"
"1306","52K",52,"000724CD8D","2023.02.21","G83","2",1899-12-30 09:00:00,"JKL","5up",10.65,"RW",NA,3,"UniqueID2",2,"8P47124","Selnes","M","2023.02.20","2023.02.23","Yoga",2,"K",30.2,1899-12-30 17:47:00,"CdG",27,1899-12-30 17:28:00,"RM",14.1,NA,"RFY","ME/BLY"
"1307","52K",52,"000724CD8D","2023.02.21","G93","2",1899-12-30 14:10:00,"JKL","6up",10.3,"RM",NA,13,"UniqueID2",7,"8P47124","Selnes","M","2023.02.20","2023.02.23","Yoga",2,"K",30.2,1899-12-30 17:47:00,"CdG",27,1899-12-30 17:28:00,"RM",14.1,NA,"RFY","ME/BLY"
"1308","52K",52,"000724CD8D","2023.02.21","G85","2",1899-12-30 10:00:00,"JKL","3up",12,"SL",NA,5,"UniqueID2",3,"8P47124","Selnes","M","2023.02.20","2023.02.23","Yoga",2,"K",30.2,1899-12-30 17:47:00,"CdG",27,1899-12-30 17:28:00,"RM",14.1,NA,"RFY","ME/BLY"
"1309","52K",52,"000724CD8D","2023.02.21","G81","2",1899-12-30 08:02:00,"JKL","5down",11.95,"RW",NA,1,"UniqueID2",1,"8P47124","Selnes","M","2023.02.20","2023.02.23","Yoga",2,"K",30.2,1899-12-30 17:47:00,"CdG",27,1899-12-30 17:28:00,"RM",14.1,NA,"RFY","ME/BLY"
"1310","52K",52,"000724CD8D","2023.02.21","G87","2",1899-12-30 11:00:00,"JKL","4up",9.55,"RW",NA,7,"UniqueID2",4,"8P47124","Selnes","M","2023.02.20","2023.02.23","Yoga",2,"K",30.2,1899-12-30 17:47:00,"CdG",27,1899-12-30 17:28:00,"RM",14.1,NA,"RFY","ME/BLY"
"1311","52L",52,"000724DCFE","2023.02.21","G95","2",1899-12-30 15:20:00,"JKL","3up",10.3,"SL",NA,15,"UniqueID3",8,"8P11899","Selnes","F","2023.02.20","2023.02.23","J",2,"L",30.9,1899-12-30 17:49:00,"CdG",27.6,1899-12-30 17:12:00,"RM",18.7,"Thickened barcode with a black marker","RFY","ME/DG"
"1312","52L",52,"000724DCFE","2023.02.21","G93","2",1899-12-30 14:10:00,"JKL","6up",10.3,"RM",NA,13,"UniqueID3",7,"8P11899","Selnes","F","2023.02.20","2023.02.23","J",2,"L",30.9,1899-12-30 17:49:00,"CdG",27.6,1899-12-30 17:12:00,"RM",18.7,"Thickened barcode with a black marker","RFY","ME/DG"
"1313","52L",52,"000724DCFE","2023.02.21","G91","2",1899-12-30 13:00:00,"JKL","4up",8.9,"RM",NA,11,"UniqueID3",6,"8P11899","Selnes","F","2023.02.20","2023.02.23","J",2,"L",30.9,1899-12-30 17:49:00,"CdG",27.6,1899-12-30 17:12:00,"RM",18.7,"Thickened barcode with a black marker","RFY","ME/DG"
"1314","52L",52,"000724DCFE","2023.02.21","G97","2",1899-12-30 16:20:00,"JKL","6up",9.65,"RM","No start time in sheet",17,"UniqueID3",9,"8P11899","Selnes","F","2023.02.20","2023.02.23","J",2,"L",30.9,1899-12-30 17:49:00,"CdG",27.6,1899-12-30 17:12:00,"RM",18.7,"Thickened barcode with a black marker","RFY","ME/DG"
"1315","52L",52,"000724DCFE","2023.02.21","G87","2",1899-12-30 11:00:00,"JKL","4up",9.55,"RW",NA,7,"UniqueID3",4,"8P11899","Selnes","F","2023.02.20","2023.02.23","J",2,"L",30.9,1899-12-30 17:49:00,"CdG",27.6,1899-12-30 17:12:00,"RM",18.7,"Thickened barcode with a black marker","RFY","ME/DG"
"1316","52L",52,"000724DCFE","2023.02.21","G99","2",1899-12-30 17:20:00,"JKL","4up",10.75,"SL","No start time in sheet",19,"UniqueID3",10,"8P11899","Selnes","F","2023.02.20","2023.02.23","J",2,"L",30.9,1899-12-30 17:49:00,"CdG",27.6,1899-12-30 17:12:00,"RM",18.7,"Thickened barcode with a black marker","RFY","ME/DG"
"1317","52L",52,"000724DCFE","2023.02.21","G89","2",1899-12-30 12:00:00,"JKL","3down",11,"RW",NA,9,"UniqueID3",5,"8P11899","Selnes","F","2023.02.20","2023.02.23","J",2,"L",30.9,1899-12-30 17:49:00,"CdG",27.6,1899-12-30 17:12:00,"RM",18.7,"Thickened barcode with a black marker","RFY","ME/DG"
"1318","52L",52,"000724DCFE","2023.02.21","G81","2",1899-12-30 08:02:00,"JKL","5down",11.95,"RW",NA,1,"UniqueID3",1,"8P11899","Selnes","F","2023.02.20","2023.02.23","J",2,"L",30.9,1899-12-30 17:49:00,"CdG",27.6,1899-12-30 17:12:00,"RM",18.7,"Thickened barcode with a black marker","RFY","ME/DG"
"1319","52L",52,"000724DCFE","2023.02.21","G83","2",1899-12-30 09:00:00,"JKL","5up",10.65,"RW",NA,3,"UniqueID3",2,"8P11899","Selnes","F","2023.02.20","2023.02.23","J",2,"L",30.9,1899-12-30 17:49:00,"CdG",27.6,1899-12-30 17:12:00,"RM",18.7,"Thickened barcode with a black marker","RFY","ME/DG"
"1320","52L",52,"000724DCFE","2023.02.21","G85","2",1899-12-30 10:00:00,"JKL","3up",12,"SL",NA,5,"UniqueID3",3,"8P11899","Selnes","F","2023.02.20","2023.02.23","J",2,"L",30.9,1899-12-30 17:49:00,"CdG",27.6,1899-12-30 17:12:00,"RM",18.7,"Thickened barcode with a black marker","RFY","ME/DG"
"1321","53A",53,"000724FA76","2023.02.28","G102","1",1899-12-30 09:00:00,"ABC","3down",10.1,"CdG",NA,2,"UniqueID1",2,"8P47125","Flenstad","F","2023.02.25","2023.02.28","Water_faucet",1,"A",31.4,1899-12-30 17:36:00,"SL",27.6,1899-12-30 17:28:00,"SL",17.9,NA,"RFRS","RSW/ME"
"1322","53A",53,"000724FA76","2023.02.28","G104","1",1899-12-30 11:00:00,"ABC","6down",8.95,"CdG",NA,4,"UniqueID1",4,"8P47125","Flenstad","F","2023.02.25","2023.02.28","Water_faucet",1,"A",31.4,1899-12-30 17:36:00,"SL",27.6,1899-12-30 17:28:00,"SL",17.9,NA,"RFRS","RSW/ME"
"1323","53A",53,"000724FA76","2023.02.28","G107","1",1899-12-30 14:00:00,"ABC","6down",9.5,"RM",NA,7,"UniqueID1",7,"8P47125","Flenstad","F","2023.02.25","2023.02.28","Water_faucet",1,"A",31.4,1899-12-30 17:36:00,"SL",27.6,1899-12-30 17:28:00,"SL",17.9,NA,"RFRS","RSW/ME"
"1324","53A",53,"000724FA76","2023.02.28","G106","1",1899-12-30 13:00:00,"ABC","3down",8.4,"CdG",NA,6,"UniqueID1",6,"8P47125","Flenstad","F","2023.02.25","2023.02.28","Water_faucet",1,"A",31.4,1899-12-30 17:36:00,"SL",27.6,1899-12-30 17:28:00,"SL",17.9,NA,"RFRS","RSW/ME"
"1325","53A",53,"000724FA76","2023.02.28","G103","1",1899-12-30 10:00:00,"ABC","1down",9.55,"CdG",NA,3,"UniqueID1",3,"8P47125","Flenstad","F","2023.02.25","2023.02.28","Water_faucet",1,"A",31.4,1899-12-30 17:36:00,"SL",27.6,1899-12-30 17:28:00,"SL",17.9,NA,"RFRS","RSW/ME"
"1326","53A",53,"000724FA76","2023.02.28","G109","1",1899-12-30 16:00:00,"ABC","1down",10.75,"RM",NA,9,"UniqueID1",9,"8P47125","Flenstad","F","2023.02.25","2023.02.28","Water_faucet",1,"A",31.4,1899-12-30 17:36:00,"SL",27.6,1899-12-30 17:28:00,"SL",17.9,NA,"RFRS","RSW/ME"
"1327","53A",53,"000724FA76","2023.02.28","G108","1",1899-12-30 15:00:00,"ABC","5up",9.85,"RM",NA,8,"UniqueID1",8,"8P47125","Flenstad","F","2023.02.25","2023.02.28","Water_faucet",1,"A",31.4,1899-12-30 17:36:00,"SL",27.6,1899-12-30 17:28:00,"SL",17.9,NA,"RFRS","RSW/ME"
"1328","53A",53,"000724FA76","2023.02.28","G110","1",1899-12-30 17:00:00,"ABC","3down",9.85,"RM",NA,10,"UniqueID1",10,"8P47125","Flenstad","F","2023.02.25","2023.02.28","Water_faucet",1,"A",31.4,1899-12-30 17:36:00,"SL",27.6,1899-12-30 17:28:00,"SL",17.9,NA,"RFRS","RSW/ME"
"1329","53A",53,"000724FA76","2023.02.28","G101","1",1899-12-30 08:00:00,"ABC","1down",9.05,"CdG","some seeds flew out of the sieve due to a rogue staple",1,"UniqueID1",1,"8P47125","Flenstad","F","2023.02.25","2023.02.28","Water_faucet",1,"A",31.4,1899-12-30 17:36:00,"SL",27.6,1899-12-30 17:28:00,"SL",17.9,NA,"RFRS","RSW/ME"
"1330","53A",53,"000724FA76","2023.02.28","G105","1",1899-12-30 12:00:00,"ABC","5down",9,"CdG",NA,5,"UniqueID1",5,"8P47125","Flenstad","F","2023.02.25","2023.02.28","Water_faucet",1,"A",31.4,1899-12-30 17:36:00,"SL",27.6,1899-12-30 17:28:00,"SL",17.9,NA,"RFRS","RSW/ME"
"1331","53B",53,"000724D4F1","2023.02.28","G108","1",1899-12-30 15:00:00,"ABC","5up",9.85,"RM",NA,8,"UniqueID2",8,"8P26892","Flenstad","F","2023.02.25","2023.02.28","J",1,"B",31.7,1899-12-30 17:40:00,"SL",28.5,1899-12-30 17:37:00,"SL",17.1,NA,"ME/GR","RFW"
"1332","53B",53,"000724D4F1","2023.02.28","G102","1",1899-12-30 09:00:00,"ABC","3down",10.1,"CdG",NA,2,"UniqueID2",2,"8P26892","Flenstad","F","2023.02.25","2023.02.28","J",1,"B",31.7,1899-12-30 17:40:00,"SL",28.5,1899-12-30 17:37:00,"SL",17.1,NA,"ME/GR","RFW"
"1333","53B",53,"000724D4F1","2023.02.28","G107","1",1899-12-30 14:00:00,"ABC","6down",9.5,"RM",NA,7,"UniqueID2",7,"8P26892","Flenstad","F","2023.02.25","2023.02.28","J",1,"B",31.7,1899-12-30 17:40:00,"SL",28.5,1899-12-30 17:37:00,"SL",17.1,NA,"ME/GR","RFW"
"1334","53B",53,"000724D4F1","2023.02.28","G110","1",1899-12-30 17:00:00,"ABC","3down",9.85,"RM",NA,10,"UniqueID2",10,"8P26892","Flenstad","F","2023.02.25","2023.02.28","J",1,"B",31.7,1899-12-30 17:40:00,"SL",28.5,1899-12-30 17:37:00,"SL",17.1,NA,"ME/GR","RFW"
"1335","53B",53,"000724D4F1","2023.02.28","G109","1",1899-12-30 16:00:00,"ABC","1down",10.75,"RM",NA,9,"UniqueID2",9,"8P26892","Flenstad","F","2023.02.25","2023.02.28","J",1,"B",31.7,1899-12-30 17:40:00,"SL",28.5,1899-12-30 17:37:00,"SL",17.1,NA,"ME/GR","RFW"
"1336","53B",53,"000724D4F1","2023.02.28","G101","1",1899-12-30 08:00:00,"ABC","1down",9.05,"CdG","some seeds flew out of the sieve due to a rogue staple",1,"UniqueID2",1,"8P26892","Flenstad","F","2023.02.25","2023.02.28","J",1,"B",31.7,1899-12-30 17:40:00,"SL",28.5,1899-12-30 17:37:00,"SL",17.1,NA,"ME/GR","RFW"
"1337","53B",53,"000724D4F1","2023.02.28","G106","1",1899-12-30 13:00:00,"ABC","3down",8.4,"CdG",NA,6,"UniqueID2",6,"8P26892","Flenstad","F","2023.02.25","2023.02.28","J",1,"B",31.7,1899-12-30 17:40:00,"SL",28.5,1899-12-30 17:37:00,"SL",17.1,NA,"ME/GR","RFW"
"1338","53B",53,"000724D4F1","2023.02.28","G105","1",1899-12-30 12:00:00,"ABC","5down",9,"CdG",NA,5,"UniqueID2",5,"8P26892","Flenstad","F","2023.02.25","2023.02.28","J",1,"B",31.7,1899-12-30 17:40:00,"SL",28.5,1899-12-30 17:37:00,"SL",17.1,NA,"ME/GR","RFW"
"1339","53B",53,"000724D4F1","2023.02.28","G104","1",1899-12-30 11:00:00,"ABC","6down",8.95,"CdG",NA,4,"UniqueID2",4,"8P26892","Flenstad","F","2023.02.25","2023.02.28","J",1,"B",31.7,1899-12-30 17:40:00,"SL",28.5,1899-12-30 17:37:00,"SL",17.1,NA,"ME/GR","RFW"
"1340","53B",53,"000724D4F1","2023.02.28","G103","1",1899-12-30 10:00:00,"ABC","1down",9.55,"CdG",NA,3,"UniqueID2",3,"8P26892","Flenstad","F","2023.02.25","2023.02.28","J",1,"B",31.7,1899-12-30 17:40:00,"SL",28.5,1899-12-30 17:37:00,"SL",17.1,NA,"ME/GR","RFW"
"1341","53C",53,"000724CD88","2023.02.28","G106","1",1899-12-30 13:00:00,"ABC","3down",8.4,"CdG",NA,6,"UniqueID3",6,"8P26898","Flenstad","F","2023.02.25","2023.02.28","Lemur",1,"C",29.3,1899-12-30 17:37:00,"CdG",28.4,1899-12-30 17:44:00,"SL",19.1,NA,"ME/R","RFY"
"1342","53C",53,"000724CD88","2023.02.28","G101","1",1899-12-30 08:00:00,"ABC","1down",9.05,"CdG","some seeds flew out of the sieve due to a rogue staple",1,"UniqueID3",1,"8P26898","Flenstad","F","2023.02.25","2023.02.28","Lemur",1,"C",29.3,1899-12-30 17:37:00,"CdG",28.4,1899-12-30 17:44:00,"SL",19.1,NA,"ME/R","RFY"
"1343","53C",53,"000724CD88","2023.02.28","G102","1",1899-12-30 09:00:00,"ABC","3down",10.1,"CdG",NA,2,"UniqueID3",2,"8P26898","Flenstad","F","2023.02.25","2023.02.28","Lemur",1,"C",29.3,1899-12-30 17:37:00,"CdG",28.4,1899-12-30 17:44:00,"SL",19.1,NA,"ME/R","RFY"
"1344","53C",53,"000724CD88","2023.02.28","G103","1",1899-12-30 10:00:00,"ABC","1down",9.55,"CdG",NA,3,"UniqueID3",3,"8P26898","Flenstad","F","2023.02.25","2023.02.28","Lemur",1,"C",29.3,1899-12-30 17:37:00,"CdG",28.4,1899-12-30 17:44:00,"SL",19.1,NA,"ME/R","RFY"
"1345","53C",53,"000724CD88","2023.02.28","G107","1",1899-12-30 14:00:00,"ABC","6down",9.5,"RM",NA,7,"UniqueID3",7,"8P26898","Flenstad","F","2023.02.25","2023.02.28","Lemur",1,"C",29.3,1899-12-30 17:37:00,"CdG",28.4,1899-12-30 17:44:00,"SL",19.1,NA,"ME/R","RFY"
"1346","53C",53,"000724CD88","2023.02.28","G108","1",1899-12-30 15:00:00,"ABC","5up",9.85,"RM",NA,8,"UniqueID3",8,"8P26898","Flenstad","F","2023.02.25","2023.02.28","Lemur",1,"C",29.3,1899-12-30 17:37:00,"CdG",28.4,1899-12-30 17:44:00,"SL",19.1,NA,"ME/R","RFY"
"1347","53C",53,"000724CD88","2023.02.28","G104","1",1899-12-30 11:00:00,"ABC","6down",8.95,"CdG",NA,4,"UniqueID3",4,"8P26898","Flenstad","F","2023.02.25","2023.02.28","Lemur",1,"C",29.3,1899-12-30 17:37:00,"CdG",28.4,1899-12-30 17:44:00,"SL",19.1,NA,"ME/R","RFY"
"1348","53C",53,"000724CD88","2023.02.28","G109","1",1899-12-30 16:00:00,"ABC","1down",10.75,"RM",NA,9,"UniqueID3",9,"8P26898","Flenstad","F","2023.02.25","2023.02.28","Lemur",1,"C",29.3,1899-12-30 17:37:00,"CdG",28.4,1899-12-30 17:44:00,"SL",19.1,NA,"ME/R","RFY"
"1349","53C",53,"000724CD88","2023.02.28","G110","1",1899-12-30 17:00:00,"ABC","3down",9.85,"RM",NA,10,"UniqueID3",10,"8P26898","Flenstad","F","2023.02.25","2023.02.28","Lemur",1,"C",29.3,1899-12-30 17:37:00,"CdG",28.4,1899-12-30 17:44:00,"SL",19.1,NA,"ME/R","RFY"
"1350","53C",53,"000724CD88","2023.02.28","G105","1",1899-12-30 12:00:00,"ABC","5down",9,"CdG",NA,5,"UniqueID3",5,"8P26898","Flenstad","F","2023.02.25","2023.02.28","Lemur",1,"C",29.3,1899-12-30 17:37:00,"CdG",28.4,1899-12-30 17:44:00,"SL",19.1,NA,"ME/R","RFY"
"1351","53D",53,"000724D959","2023.02.28","G108","2",1899-12-30 15:00:00,"DEF","3down",12,"RM",NA,8,"UniqueID1",8,"8P26805","Flenstad","F","2023.02.25","2023.02.28","Footballer",1,"D",29.5,1899-12-30 17:39:00,"RM",26.8,1899-12-30 17:48:00,"CdG",16.7,"Wound at beak","RSW/ME","RFMB"
"1352","53D",53,"000724D959","2023.02.28","G106","2",1899-12-30 13:00:00,"DEF","4up",12.05,"CdG",NA,6,"UniqueID1",6,"8P26805","Flenstad","F","2023.02.25","2023.02.28","Footballer",1,"D",29.5,1899-12-30 17:39:00,"RM",26.8,1899-12-30 17:48:00,"CdG",16.7,"Wound at beak","RSW/ME","RFMB"
"1353","53D",53,"000724D959","2023.02.28","G102","2",1899-12-30 09:00:00,"DEF","4down",11.95,"RM",NA,2,"UniqueID1",2,"8P26805","Flenstad","F","2023.02.25","2023.02.28","Footballer",1,"D",29.5,1899-12-30 17:39:00,"RM",26.8,1899-12-30 17:48:00,"CdG",16.7,"Wound at beak","RSW/ME","RFMB"
"1354","53D",53,"000724D959","2023.02.28","G104","2",1899-12-30 11:00:00,"DEF","3up",12.05,"CdG",NA,4,"UniqueID1",4,"8P26805","Flenstad","F","2023.02.25","2023.02.28","Footballer",1,"D",29.5,1899-12-30 17:39:00,"RM",26.8,1899-12-30 17:48:00,"CdG",16.7,"Wound at beak","RSW/ME","RFMB"
"1355","53D",53,"000724D959","2023.02.28","G105","2",1899-12-30 12:00:00,"DEF","6down",11.85,"CdG",NA,5,"UniqueID1",5,"8P26805","Flenstad","F","2023.02.25","2023.02.28","Footballer",1,"D",29.5,1899-12-30 17:39:00,"RM",26.8,1899-12-30 17:48:00,"CdG",16.7,"Wound at beak","RSW/ME","RFMB"
"1356","53D",53,"000724D959","2023.02.28","G101","2",1899-12-30 08:00:00,"DEF","3down",12.05,"RM",NA,1,"UniqueID1",1,"8P26805","Flenstad","F","2023.02.25","2023.02.28","Footballer",1,"D",29.5,1899-12-30 17:39:00,"RM",26.8,1899-12-30 17:48:00,"CdG",16.7,"Wound at beak","RSW/ME","RFMB"
"1357","53D",53,"000724D959","2023.02.28","G107","2",1899-12-30 14:00:00,"DEF","4down",12.05,"RM",NA,7,"UniqueID1",7,"8P26805","Flenstad","F","2023.02.25","2023.02.28","Footballer",1,"D",29.5,1899-12-30 17:39:00,"RM",26.8,1899-12-30 17:48:00,"CdG",16.7,"Wound at beak","RSW/ME","RFMB"
"1358","53D",53,"000724D959","2023.02.28","G109","2",1899-12-30 16:00:00,"DEF","1down",10,"RM",NA,9,"UniqueID1",9,"8P26805","Flenstad","F","2023.02.25","2023.02.28","Footballer",1,"D",29.5,1899-12-30 17:39:00,"RM",26.8,1899-12-30 17:48:00,"CdG",16.7,"Wound at beak","RSW/ME","RFMB"
"1359","53D",53,"000724D959","2023.02.28","G103","2",1899-12-30 10:00:00,"DEF","6up",12.05,"CdG",NA,3,"UniqueID1",3,"8P26805","Flenstad","F","2023.02.25","2023.02.28","Footballer",1,"D",29.5,1899-12-30 17:39:00,"RM",26.8,1899-12-30 17:48:00,"CdG",16.7,"Wound at beak","RSW/ME","RFMB"
"1360","53D",53,"000724D959","2023.02.28","G110","2",1899-12-30 17:00:00,"DEF","2down",10.15,"RM",NA,10,"UniqueID1",10,"8P26805","Flenstad","F","2023.02.25","2023.02.28","Footballer",1,"D",29.5,1899-12-30 17:39:00,"RM",26.8,1899-12-30 17:48:00,"CdG",16.7,"Wound at beak","RSW/ME","RFMB"
"1361","53E",53,"000724BF5E","2023.02.28","G105","2",1899-12-30 12:00:00,"DEF","6down",11.85,"CdG",NA,5,"UniqueID2",5,"8P14996","Flenstad","M","2023.02.25","2023.02.28","Ghost",1,"E",31.6,1899-12-30 17:42:00,"RM",28.9,1899-12-30 17:53:00,"CdG",18.2,"W1 might be switched with F","RFRS","R/ME"
"1362","53E",53,"000724BF5E","2023.02.28","G102","2",1899-12-30 09:00:00,"DEF","4down",11.95,"RM",NA,2,"UniqueID2",2,"8P14996","Flenstad","M","2023.02.25","2023.02.28","Ghost",1,"E",31.6,1899-12-30 17:42:00,"RM",28.9,1899-12-30 17:53:00,"CdG",18.2,"W1 might be switched with F","RFRS","R/ME"
"1363","53E",53,"000724BF5E","2023.02.28","G101","2",1899-12-30 08:00:00,"DEF","3down",12.05,"RM",NA,1,"UniqueID2",1,"8P14996","Flenstad","M","2023.02.25","2023.02.28","Ghost",1,"E",31.6,1899-12-30 17:42:00,"RM",28.9,1899-12-30 17:53:00,"CdG",18.2,"W1 might be switched with F","RFRS","R/ME"
"1364","53E",53,"000724BF5E","2023.02.28","G103","2",1899-12-30 10:00:00,"DEF","6up",12.05,"CdG",NA,3,"UniqueID2",3,"8P14996","Flenstad","M","2023.02.25","2023.02.28","Ghost",1,"E",31.6,1899-12-30 17:42:00,"RM",28.9,1899-12-30 17:53:00,"CdG",18.2,"W1 might be switched with F","RFRS","R/ME"
"1365","53E",53,"000724BF5E","2023.02.28","G108","2",1899-12-30 15:00:00,"DEF","3down",12,"RM",NA,8,"UniqueID2",8,"8P14996","Flenstad","M","2023.02.25","2023.02.28","Ghost",1,"E",31.6,1899-12-30 17:42:00,"RM",28.9,1899-12-30 17:53:00,"CdG",18.2,"W1 might be switched with F","RFRS","R/ME"
"1366","53E",53,"000724BF5E","2023.02.28","G106","2",1899-12-30 13:00:00,"DEF","4up",12.05,"CdG",NA,6,"UniqueID2",6,"8P14996","Flenstad","M","2023.02.25","2023.02.28","Ghost",1,"E",31.6,1899-12-30 17:42:00,"RM",28.9,1899-12-30 17:53:00,"CdG",18.2,"W1 might be switched with F","RFRS","R/ME"
"1367","53E",53,"000724BF5E","2023.02.28","G107","2",1899-12-30 14:00:00,"DEF","4down",12.05,"RM",NA,7,"UniqueID2",7,"8P14996","Flenstad","M","2023.02.25","2023.02.28","Ghost",1,"E",31.6,1899-12-30 17:42:00,"RM",28.9,1899-12-30 17:53:00,"CdG",18.2,"W1 might be switched with F","RFRS","R/ME"
"1368","53E",53,"000724BF5E","2023.02.28","G104","2",1899-12-30 11:00:00,"DEF","3up",12.05,"CdG",NA,4,"UniqueID2",4,"8P14996","Flenstad","M","2023.02.25","2023.02.28","Ghost",1,"E",31.6,1899-12-30 17:42:00,"RM",28.9,1899-12-30 17:53:00,"CdG",18.2,"W1 might be switched with F","RFRS","R/ME"
"1369","53E",53,"000724BF5E","2023.02.28","G110","2",1899-12-30 17:00:00,"DEF","2down",10.15,"RM",NA,10,"UniqueID2",10,"8P14996","Flenstad","M","2023.02.25","2023.02.28","Ghost",1,"E",31.6,1899-12-30 17:42:00,"RM",28.9,1899-12-30 17:53:00,"CdG",18.2,"W1 might be switched with F","RFRS","R/ME"
"1370","53E",53,"000724BF5E","2023.02.28","G109","2",1899-12-30 16:00:00,"DEF","1down",10,"RM",NA,9,"UniqueID2",9,"8P14996","Flenstad","M","2023.02.25","2023.02.28","Ghost",1,"E",31.6,1899-12-30 17:42:00,"RM",28.9,1899-12-30 17:53:00,"CdG",18.2,"W1 might be switched with F","RFRS","R/ME"
"1371","53F",53,"000724F85F","2023.02.28","G102","2",1899-12-30 09:00:00,"DEF","4down",11.95,"RM",NA,2,"UniqueID3",2,"8P26895","Flenstad","F","2023.02.25","2023.02.28","Yoga",1,"F",34.3,1899-12-30 17:44:00,"SL",28.5,1899-12-30 17:58:00,"CdG",16.8,"W1 might be switched with E; Hemo 2 minutes late","RFY","ME/O"
"1372","53F",53,"000724F85F","2023.02.28","G101","2",1899-12-30 08:00:00,"DEF","3down",12.05,"RM",NA,1,"UniqueID3",1,"8P26895","Flenstad","F","2023.02.25","2023.02.28","Yoga",1,"F",34.3,1899-12-30 17:44:00,"SL",28.5,1899-12-30 17:58:00,"CdG",16.8,"W1 might be switched with E; Hemo 2 minutes late","RFY","ME/O"
"1373","53F",53,"000724F85F","2023.02.28","G105","2",1899-12-30 12:00:00,"DEF","6down",11.85,"CdG",NA,5,"UniqueID3",5,"8P26895","Flenstad","F","2023.02.25","2023.02.28","Yoga",1,"F",34.3,1899-12-30 17:44:00,"SL",28.5,1899-12-30 17:58:00,"CdG",16.8,"W1 might be switched with E; Hemo 2 minutes late","RFY","ME/O"
"1374","53F",53,"000724F85F","2023.02.28","G103","2",1899-12-30 10:00:00,"DEF","6up",12.05,"CdG",NA,3,"UniqueID3",3,"8P26895","Flenstad","F","2023.02.25","2023.02.28","Yoga",1,"F",34.3,1899-12-30 17:44:00,"SL",28.5,1899-12-30 17:58:00,"CdG",16.8,"W1 might be switched with E; Hemo 2 minutes late","RFY","ME/O"
"1375","53F",53,"000724F85F","2023.02.28","G104","2",1899-12-30 11:00:00,"DEF","3up",12.05,"CdG",NA,4,"UniqueID3",4,"8P26895","Flenstad","F","2023.02.25","2023.02.28","Yoga",1,"F",34.3,1899-12-30 17:44:00,"SL",28.5,1899-12-30 17:58:00,"CdG",16.8,"W1 might be switched with E; Hemo 2 minutes late","RFY","ME/O"
"1376","53F",53,"000724F85F","2023.02.28","G106","2",1899-12-30 13:00:00,"DEF","4up",12.05,"CdG",NA,6,"UniqueID3",6,"8P26895","Flenstad","F","2023.02.25","2023.02.28","Yoga",1,"F",34.3,1899-12-30 17:44:00,"SL",28.5,1899-12-30 17:58:00,"CdG",16.8,"W1 might be switched with E; Hemo 2 minutes late","RFY","ME/O"
"1377","53F",53,"000724F85F","2023.02.28","G107","2",1899-12-30 14:00:00,"DEF","4down",12.05,"RM",NA,7,"UniqueID3",7,"8P26895","Flenstad","F","2023.02.25","2023.02.28","Yoga",1,"F",34.3,1899-12-30 17:44:00,"SL",28.5,1899-12-30 17:58:00,"CdG",16.8,"W1 might be switched with E; Hemo 2 minutes late","RFY","ME/O"
"1378","53F",53,"000724F85F","2023.02.28","G109","2",1899-12-30 16:00:00,"DEF","1down",10,"RM",NA,9,"UniqueID3",9,"8P26895","Flenstad","F","2023.02.25","2023.02.28","Yoga",1,"F",34.3,1899-12-30 17:44:00,"SL",28.5,1899-12-30 17:58:00,"CdG",16.8,"W1 might be switched with E; Hemo 2 minutes late","RFY","ME/O"
"1379","53F",53,"000724F85F","2023.02.28","G108","2",1899-12-30 15:00:00,"DEF","3down",12,"RM",NA,8,"UniqueID3",8,"8P26895","Flenstad","F","2023.02.25","2023.02.28","Yoga",1,"F",34.3,1899-12-30 17:44:00,"SL",28.5,1899-12-30 17:58:00,"CdG",16.8,"W1 might be switched with E; Hemo 2 minutes late","RFY","ME/O"
"1380","53F",53,"000724F85F","2023.02.28","G110","2",1899-12-30 17:00:00,"DEF","2down",10.15,"RM",NA,10,"UniqueID3",10,"8P26895","Flenstad","F","2023.02.25","2023.02.28","Yoga",1,"F",34.3,1899-12-30 17:44:00,"SL",28.5,1899-12-30 17:58:00,"CdG",16.8,"W1 might be switched with E; Hemo 2 minutes late","RFY","ME/O"
"1381","54G",54,"000724CD8F","2023.03.02","G120","1",1899-12-30 17:00:00,"GHI","1up",11.9,"RW",NA,10,"UniqueID1",10,"8P31179","Flenstad","M","2023.03.01","2023.03.04","Yoga",2,"G",28.3,1899-12-30 17:54:00,"CdG",25.9,1899-12-30 16:54:00,"RM",17.8,NA,"RSBL/ME","RFR"
"1382","54G",54,"000724CD8F","2023.03.02","G112","1",1899-12-30 09:00:00,"GHI","5up",11.65,"SL",NA,2,"UniqueID1",2,"8P31179","Flenstad","M","2023.03.01","2023.03.04","Yoga",2,"G",28.3,1899-12-30 17:54:00,"CdG",25.9,1899-12-30 16:54:00,"RM",17.8,NA,"RSBL/ME","RFR"
"1383","54G",54,"000724CD8F","2023.03.02","G119","1",1899-12-30 16:00:00,"GHI","5up",12,"RW",NA,9,"UniqueID1",9,"8P31179","Flenstad","M","2023.03.01","2023.03.04","Yoga",2,"G",28.3,1899-12-30 17:54:00,"CdG",25.9,1899-12-30 16:54:00,"RM",17.8,NA,"RSBL/ME","RFR"
"1384","54G",54,"000724CD8F","2023.03.02","G115","1",1899-12-30 12:00:00,"GHI","3up",12,"SL",NA,5,"UniqueID1",5,"8P31179","Flenstad","M","2023.03.01","2023.03.04","Yoga",2,"G",28.3,1899-12-30 17:54:00,"CdG",25.9,1899-12-30 16:54:00,"RM",17.8,NA,"RSBL/ME","RFR"
"1385","54G",54,"000724CD8F","2023.03.02","G111","1",1899-12-30 08:01:00,"GHI","6up",12,"SL",NA,1,"UniqueID1",1,"8P31179","Flenstad","M","2023.03.01","2023.03.04","Yoga",2,"G",28.3,1899-12-30 17:54:00,"CdG",25.9,1899-12-30 16:54:00,"RM",17.8,NA,"RSBL/ME","RFR"
"1386","54G",54,"000724CD8F","2023.03.02","G118","1",1899-12-30 15:01:00,"GHI","4up",11.95,"RW",NA,8,"UniqueID1",8,"8P31179","Flenstad","M","2023.03.01","2023.03.04","Yoga",2,"G",28.3,1899-12-30 17:54:00,"CdG",25.9,1899-12-30 16:54:00,"RM",17.8,NA,"RSBL/ME","RFR"
"1387","54G",54,"000724CD8F","2023.03.02","G113","1",1899-12-30 10:00:00,"GHI","4up",11.3,"SL",NA,3,"UniqueID1",3,"8P31179","Flenstad","M","2023.03.01","2023.03.04","Yoga",2,"G",28.3,1899-12-30 17:54:00,"CdG",25.9,1899-12-30 16:54:00,"RM",17.8,NA,"RSBL/ME","RFR"
"1388","54G",54,"000724CD8F","2023.03.02","G117","1",1899-12-30 14:00:00,"GHI","5up",12,"RW",NA,7,"UniqueID1",7,"8P31179","Flenstad","M","2023.03.01","2023.03.04","Yoga",2,"G",28.3,1899-12-30 17:54:00,"CdG",25.9,1899-12-30 16:54:00,"RM",17.8,NA,"RSBL/ME","RFR"
"1389","54G",54,"000724CD8F","2023.03.02","G114","1",1899-12-30 11:00:00,"GHI","6up",11.55,"SL",NA,4,"UniqueID1",4,"8P31179","Flenstad","M","2023.03.01","2023.03.04","Yoga",2,"G",28.3,1899-12-30 17:54:00,"CdG",25.9,1899-12-30 16:54:00,"RM",17.8,NA,"RSBL/ME","RFR"
"1390","54G",54,"000724CD8F","2023.03.02","G116","1",1899-12-30 13:01:00,"GHI","6up",12,"SL",NA,6,"UniqueID1",6,"8P31179","Flenstad","M","2023.03.01","2023.03.04","Yoga",2,"G",28.3,1899-12-30 17:54:00,"CdG",25.9,1899-12-30 16:54:00,"RM",17.8,NA,"RSBL/ME","RFR"
"1391","54H",54,"000724BF5E","2023.03.02","G119","1",1899-12-30 16:00:00,"GHI","5up",12,"RW",NA,9,"UniqueID2",9,"8P14996","Flenstad","M","2023.03.01","2023.03.04","Ghost",2,"H",30.5,1899-12-30 18:00:00,"CdG",29,1899-12-30 16:58:00,"RM",NA,NA,"RFRS","R/ME"
"1392","54H",54,"000724BF5E","2023.03.02","G118","1",1899-12-30 15:01:00,"GHI","4up",11.95,"RW",NA,8,"UniqueID2",8,"8P14996","Flenstad","M","2023.03.01","2023.03.04","Ghost",2,"H",30.5,1899-12-30 18:00:00,"CdG",29,1899-12-30 16:58:00,"RM",NA,NA,"RFRS","R/ME"
"1393","54H",54,"000724BF5E","2023.03.02","G112","1",1899-12-30 09:00:00,"GHI","5up",11.65,"SL",NA,2,"UniqueID2",2,"8P14996","Flenstad","M","2023.03.01","2023.03.04","Ghost",2,"H",30.5,1899-12-30 18:00:00,"CdG",29,1899-12-30 16:58:00,"RM",NA,NA,"RFRS","R/ME"
"1394","54H",54,"000724BF5E","2023.03.02","G111","1",1899-12-30 08:01:00,"GHI","6up",12,"SL",NA,1,"UniqueID2",1,"8P14996","Flenstad","M","2023.03.01","2023.03.04","Ghost",2,"H",30.5,1899-12-30 18:00:00,"CdG",29,1899-12-30 16:58:00,"RM",NA,NA,"RFRS","R/ME"
"1395","54H",54,"000724BF5E","2023.03.02","G116","1",1899-12-30 13:01:00,"GHI","6up",12,"SL",NA,6,"UniqueID2",6,"8P14996","Flenstad","M","2023.03.01","2023.03.04","Ghost",2,"H",30.5,1899-12-30 18:00:00,"CdG",29,1899-12-30 16:58:00,"RM",NA,NA,"RFRS","R/ME"
"1396","54H",54,"000724BF5E","2023.03.02","G120","1",1899-12-30 17:00:00,"GHI","1up",11.9,"RW",NA,10,"UniqueID2",10,"8P14996","Flenstad","M","2023.03.01","2023.03.04","Ghost",2,"H",30.5,1899-12-30 18:00:00,"CdG",29,1899-12-30 16:58:00,"RM",NA,NA,"RFRS","R/ME"
"1397","54H",54,"000724BF5E","2023.03.02","G114","1",1899-12-30 11:00:00,"GHI","6up",11.55,"SL",NA,4,"UniqueID2",4,"8P14996","Flenstad","M","2023.03.01","2023.03.04","Ghost",2,"H",30.5,1899-12-30 18:00:00,"CdG",29,1899-12-30 16:58:00,"RM",NA,NA,"RFRS","R/ME"
"1398","54H",54,"000724BF5E","2023.03.02","G113","1",1899-12-30 10:00:00,"GHI","4up",11.3,"SL",NA,3,"UniqueID2",3,"8P14996","Flenstad","M","2023.03.01","2023.03.04","Ghost",2,"H",30.5,1899-12-30 18:00:00,"CdG",29,1899-12-30 16:58:00,"RM",NA,NA,"RFRS","R/ME"
"1399","54H",54,"000724BF5E","2023.03.02","G117","1",1899-12-30 14:00:00,"GHI","5up",12,"RW",NA,7,"UniqueID2",7,"8P14996","Flenstad","M","2023.03.01","2023.03.04","Ghost",2,"H",30.5,1899-12-30 18:00:00,"CdG",29,1899-12-30 16:58:00,"RM",NA,NA,"RFRS","R/ME"
"1400","54H",54,"000724BF5E","2023.03.02","G115","1",1899-12-30 12:00:00,"GHI","3up",12,"SL",NA,5,"UniqueID2",5,"8P14996","Flenstad","M","2023.03.01","2023.03.04","Ghost",2,"H",30.5,1899-12-30 18:00:00,"CdG",29,1899-12-30 16:58:00,"RM",NA,NA,"RFRS","R/ME"
"1401","54I",54,"000724CC0F","2023.03.02","G119","1",1899-12-30 16:00:00,"GHI","5up",12,"RW",NA,9,"UniqueID3",9,"8P11558","Flenstad","M","2023.03.01","2023.03.04","Footballer",2,"I",30.2,1899-12-30 18:03:00,"RM",28,1899-12-30 17:03:00,"RM",17.2,"Thickened barcode with a black marker","RFO","DG/ME"
"1402","54I",54,"000724CC0F","2023.03.02","G120","1",1899-12-30 17:00:00,"GHI","1up",11.9,"RW",NA,10,"UniqueID3",10,"8P11558","Flenstad","M","2023.03.01","2023.03.04","Footballer",2,"I",30.2,1899-12-30 18:03:00,"RM",28,1899-12-30 17:03:00,"RM",17.2,"Thickened barcode with a black marker","RFO","DG/ME"
"1403","54I",54,"000724CC0F","2023.03.02","G111","1",1899-12-30 08:01:00,"GHI","6up",12,"SL",NA,1,"UniqueID3",1,"8P11558","Flenstad","M","2023.03.01","2023.03.04","Footballer",2,"I",30.2,1899-12-30 18:03:00,"RM",28,1899-12-30 17:03:00,"RM",17.2,"Thickened barcode with a black marker","RFO","DG/ME"
"1404","54I",54,"000724CC0F","2023.03.02","G113","1",1899-12-30 10:00:00,"GHI","4up",11.3,"SL",NA,3,"UniqueID3",3,"8P11558","Flenstad","M","2023.03.01","2023.03.04","Footballer",2,"I",30.2,1899-12-30 18:03:00,"RM",28,1899-12-30 17:03:00,"RM",17.2,"Thickened barcode with a black marker","RFO","DG/ME"
"1405","54I",54,"000724CC0F","2023.03.02","G116","1",1899-12-30 13:01:00,"GHI","6up",12,"SL",NA,6,"UniqueID3",6,"8P11558","Flenstad","M","2023.03.01","2023.03.04","Footballer",2,"I",30.2,1899-12-30 18:03:00,"RM",28,1899-12-30 17:03:00,"RM",17.2,"Thickened barcode with a black marker","RFO","DG/ME"
"1406","54I",54,"000724CC0F","2023.03.02","G114","1",1899-12-30 11:00:00,"GHI","6up",11.55,"SL",NA,4,"UniqueID3",4,"8P11558","Flenstad","M","2023.03.01","2023.03.04","Footballer",2,"I",30.2,1899-12-30 18:03:00,"RM",28,1899-12-30 17:03:00,"RM",17.2,"Thickened barcode with a black marker","RFO","DG/ME"
"1407","54I",54,"000724CC0F","2023.03.02","G112","1",1899-12-30 09:00:00,"GHI","5up",11.65,"SL",NA,2,"UniqueID3",2,"8P11558","Flenstad","M","2023.03.01","2023.03.04","Footballer",2,"I",30.2,1899-12-30 18:03:00,"RM",28,1899-12-30 17:03:00,"RM",17.2,"Thickened barcode with a black marker","RFO","DG/ME"
"1408","54I",54,"000724CC0F","2023.03.02","G117","1",1899-12-30 14:00:00,"GHI","5up",12,"RW",NA,7,"UniqueID3",7,"8P11558","Flenstad","M","2023.03.01","2023.03.04","Footballer",2,"I",30.2,1899-12-30 18:03:00,"RM",28,1899-12-30 17:03:00,"RM",17.2,"Thickened barcode with a black marker","RFO","DG/ME"
"1409","54I",54,"000724CC0F","2023.03.02","G115","1",1899-12-30 12:00:00,"GHI","3up",12,"SL",NA,5,"UniqueID3",5,"8P11558","Flenstad","M","2023.03.01","2023.03.04","Footballer",2,"I",30.2,1899-12-30 18:03:00,"RM",28,1899-12-30 17:03:00,"RM",17.2,"Thickened barcode with a black marker","RFO","DG/ME"
"1410","54I",54,"000724CC0F","2023.03.02","G118","1",1899-12-30 15:01:00,"GHI","4up",11.95,"RW",NA,8,"UniqueID3",8,"8P11558","Flenstad","M","2023.03.01","2023.03.04","Footballer",2,"I",30.2,1899-12-30 18:03:00,"RM",28,1899-12-30 17:03:00,"RM",17.2,"Thickened barcode with a black marker","RFO","DG/ME"
"1411","54J",54,"000724CD88","2023.03.02","G114","2",1899-12-30 11:00:00,"JKL","4down",10.65,"SL",NA,4,"UniqueID1",4,"8P26898","Flenstad","F","2023.03.01","2023.03.04","Lemur",2,"J",28.4,1899-12-30 18:05:00,"CdG",27.1,1899-12-30 16:47:00,"RM",NA,NA,"ME/R","RFY"
"1412","54J",54,"000724CD88","2023.03.02","G116","2",1899-12-30 13:01:00,"JKL","5up",9.95,"SL",NA,6,"UniqueID1",6,"8P26898","Flenstad","F","2023.03.01","2023.03.04","Lemur",2,"J",28.4,1899-12-30 18:05:00,"CdG",27.1,1899-12-30 16:47:00,"RM",NA,NA,"ME/R","RFY"
"1413","54J",54,"000724CD88","2023.03.02","G118","2",1899-12-30 15:01:00,"JKL","2up",10.6,"RW",NA,8,"UniqueID1",8,"8P26898","Flenstad","F","2023.03.01","2023.03.04","Lemur",2,"J",28.4,1899-12-30 18:05:00,"CdG",27.1,1899-12-30 16:47:00,"RM",NA,NA,"ME/R","RFY"
"1414","54J",54,"000724CD88","2023.03.02","G112","2",1899-12-30 09:00:00,"JKL","5up",10.55,"SL",NA,2,"UniqueID1",2,"8P26898","Flenstad","F","2023.03.01","2023.03.04","Lemur",2,"J",28.4,1899-12-30 18:05:00,"CdG",27.1,1899-12-30 16:47:00,"RM",NA,NA,"ME/R","RFY"
"1415","54J",54,"000724CD88","2023.03.02","G120","2",1899-12-30 17:00:00,"JKL","3down",10.6,"RW",NA,10,"UniqueID1",10,"8P26898","Flenstad","F","2023.03.01","2023.03.04","Lemur",2,"J",28.4,1899-12-30 18:05:00,"CdG",27.1,1899-12-30 16:47:00,"RM",NA,NA,"ME/R","RFY"
"1416","54J",54,"000724CD88","2023.03.02","G119","2",1899-12-30 16:00:00,"JKL","1up",9.15,"RW",NA,9,"UniqueID1",9,"8P26898","Flenstad","F","2023.03.01","2023.03.04","Lemur",2,"J",28.4,1899-12-30 18:05:00,"CdG",27.1,1899-12-30 16:47:00,"RM",NA,NA,"ME/R","RFY"
"1417","54J",54,"000724CD88","2023.03.02","G113","2",1899-12-30 10:00:00,"JKL","4up",10.15,"SL",NA,3,"UniqueID1",3,"8P26898","Flenstad","F","2023.03.01","2023.03.04","Lemur",2,"J",28.4,1899-12-30 18:05:00,"CdG",27.1,1899-12-30 16:47:00,"RM",NA,NA,"ME/R","RFY"
"1418","54J",54,"000724CD88","2023.03.02","G111","2",1899-12-30 08:01:00,"JKL","2up",10.05,"SL",NA,1,"UniqueID1",1,"8P26898","Flenstad","F","2023.03.01","2023.03.04","Lemur",2,"J",28.4,1899-12-30 18:05:00,"CdG",27.1,1899-12-30 16:47:00,"RM",NA,NA,"ME/R","RFY"
"1419","54J",54,"000724CD88","2023.03.02","G115","2",1899-12-30 12:00:00,"JKL","4up",9.7,"SL",NA,5,"UniqueID1",5,"8P26898","Flenstad","F","2023.03.01","2023.03.04","Lemur",2,"J",28.4,1899-12-30 18:05:00,"CdG",27.1,1899-12-30 16:47:00,"RM",NA,NA,"ME/R","RFY"
"1420","54J",54,"000724CD88","2023.03.02","G117","2",1899-12-30 14:00:00,"JKL","4up",7.9,"RW",NA,7,"UniqueID1",7,"8P26898","Flenstad","F","2023.03.01","2023.03.04","Lemur",2,"J",28.4,1899-12-30 18:05:00,"CdG",27.1,1899-12-30 16:47:00,"RM",NA,NA,"ME/R","RFY"
"1421","54K",54,"000724F7AE","2023.03.02","G118","2",1899-12-30 15:01:00,"JKL","2up",10.6,"RW",NA,8,"UniqueID2",8,"8P31183","Flenstad","F","2023.03.01","2023.03.04","J",2,"K",29.1,1899-12-30 18:14:00,"CdG",26.6,1899-12-30 17:06:00,"RM",18.9,"Thickened barcode with a black marker","BLY/ME","RFR"
"1422","54K",54,"000724F7AE","2023.03.02","G116","2",1899-12-30 13:01:00,"JKL","5up",9.95,"SL",NA,6,"UniqueID2",6,"8P31183","Flenstad","F","2023.03.01","2023.03.04","J",2,"K",29.1,1899-12-30 18:14:00,"CdG",26.6,1899-12-30 17:06:00,"RM",18.9,"Thickened barcode with a black marker","BLY/ME","RFR"
"1423","54K",54,"000724F7AE","2023.03.02","G119","2",1899-12-30 16:00:00,"JKL","1up",9.15,"RW",NA,9,"UniqueID2",9,"8P31183","Flenstad","F","2023.03.01","2023.03.04","J",2,"K",29.1,1899-12-30 18:14:00,"CdG",26.6,1899-12-30 17:06:00,"RM",18.9,"Thickened barcode with a black marker","BLY/ME","RFR"
"1424","54K",54,"000724F7AE","2023.03.02","G117","2",1899-12-30 14:00:00,"JKL","4up",7.9,"RW",NA,7,"UniqueID2",7,"8P31183","Flenstad","F","2023.03.01","2023.03.04","J",2,"K",29.1,1899-12-30 18:14:00,"CdG",26.6,1899-12-30 17:06:00,"RM",18.9,"Thickened barcode with a black marker","BLY/ME","RFR"
"1425","54K",54,"000724F7AE","2023.03.02","G113","2",1899-12-30 10:00:00,"JKL","4up",10.15,"SL",NA,3,"UniqueID2",3,"8P31183","Flenstad","F","2023.03.01","2023.03.04","J",2,"K",29.1,1899-12-30 18:14:00,"CdG",26.6,1899-12-30 17:06:00,"RM",18.9,"Thickened barcode with a black marker","BLY/ME","RFR"
"1426","54K",54,"000724F7AE","2023.03.02","G114","2",1899-12-30 11:00:00,"JKL","4down",10.65,"SL",NA,4,"UniqueID2",4,"8P31183","Flenstad","F","2023.03.01","2023.03.04","J",2,"K",29.1,1899-12-30 18:14:00,"CdG",26.6,1899-12-30 17:06:00,"RM",18.9,"Thickened barcode with a black marker","BLY/ME","RFR"
"1427","54K",54,"000724F7AE","2023.03.02","G112","2",1899-12-30 09:00:00,"JKL","5up",10.55,"SL",NA,2,"UniqueID2",2,"8P31183","Flenstad","F","2023.03.01","2023.03.04","J",2,"K",29.1,1899-12-30 18:14:00,"CdG",26.6,1899-12-30 17:06:00,"RM",18.9,"Thickened barcode with a black marker","BLY/ME","RFR"
"1428","54K",54,"000724F7AE","2023.03.02","G115","2",1899-12-30 12:00:00,"JKL","4up",9.7,"SL",NA,5,"UniqueID2",5,"8P31183","Flenstad","F","2023.03.01","2023.03.04","J",2,"K",29.1,1899-12-30 18:14:00,"CdG",26.6,1899-12-30 17:06:00,"RM",18.9,"Thickened barcode with a black marker","BLY/ME","RFR"
"1429","54K",54,"000724F7AE","2023.03.02","G111","2",1899-12-30 08:01:00,"JKL","2up",10.05,"SL",NA,1,"UniqueID2",1,"8P31183","Flenstad","F","2023.03.01","2023.03.04","J",2,"K",29.1,1899-12-30 18:14:00,"CdG",26.6,1899-12-30 17:06:00,"RM",18.9,"Thickened barcode with a black marker","BLY/ME","RFR"
"1430","54K",54,"000724F7AE","2023.03.02","G120","2",1899-12-30 17:00:00,"JKL","3down",10.6,"RW",NA,10,"UniqueID2",10,"8P31183","Flenstad","F","2023.03.01","2023.03.04","J",2,"K",29.1,1899-12-30 18:14:00,"CdG",26.6,1899-12-30 17:06:00,"RM",18.9,"Thickened barcode with a black marker","BLY/ME","RFR"
"1431","54L",54,"000724DE7B","2023.03.02","G116","2",1899-12-30 13:01:00,"JKL","5up",9.95,"SL",NA,6,"UniqueID3",6,"8P14994","Flenstad","F","2023.03.01","2023.03.04","Water_faucet",2,"L",28,1899-12-30 18:08:00,"RM",28.2,1899-12-30 16:41:00,"RM",17.6,"Thickened barcode with a black marker","MB/ME","RFO"
"1432","54L",54,"000724DE7B","2023.03.02","G111","2",1899-12-30 08:01:00,"JKL","2up",10.05,"SL",NA,1,"UniqueID3",1,"8P14994","Flenstad","F","2023.03.01","2023.03.04","Water_faucet",2,"L",28,1899-12-30 18:08:00,"RM",28.2,1899-12-30 16:41:00,"RM",17.6,"Thickened barcode with a black marker","MB/ME","RFO"
"1433","54L",54,"000724DE7B","2023.03.02","G120","2",1899-12-30 17:00:00,"JKL","3down",10.6,"RW",NA,10,"UniqueID3",10,"8P14994","Flenstad","F","2023.03.01","2023.03.04","Water_faucet",2,"L",28,1899-12-30 18:08:00,"RM",28.2,1899-12-30 16:41:00,"RM",17.6,"Thickened barcode with a black marker","MB/ME","RFO"
"1434","54L",54,"000724DE7B","2023.03.02","G115","2",1899-12-30 12:00:00,"JKL","4up",9.7,"SL",NA,5,"UniqueID3",5,"8P14994","Flenstad","F","2023.03.01","2023.03.04","Water_faucet",2,"L",28,1899-12-30 18:08:00,"RM",28.2,1899-12-30 16:41:00,"RM",17.6,"Thickened barcode with a black marker","MB/ME","RFO"
"1435","54L",54,"000724DE7B","2023.03.02","G117","2",1899-12-30 14:00:00,"JKL","4up",7.9,"RW",NA,7,"UniqueID3",7,"8P14994","Flenstad","F","2023.03.01","2023.03.04","Water_faucet",2,"L",28,1899-12-30 18:08:00,"RM",28.2,1899-12-30 16:41:00,"RM",17.6,"Thickened barcode with a black marker","MB/ME","RFO"
"1436","54L",54,"000724DE7B","2023.03.02","G113","2",1899-12-30 10:00:00,"JKL","4up",10.15,"SL",NA,3,"UniqueID3",3,"8P14994","Flenstad","F","2023.03.01","2023.03.04","Water_faucet",2,"L",28,1899-12-30 18:08:00,"RM",28.2,1899-12-30 16:41:00,"RM",17.6,"Thickened barcode with a black marker","MB/ME","RFO"
"1437","54L",54,"000724DE7B","2023.03.02","G118","2",1899-12-30 15:01:00,"JKL","2up",10.6,"RW",NA,8,"UniqueID3",8,"8P14994","Flenstad","F","2023.03.01","2023.03.04","Water_faucet",2,"L",28,1899-12-30 18:08:00,"RM",28.2,1899-12-30 16:41:00,"RM",17.6,"Thickened barcode with a black marker","MB/ME","RFO"
"1438","54L",54,"000724DE7B","2023.03.02","G112","2",1899-12-30 09:00:00,"JKL","5up",10.55,"SL",NA,2,"UniqueID3",2,"8P14994","Flenstad","F","2023.03.01","2023.03.04","Water_faucet",2,"L",28,1899-12-30 18:08:00,"RM",28.2,1899-12-30 16:41:00,"RM",17.6,"Thickened barcode with a black marker","MB/ME","RFO"
"1439","54L",54,"000724DE7B","2023.03.02","G114","2",1899-12-30 11:00:00,"JKL","4down",10.65,"SL",NA,4,"UniqueID3",4,"8P14994","Flenstad","F","2023.03.01","2023.03.04","Water_faucet",2,"L",28,1899-12-30 18:08:00,"RM",28.2,1899-12-30 16:41:00,"RM",17.6,"Thickened barcode with a black marker","MB/ME","RFO"
"1440","54L",54,"000724DE7B","2023.03.02","G119","2",1899-12-30 16:00:00,"JKL","1up",9.15,"RW",NA,9,"UniqueID3",9,"8P14994","Flenstad","F","2023.03.01","2023.03.04","Water_faucet",2,"L",28,1899-12-30 18:08:00,"RM",28.2,1899-12-30 16:41:00,"RM",17.6,"Thickened barcode with a black marker","MB/ME","RFO"
